ID_Venda;ID_Loja;Produto;Categoria;Data_Venda;Qtd;Valor_Unitario
1;101;Câmera;Eletrônicos;2026-02-08;4.0;R$ 1455,83
2;105;Cabo HDMI;Acessórios;2026-01-03;4.0;R$ 96,78
3;105;Filtro de Linha;Acessórios;2026-02-19;;R$ 287,11
4;103;Mesa de Escritório;Móveis;2026-01-25;6.0;R$ 524,86
5;103;Câmera;Eletrônicos;2026-02-18;2.0;R$ 5373,64
6;105;Mesa de Escritório;Móveis;2026-03-03;1.0;R$ 1754,78
7;101;Hub USB;Acessórios;2026-02-21;6.0;R$ 73,68
8;101;Webcam;Periféricos;2026-03-08;3.0;R$ 172,55
9;102;Cadeira Gamer;Móveis;2026-01-27;1.0;R$ 2071,1
10;105;   mesa de escritório  ;Móveis;2026-03-16;7.0;R$ 2246,3
11;105;   gaveteiro  ;Móveis;2026-03-13;6.0;R$ 782,51
12;101;Monitor;Eletrônicos;2026-03-06;7.0;R$ 3603,12
13;103;Câmera;Eletrônicos;2026-03-04;9.0;R$ 4329,13
14;102;   cabo hdmi  ;Acessórios;2026-03-24;5.0;R$ 340,72
15;103;   teclado  ;Periféricos;2026-02-25;3.0;R$ 198,0
16;103;   cabo hdmi  ;Acessórios;2026-01-12;5.0;R$ 99,02
17;104;Smart TV;Eletrônicos;2026-01-05;8.0;R$ 5250,19
18;102;Microfone;Periféricos;2026-02-13;6.0;R$ 164,57
19;103;Smart TV;Eletrônicos;2026-03-08;;R$ 1835,02
20;101;Cadeira Gamer;Móveis;2026-03-08;5.0;R$ 1771,75
21;105;Filtro de Linha;Acessórios;2026-02-26;;R$ 82,84
22;104;   câmera  ;Eletrônicos;2026-03-21;2.0;R$ 1084,88
23;102;   webcam  ;Periféricos;2026-02-05;7.0;R$ 80,55
24;105;Notebook;Eletrônicos;2026-03-18;1.0;R$ 5354,28
25;104;Filtro de Linha;Acessórios;2026-02-02;3.0;R$ 145,06
26;104;Gaveteiro;Móveis;2026-03-24;9.0;R$ 1756,12
27;101;Câmera;Eletrônicos;2026-02-02;1.0;R$ 3545,63
28;105;Monitor;Eletrônicos;2026-01-20;2.0;R$ 3973,5
29;102;Smart TV;Eletrônicos;2026-01-14;10.0;R$ 3456,57
30;103;   headset  ;Periféricos;2026-02-05;5.0;R$ 170,88
31;105;Notebook;Eletrônicos;2026-03-07;9.0;R$ 2046,44
32;103;Mesa de Escritório;Móveis;2026-02-27;9.0;R$ 1847,79
33;101;Cadeira Gamer;Móveis;2026-01-09;2.0;R$ 2257,37
34;102;   mesa de escritório  ;Móveis;2026-03-21;5.0;R$ 1411,9
35;104;Cadeira Gamer;Móveis;2026-01-11;3.0;R$ 1701,65
36;104;   notebook  ;Eletrônicos;2026-01-23;3.0;R$ 3364,27
37;102;   tablet  ;Eletrônicos;2026-02-26;1.0;R$ 5024,95
38;105;Capa Protetora;Acessórios;2026-03-05;4.0;R$ 305,32
39;101;Microfone;Periféricos;2026-02-26;7.0;R$ 284,74
40;101;Cabo HDMI;Acessórios;2026-02-08;4.0;R$ 289,47
41;102;Mouse;Periféricos;2026-03-07;7.0;R$ 128,33
42;105;Capa Protetora;Acessórios;2026-02-01;2.0;R$ 309,42
43;101;Smart TV;Eletrônicos;2026-02-12;6.0;R$ 2851,05
44;102;Cadeira Gamer;Móveis;2026-03-14;1.0;R$ 1443,82
45;102;Gaveteiro;Móveis;2026-01-22;6.0;R$ 1670,94
46;105;Gaveteiro;Móveis;2026-02-13;5.0;R$ 1519,71
47;102;Gaveteiro;Móveis;2026-03-27;1.0;R$ 968,52
48;103;Carregador;Acessórios;2026-02-22;4.0;R$ 188,69
49;101;   suporte monitor  ;Móveis;2026-01-27;4.0;R$ 1780,15
50;102;Capa Protetora;Acessórios;2026-01-15;7.0;R$ 312,43
51;104;Teclado;Periféricos;2026-03-23;1.0;R$ 314,58
52;102;   microfone  ;Periféricos;2026-03-15;1.0;R$ 203,94
53;104;Gaveteiro;Móveis;2026-03-27;9.0;R$ 1238,83
54;104;Hub USB;Acessórios;2026-01-27;5.0;R$ 272,72
55;101;Mesa de Escritório;Móveis;2026-02-11;;R$ 2264,66
56;102;Mouse;Periféricos;2026-02-14;6.0;R$ 199,06
57;105;Smart TV;Eletrônicos;2026-02-16;1.0;R$ 5230,89
58;104;Mousepad;Periféricos;2026-01-09;7.0;R$ 180,26
59;102;   filtro de linha  ;Acessórios;2026-03-18;1.0;R$ 319,29
60;104;Mousepad;Periféricos;2026-01-02;5.0;R$ 145,1
61;104;Gaveteiro;Móveis;2026-02-27;2.0;R$ 1334,68
62;102;Câmera;;2026-01-25;1.0;R$ 5263,18
63;102;Cabo HDMI;Acessórios;2026-03-07;8.0;R$ 250,82
64;101;Headset;Periféricos;2026-01-19;1.0;R$ 326,53
65;102;Smart TV;Eletrônicos;2026-03-27;4.0;R$ 1278,94
66;101;Tablet;;2026-03-14;6.0;R$ 1124,1
67;104;Smartphone;Eletrônicos;2026-02-21;8.0;R$ 4124,35
68;103;   carregador  ;Acessórios;2026-02-27;10.0;R$ 108,57
69;104;Mousepad;Periféricos;2026-03-20;7.0;R$ 131,01
70;103;Suporte Monitor;Móveis;2026-02-20;5.0;R$ 1522,74
71;104;   capa protetora  ;Acessórios;2026-01-23;8.0;R$ 233,15
72;102;Filtro de Linha;Acessórios;2026-02-22;10.0;R$ 141,78
73;105;Suporte Monitor;Móveis;2026-03-15;5.0;R$ 974,57
74;105;Teclado;Periféricos;2026-01-24;8.0;R$ 111,24
75;101;   headset  ;Periféricos;2026-01-12;3.0;R$ 119,75
76;101;Mesa de Escritório;Móveis;2026-03-28;;R$ 525,69
77;103;Mouse;Periféricos;2026-02-28;;R$ 57,65
78;101;Teclado;Periféricos;2026-03-10;2.0;R$ 347,99
79;105;Webcam;Periféricos;2026-02-15;8.0;R$ 118,13
80;101;   monitor  ;Eletrônicos;2026-03-07;5.0;R$ 3904,01
81;101;Carregador;Acessórios;2026-03-20;8.0;R$ 116,12
82;104;Câmera;Eletrônicos;2026-01-09;10.0;R$ 3907,56
83;102;Mesa de Escritório;Móveis;2026-01-02;3.0;R$ 2043,78
84;104;   smartphone  ;Eletrônicos;2026-03-10;7.0;R$ 5230,58
85;101;Hub USB;Acessórios;2026-03-09;1.0;R$ 50,14
86;101;Cadeira Gamer;Móveis;2026-01-16;9.0;R$ 1733,32
87;104;Smartphone;Eletrônicos;2026-02-14;6.0;R$ 2308,97
88;104;Gaveteiro;Móveis;2026-03-02;8.0;R$ 493,73
89;105;Câmera;Eletrônicos;2026-03-15;7.0;R$ 1054,76
90;104;   monitor  ;Eletrônicos;2026-02-18;3.0;R$ 5160,06
91;105;Microfone;Periféricos;2026-01-10;9.0;R$ 24,51
92;101;Cabo HDMI;Acessórios;2026-03-27;3.0;R$ 184,46
93;104;Filtro de Linha;Acessórios;2026-02-18;3.0;R$ 146,58
94;101;Gaveteiro;Móveis;2026-02-26;;R$ 887,78
95;105;Filtro de Linha;Acessórios;2026-02-18;8.0;R$ 133,89
96;103;Microfone;;2026-01-19;7.0;R$ 97,08
97;104;Filtro de Linha;Acessórios;2026-02-02;3.0;R$ 185,76
98;104;Smart TV;Eletrônicos;2026-02-01;3.0;R$ 2726,9
99;103;Gaveteiro;Móveis;2026-03-03;6.0;R$ 2175,15
100;104;   smart tv  ;Eletrônicos;2026-01-08;5.0;R$ 5487,9
101;101;Filtro de Linha;Acessórios;2026-03-10;1.0;R$ 35,18
102;102;Webcam;Periféricos;2026-02-19;;R$ 76,09
103;102;Capa Protetora;Acessórios;2026-01-08;8.0;R$ 230,51
104;104;Mesa de Escritório;Móveis;2026-01-15;6.0;R$ 2472,83
105;104;Mesa de Escritório;Móveis;2026-02-28;8.0;R$ 534,64
106;103;   câmera  ;Eletrônicos;2026-02-09;1.0;R$ 3459,87
107;105;Hub USB;Acessórios;2026-01-20;6.0;R$ 92,27
108;102;   câmera  ;Eletrônicos;2026-03-02;;R$ 4506,47
109;103;Gaveteiro;Móveis;2026-01-07;3.0;R$ 2030,33
110;103;Headset;Periféricos;2026-02-26;5.0;R$ 266,36
111;102;Microfone;Periféricos;2026-03-22;7.0;R$ 339,2
112;101;   cadeira gamer  ;Móveis;2026-02-12;5.0;R$ 1586,03
113;102;Cabo HDMI;Acessórios;2026-03-18;6.0;R$ 322,03
114;103;Cabo HDMI;Acessórios;2026-01-02;1.0;R$ 120,44
115;102;Carregador;Acessórios;2026-02-22;9.0;R$ 158,31
116;101;Capa Protetora;Acessórios;2026-02-09;1.0;R$ 247,79
117;103;Câmera;Eletrônicos;2026-02-18;6.0;R$ 1084,59
118;104;Câmera;Eletrônicos;2026-01-21;;R$ 5364,14
119;105;   mouse  ;Periféricos;2026-03-07;10.0;R$ 91,26
120;105;   tablet  ;Eletrônicos;2026-01-05;9.0;R$ 1978,07
121;101;Mesa de Escritório;Móveis;2026-03-11;;R$ 683,34
122;101;   carregador  ;Acessórios;2026-02-17;10.0;R$ 55,99
123;105;   gaveteiro  ;Móveis;2026-03-01;1.0;R$ 2496,89
124;104;Notebook;Eletrônicos;2026-02-20;3.0;R$ 1108,71
125;103;   capa protetora  ;Acessórios;2026-03-10;8.0;R$ 186,83
126;105;   mousepad  ;Periféricos;2026-02-08;7.0;R$ 131,85
127;104;   suporte monitor  ;Móveis;2026-02-05;8.0;R$ 447,69
128;103;Webcam;Periféricos;2026-01-19;9.0;R$ 205,36
129;104;Tablet;Eletrônicos;2026-03-10;6.0;R$ 1286,92
130;101;Suporte Monitor;Móveis;2026-01-25;5.0;R$ 1563,02
131;105;Smart TV;Eletrônicos;2026-03-27;5.0;R$ 936,08
132;103;   monitor  ;Eletrônicos;2026-01-19;7.0;R$ 1127,05
133;105;Mousepad;Periféricos;2026-02-15;6.0;R$ 71,95
134;105;Notebook;Eletrônicos;2026-01-06;;R$ 1033,88
135;105;Carregador;Acessórios;2026-02-07;9.0;R$ 57,56
136;104;Cadeira Gamer;Móveis;2026-01-13;10.0;R$ 420,52
137;103;Suporte Monitor;Móveis;2026-01-01;8.0;R$ 1943,43
138;105;Cadeira Gamer;Móveis;2026-02-28;1.0;R$ 1259,68
139;104;Carregador;Acessórios;2026-02-04;7.0;R$ 26,88
140;103;Smartphone;Eletrônicos;2026-01-08;7.0;R$ 3567,7
141;103;Headset;Periféricos;2026-01-03;9.0;R$ 228,96
142;103;Teclado;Periféricos;2026-01-05;5.0;R$ 85,1
143;102;Carregador;Acessórios;2026-03-25;10.0;R$ 168,14
144;105;Suporte Monitor;Móveis;2026-01-15;2.0;R$ 1331,63
145;103;Tablet;Eletrônicos;2026-02-15;1.0;R$ 1067,38
146;101;Carregador;Acessórios;2026-03-18;1.0;R$ 168,41
147;104;   mouse  ;Periféricos;2026-02-04;;R$ 344,19
148;104;Capa Protetora;Acessórios;2026-03-20;3.0;R$ 140,09
149;105;Câmera;Eletrônicos;2026-03-11;2.0;R$ 2349,55
150;105;Headset;Periféricos;2026-01-19;3.0;R$ 322,53
151;102;Tablet;Eletrônicos;2026-03-13;6.0;R$ 4621,97
152;105;Câmera;Eletrônicos;2026-03-14;9.0;R$ 2500,59
153;104;Teclado;Periféricos;2026-01-05;2.0;R$ 117,61
154;105;Câmera;Eletrônicos;2026-02-25;10.0;R$ 1415,93
155;105;Microfone;Periféricos;2026-02-02;7.0;R$ 140,22
156;104;Webcam;Periféricos;2026-01-10;8.0;R$ 318,31
157;104;Hub USB;Acessórios;2026-02-17;9.0;R$ 158,16
158;103;Câmera;Eletrônicos;2026-02-28;6.0;R$ 3406,34
159;103;Monitor;Eletrônicos;2026-02-15;9.0;R$ 1492,54
160;104;Cadeira Gamer;Móveis;2026-02-02;7.0;R$ 1404,42
161;101;Cadeira Gamer;Móveis;2026-03-21;6.0;R$ 2041,04
162;102;Carregador;Acessórios;2026-03-01;2.0;R$ 26,27
163;105;Cabo HDMI;Acessórios;2026-02-08;5.0;R$ 60,21
164;101;Smartphone;Eletrônicos;2026-03-18;1.0;R$ 3770,19
165;101;   mesa de escritório  ;Móveis;2026-03-14;;R$ 1761,62
166;105;Smartphone;;2026-02-02;7.0;R$ 5410,89
167;103;   microfone  ;Periféricos;2026-03-21;2.0;R$ 274,6
168;105;Mesa de Escritório;Móveis;2026-03-15;8.0;R$ 1689,82
169;104;Tablet;Eletrônicos;2026-01-02;4.0;R$ 4963,21
170;105;Hub USB;;2026-01-25;4.0;R$ 114,42
171;103;Tablet;Eletrônicos;2026-02-13;8.0;R$ 5004,8
172;104;Suporte Monitor;Móveis;2026-01-24;7.0;R$ 473,64
173;103;Notebook;Eletrônicos;2026-02-22;5.0;R$ 2240,53
174;103;Cabo HDMI;Acessórios;2026-03-28;6.0;R$ 222,9
175;101;   câmera  ;Eletrônicos;2026-03-13;6.0;R$ 3211,5
176;105;Cabo HDMI;Acessórios;2026-01-03;4.0;R$ 276,91
177;105;Microfone;Periféricos;2026-02-12;;R$ 166,5
178;103;Mesa de Escritório;Móveis;2026-01-01;3.0;R$ 1397,9
179;103;Filtro de Linha;Acessórios;2026-03-10;8.0;R$ 86,06
180;104;Câmera;Eletrônicos;2026-02-22;6.0;R$ 4134,84
181;102;Headset;Periféricos;2026-03-08;2.0;R$ 345,09
182;103;Gaveteiro;Móveis;2026-03-05;;R$ 2245,34
183;104;Carregador;Acessórios;2026-03-03;3.0;R$ 340,89
184;103;Webcam;Periféricos;2026-03-19;3.0;R$ 273,37
185;101;Headset;Periféricos;2026-01-06;6.0;R$ 328,46
186;103;   tablet  ;Eletrônicos;2026-01-21;9.0;R$ 2089,92
187;102;Teclado;;2026-03-20;10.0;R$ 131,41
188;101;Câmera;Eletrônicos;2026-03-09;4.0;R$ 4404,71
189;105;Suporte Monitor;Móveis;2026-02-08;;R$ 954,35
190;104;Filtro de Linha;Acessórios;2026-02-20;3.0;R$ 123,15
191;104;Headset;Periféricos;2026-03-18;2.0;R$ 125,31
192;101;Tablet;Eletrônicos;2026-02-28;10.0;R$ 2765,23
193;105;   mesa de escritório  ;Móveis;2026-01-16;9.0;R$ 1326,99
194;104;Filtro de Linha;Acessórios;2026-01-19;6.0;R$ 36,06
195;104;Cadeira Gamer;Móveis;2026-01-14;3.0;R$ 2241,4
196;104;Smart TV;Eletrônicos;2026-03-07;;R$ 3400,15
197;103;Monitor;Eletrônicos;2026-01-13;6.0;R$ 4536,02
198;102;Capa Protetora;Acessórios;2026-01-02;1.0;R$ 65,22
199;105;Headset;Periféricos;2026-03-11;3.0;R$ 149,68
200;105;Capa Protetora;Acessórios;2026-02-16;1.0;R$ 141,56
201;101;Hub USB;Acessórios;2026-03-26;10.0;R$ 210,62
202;105;Filtro de Linha;Acessórios;2026-03-08;1.0;R$ 208,95
203;104;Mousepad;Periféricos;2026-03-07;7.0;R$ 185,6
204;101;Webcam;Periféricos;2026-01-18;6.0;R$ 349,38
205;104;Suporte Monitor;Móveis;2026-03-25;5.0;R$ 1642,17
206;102;Suporte Monitor;Móveis;2026-03-07;8.0;R$ 997,49
207;103;Cadeira Gamer;Móveis;2026-03-22;9.0;R$ 1135,33
208;102;Cadeira Gamer;Móveis;2026-02-23;2.0;R$ 1062,0
209;102;Suporte Monitor;Móveis;2026-01-04;10.0;R$ 1929,96
210;102;   mouse  ;Periféricos;2026-01-14;6.0;R$ 256,73
211;105;Mousepad;Periféricos;2026-03-16;8.0;R$ 234,68
212;101;Câmera;;2026-03-08;9.0;R$ 4271,83
213;104;Mouse;Periféricos;2026-02-26;8.0;R$ 81,48
214;101;Tablet;Eletrônicos;2026-03-20;2.0;R$ 5163,74
215;105;Filtro de Linha;Acessórios;2026-03-15;5.0;R$ 83,63
216;103;Mouse;Periféricos;2026-03-11;5.0;R$ 207,37
217;104;Capa Protetora;Acessórios;2026-02-03;7.0;R$ 240,85
218;102;Tablet;Eletrônicos;2026-02-08;8.0;R$ 4342,66
219;101;Suporte Monitor;Móveis;2026-03-08;1.0;R$ 1769,13
220;103;Câmera;Eletrônicos;2026-02-12;10.0;R$ 1837,99
221;105;Gaveteiro;Móveis;2026-03-18;8.0;R$ 1966,17
222;105;Smart TV;Eletrônicos;2026-02-17;6.0;R$ 1167,08
223;105;Webcam;Periféricos;2026-03-05;3.0;R$ 128,28
224;105;   cabo hdmi  ;Acessórios;2026-03-15;1.0;R$ 169,63
225;104;Cadeira Gamer;;2026-02-09;1.0;R$ 1940,77
226;101;Notebook;Eletrônicos;2026-02-02;5.0;R$ 2721,67
227;104;Gaveteiro;Móveis;2026-02-28;7.0;R$ 1126,42
228;103;Monitor;Eletrônicos;2026-03-13;9.0;R$ 1398,53
229;103;Capa Protetora;Acessórios;2026-02-18;7.0;R$ 291,71
230;101;Câmera;Eletrônicos;2026-02-20;;R$ 1931,13
231;101;   microfone  ;Periféricos;2026-01-13;8.0;R$ 97,33
232;105;Mesa de Escritório;Móveis;2026-03-19;6.0;R$ 1570,44
233;102;Mousepad;Periféricos;2026-02-09;1.0;R$ 203,72
234;104;   cabo hdmi  ;Acessórios;2026-02-21;7.0;R$ 279,32
235;104;Webcam;Periféricos;2026-02-08;4.0;R$ 119,24
236;105;   carregador  ;Acessórios;2026-03-17;3.0;R$ 148,18
237;104;   cadeira gamer  ;Móveis;2026-03-24;4.0;R$ 413,38
238;101;Webcam;Periféricos;2026-03-22;9.0;R$ 91,62
239;101;Teclado;Periféricos;2026-03-04;8.0;R$ 321,77
240;102;Suporte Monitor;Móveis;2026-02-15;9.0;R$ 1727,19
241;104;Câmera;Eletrônicos;2026-02-25;6.0;R$ 5097,35
242;102;Mouse;Periféricos;2026-02-18;10.0;R$ 211,12
243;104;Mousepad;Periféricos;2026-03-21;6.0;R$ 104,92
244;104;Filtro de Linha;Acessórios;2026-03-26;6.0;R$ 75,86
245;105;Smart TV;Eletrônicos;2026-01-27;2.0;R$ 5242,38
246;102;Câmera;Eletrônicos;2026-01-01;4.0;R$ 3176,94
247;105;Carregador;Acessórios;2026-01-01;;R$ 202,04
248;103;   smart tv  ;Eletrônicos;2026-03-22;7.0;R$ 4588,99
249;102;Teclado;Periféricos;2026-03-17;5.0;R$ 289,02
250;104;Capa Protetora;Acessórios;2026-01-23;4.0;R$ 118,99
251;101;   smartphone  ;Eletrônicos;2026-02-13;9.0;R$ 3037,22
252;104;Cadeira Gamer;Móveis;2026-03-02;4.0;R$ 765,12
253;101;   câmera  ;Eletrônicos;2026-02-18;10.0;R$ 3893,11
254;102;Microfone;Periféricos;2026-02-03;5.0;R$ 73,61
255;105;Gaveteiro;Móveis;2026-03-05;2.0;R$ 1401,74
256;101;Gaveteiro;Móveis;2026-02-01;5.0;R$ 2023,81
257;104;Filtro de Linha;Acessórios;2026-03-19;7.0;R$ 48,28
258;101;   mesa de escritório  ;Móveis;2026-02-23;3.0;R$ 1927,24
259;103;Hub USB;Acessórios;2026-02-04;3.0;R$ 48,81
260;101;   notebook  ;Eletrônicos;2026-02-18;2.0;R$ 3605,55
261;104;   cabo hdmi  ;Acessórios;2026-03-18;4.0;R$ 208,75
262;103;   gaveteiro  ;Móveis;2026-01-03;3.0;R$ 1256,29
263;103;   microfone  ;Periféricos;2026-03-16;10.0;R$ 223,5
264;104;Gaveteiro;Móveis;2026-02-15;6.0;R$ 1247,36
265;103;Mesa de Escritório;Móveis;2026-02-11;3.0;R$ 2422,06
266;104;Headset;Periféricos;2026-02-09;7.0;R$ 140,46
267;102;Câmera;Eletrônicos;2026-02-23;4.0;R$ 2860,74
268;104;Filtro de Linha;Acessórios;2026-03-10;4.0;R$ 103,38
269;104;   capa protetora  ;Acessórios;2026-02-18;9.0;R$ 324,75
270;103;Notebook;Eletrônicos;2026-01-22;6.0;R$ 1581,79
271;104;Gaveteiro;Móveis;2026-01-01;2.0;R$ 869,22
272;105;Mousepad;Periféricos;2026-02-13;8.0;R$ 274,87
273;101;Cabo HDMI;Acessórios;2026-02-14;2.0;R$ 58,3
274;104;   webcam  ;Periféricos;2026-02-12;8.0;R$ 52,22
275;101;Notebook;Eletrônicos;2026-02-21;2.0;R$ 3982,55
276;102;Headset;Periféricos;2026-03-14;8.0;R$ 96,51
277;104;Cabo HDMI;;2026-03-20;4.0;R$ 168,36
278;103;Smart TV;Eletrônicos;2026-01-26;9.0;R$ 1678,71
279;104;Gaveteiro;Móveis;2026-03-13;10.0;R$ 551,31
280;103;   câmera  ;Eletrônicos;2026-01-11;2.0;R$ 1921,29
281;104;Capa Protetora;Acessórios;2026-01-19;7.0;R$ 159,6
282;102;Mousepad;Periféricos;2026-02-05;3.0;R$ 123,81
283;101;Filtro de Linha;Acessórios;2026-01-27;7.0;R$ 338,06
284;104;Carregador;Acessórios;2026-01-03;10.0;R$ 30,18
285;105;Mesa de Escritório;Móveis;2026-02-19;8.0;R$ 1509,4
286;103;Câmera;Eletrônicos;2026-02-18;4.0;R$ 5451,95
287;103;Smartphone;Eletrônicos;2026-02-12;2.0;R$ 2863,63
288;105;Gaveteiro;Móveis;2026-01-20;3.0;R$ 2026,67
289;105;Mesa de Escritório;Móveis;2026-02-23;5.0;R$ 936,53
290;101;Mousepad;Periféricos;2026-01-09;3.0;R$ 251,47
291;102;Carregador;Acessórios;2026-01-19;5.0;R$ 227,18
292;101;Capa Protetora;Acessórios;2026-03-09;6.0;R$ 170,05
293;101;Hub USB;Acessórios;2026-01-26;9.0;R$ 151,25
294;103;Suporte Monitor;Móveis;2026-03-19;3.0;R$ 1545,51
295;101;Notebook;Eletrônicos;2026-03-26;8.0;R$ 876,52
296;104;Microfone;Periféricos;2026-01-21;5.0;R$ 72,46
297;103;Tablet;Eletrônicos;2026-03-21;3.0;R$ 1043,4
298;104;Câmera;Eletrônicos;2026-01-01;4.0;R$ 3040,99
299;101;   câmera  ;Eletrônicos;2026-02-27;2.0;R$ 5444,33
300;104;Câmera;Eletrônicos;2026-01-04;6.0;R$ 2527,54
301;102;Mouse;Periféricos;2026-03-19;1.0;R$ 221,41
302;102;Capa Protetora;Acessórios;2026-03-15;4.0;R$ 48,61
303;104;Gaveteiro;Móveis;2026-02-26;3.0;R$ 845,13
304;105;Cadeira Gamer;Móveis;2026-03-10;4.0;R$ 1439,05
305;101;Mousepad;Periféricos;2026-02-04;4.0;R$ 184,86
306;103;Mesa de Escritório;Móveis;2026-02-28;10.0;R$ 1225,9
307;101;Smart TV;Eletrônicos;2026-01-01;5.0;R$ 1813,99
308;103;   carregador  ;Acessórios;2026-03-13;2.0;R$ 231,38
309;101;Teclado;Periféricos;2026-03-11;7.0;R$ 213,52
310;103;   filtro de linha  ;Acessórios;2026-01-08;2.0;R$ 325,13
311;102;Notebook;Eletrônicos;2026-03-05;1.0;R$ 1570,01
312;103;Headset;Periféricos;2026-01-24;5.0;R$ 261,87
313;104;   cadeira gamer  ;Móveis;2026-02-23;10.0;R$ 1680,57
314;105;Headset;Periféricos;2026-01-09;2.0;R$ 315,11
315;101;Notebook;Eletrônicos;2026-01-02;8.0;R$ 2510,69
316;101;Filtro de Linha;Acessórios;2026-02-08;7.0;R$ 322,23
317;101;Monitor;Eletrônicos;2026-01-26;9.0;R$ 5412,65
318;103;Suporte Monitor;Móveis;2026-01-18;8.0;R$ 317,53
319;105;Mousepad;Periféricos;2026-02-19;8.0;R$ 349,27
320;102;   mouse  ;Periféricos;2026-02-01;4.0;R$ 198,71
321;103;Câmera;Eletrônicos;2026-02-28;5.0;R$ 1288,56
322;101;Microfone;Periféricos;2026-02-03;1.0;R$ 324,02
323;103;Cabo HDMI;Acessórios;2026-03-04;9.0;R$ 64,06
324;104;Teclado;Periféricos;2026-02-09;6.0;R$ 325,59
325;104;Mesa de Escritório;Móveis;2026-01-07;3.0;R$ 2015,86
326;104;Gaveteiro;Móveis;2026-01-18;6.0;R$ 2422,2
327;101;   monitor  ;Eletrônicos;2026-03-10;10.0;R$ 989,55
328;102;Gaveteiro;;2026-03-02;5.0;R$ 872,37
329;104;Mouse;Periféricos;2026-02-04;;R$ 60,08
330;102;   hub usb  ;Acessórios;2026-03-21;2.0;R$ 212,17
331;101;   microfone  ;Periféricos;2026-02-26;3.0;R$ 50,35
332;104;Monitor;Eletrônicos;2026-03-14;7.0;R$ 3131,79
333;102;Suporte Monitor;Móveis;2026-02-05;1.0;R$ 1651,03
334;105;Cabo HDMI;Acessórios;2026-01-09;7.0;R$ 65,29
335;105;Smartphone;Eletrônicos;2026-03-12;8.0;R$ 3359,23
336;104;   mesa de escritório  ;Móveis;2026-01-11;10.0;R$ 781,84
337;104;Mesa de Escritório;Móveis;2026-01-04;4.0;R$ 1745,1
338;101;Webcam;Periféricos;2026-02-12;3.0;R$ 78,11
339;105;Câmera;Eletrônicos;2026-03-12;10.0;R$ 3448,95
340;104;Mesa de Escritório;;2026-02-02;2.0;R$ 423,57
341;103;   teclado  ;Periféricos;2026-02-23;3.0;R$ 323,2
342;105;Mouse;Periféricos;2026-03-28;6.0;R$ 336,98
343;101;Suporte Monitor;Móveis;2026-02-05;3.0;R$ 1911,17
344;103;Microfone;Periféricos;2026-03-23;10.0;R$ 279,71
345;103;Mesa de Escritório;Móveis;2026-01-24;1.0;R$ 2387,33
346;105;   monitor  ;Eletrônicos;2026-03-11;10.0;R$ 1838,21
347;101;Headset;Periféricos;2026-02-06;2.0;R$ 291,15
348;101;   mesa de escritório  ;Móveis;2026-01-23;2.0;R$ 1071,06
349;104;Filtro de Linha;Acessórios;2026-02-16;7.0;R$ 135,91
350;105;   teclado  ;Periféricos;2026-02-03;1.0;R$ 117,32
351;102;Filtro de Linha;Acessórios;2026-03-03;9.0;R$ 330,81
352;104;Smartphone;Eletrônicos;2026-03-06;10.0;R$ 4981,84
353;102;   capa protetora  ;Acessórios;2026-03-24;9.0;R$ 107,54
354;105;Filtro de Linha;Acessórios;2026-01-12;1.0;R$ 161,11
355;102;Notebook;Eletrônicos;2026-01-06;5.0;R$ 5392,17
356;104;Hub USB;Acessórios;2026-01-21;9.0;R$ 147,88
357;101;Gaveteiro;Móveis;2026-02-09;4.0;R$ 2141,57
358;101;   câmera  ;Eletrônicos;2026-02-26;9.0;R$ 2745,74
359;104;Capa Protetora;Acessórios;2026-03-28;8.0;R$ 209,0
360;101;Mouse;Periféricos;2026-02-06;3.0;R$ 340,81
361;104;   microfone  ;Periféricos;2026-01-27;10.0;R$ 105,1
362;104;Capa Protetora;;2026-02-28;5.0;R$ 191,5
363;105;   cabo hdmi  ;Acessórios;2026-02-05;3.0;R$ 206,98
364;101;Tablet;Eletrônicos;2026-03-12;7.0;R$ 2041,44
365;102;Gaveteiro;Móveis;2026-01-20;10.0;R$ 1797,79
366;102;Câmera;Eletrônicos;2026-02-09;6.0;R$ 895,09
367;104;Monitor;Eletrônicos;2026-01-10;8.0;R$ 4437,95
368;101;Mousepad;Periféricos;2026-01-27;7.0;R$ 264,51
369;105;Mouse;Periféricos;2026-02-23;9.0;R$ 153,12
370;102;Teclado;Periféricos;2026-01-08;1.0;R$ 170,63
371;104;Cabo HDMI;Acessórios;2026-03-01;4.0;R$ 142,91
372;105;Suporte Monitor;Móveis;2026-01-27;5.0;R$ 1947,71
373;102;Teclado;;2026-03-08;4.0;R$ 108,8
374;101;Filtro de Linha;Acessórios;2026-03-06;10.0;R$ 284,29
375;103;Carregador;Acessórios;2026-02-15;5.0;R$ 92,01
376;105;Notebook;Eletrônicos;2026-03-22;6.0;R$ 3438,85
377;104;Tablet;Eletrônicos;2026-02-21;6.0;R$ 4849,01
378;103;Teclado;Periféricos;2026-03-25;4.0;R$ 316,9
379;103;Microfone;Periféricos;2026-01-21;8.0;R$ 349,16
380;101;Headset;Periféricos;2026-03-23;4.0;R$ 246,48
381;103;Mesa de Escritório;Móveis;2026-03-18;3.0;R$ 946,32
382;105;Microfone;Periféricos;2026-02-21;2.0;R$ 93,34
383;103;Suporte Monitor;Móveis;2026-03-10;8.0;R$ 2172,67
384;105;   smartphone  ;Eletrônicos;2026-01-17;2.0;R$ 4877,24
385;102;Teclado;Periféricos;2026-02-14;10.0;R$ 314,64
386;102;Smartphone;Eletrônicos;2026-02-21;;R$ 2273,05
387;102;Mousepad;Periféricos;2026-01-05;10.0;R$ 163,12
388;101;Smart TV;Eletrônicos;2026-01-24;6.0;R$ 5265,32
389;101;Câmera;Eletrônicos;2026-03-08;4.0;R$ 4059,57
390;105;Mesa de Escritório;Móveis;2026-01-27;1.0;R$ 956,04
391;103;Filtro de Linha;Acessórios;2026-02-16;6.0;R$ 267,54
392;101;Teclado;Periféricos;2026-03-05;4.0;R$ 262,25
393;101;Hub USB;Acessórios;2026-03-20;;R$ 215,99
394;101;Smartphone;Eletrônicos;2026-02-13;2.0;R$ 3372,23
395;101;Gaveteiro;Móveis;2026-03-04;9.0;R$ 893,95
396;101;Tablet;Eletrônicos;2026-01-26;2.0;R$ 3139,37
397;102;Gaveteiro;Móveis;2026-02-06;1.0;R$ 1505,91
398;102;   notebook  ;Eletrônicos;2026-03-03;2.0;R$ 4725,59
399;105;Câmera;Eletrônicos;2026-03-04;5.0;R$ 3828,38
400;101;   monitor  ;Eletrônicos;2026-01-28;5.0;R$ 2493,01
401;101;Monitor;Eletrônicos;2026-03-21;3.0;R$ 2344,71
402;101;Suporte Monitor;Móveis;2026-01-04;7.0;R$ 1180,55
403;104;Filtro de Linha;Acessórios;2026-01-05;1.0;R$ 343,92
404;104;Filtro de Linha;Acessórios;2026-03-13;6.0;R$ 221,75
405;102;Carregador;Acessórios;2026-01-14;8.0;R$ 35,17
406;105;Microfone;Periféricos;2026-02-17;9.0;R$ 247,12
407;104;Gaveteiro;;2026-01-27;9.0;R$ 2262,54
408;105;Carregador;Acessórios;2026-01-03;8.0;R$ 125,81
409;105;Carregador;Acessórios;2026-01-03;8.0;R$ 166,58
410;103;   smartphone  ;Eletrônicos;2026-03-21;1.0;R$ 1282,42
411;101;Mesa de Escritório;Móveis;2026-03-22;8.0;R$ 2390,78
412;104;Gaveteiro;Móveis;2026-03-22;6.0;R$ 1875,01
413;103;   suporte monitor  ;Móveis;2026-03-17;;R$ 1844,61
414;104;Tablet;Eletrônicos;2026-03-07;4.0;R$ 1367,51
415;102;Cadeira Gamer;Móveis;2026-02-02;10.0;R$ 571,08
416;105;Mousepad;Periféricos;2026-01-17;1.0;R$ 202,56
417;102;Microfone;Periféricos;2026-01-04;7.0;R$ 236,98
418;104;Headset;Periféricos;2026-02-11;5.0;R$ 169,44
419;105;Suporte Monitor;Móveis;2026-03-24;9.0;R$ 1691,68
420;103;Microfone;Periféricos;2026-03-06;9.0;R$ 199,02
421;105;Capa Protetora;Acessórios;2026-03-22;7.0;R$ 242,5
422;104;Smart TV;Eletrônicos;2026-01-01;7.0;R$ 1483,04
423;102;   suporte monitor  ;Móveis;2026-01-27;1.0;R$ 1819,31
424;104;Smart TV;Eletrônicos;2026-03-24;9.0;R$ 4864,75
425;103;Smartphone;Eletrônicos;2026-02-14;;R$ 5339,42
426;104;Microfone;Periféricos;2026-03-23;6.0;R$ 269,19
427;102;Gaveteiro;Móveis;2026-01-22;2.0;R$ 711,35
428;104;Suporte Monitor;Móveis;2026-01-06;;R$ 2161,23
429;101;Headset;Periféricos;2026-03-02;10.0;R$ 298,24
430;101;Mesa de Escritório;Móveis;2026-01-17;2.0;R$ 2029,77
431;103;Teclado;Periféricos;2026-03-11;6.0;R$ 139,06
432;105;Notebook;Eletrônicos;2026-03-12;8.0;R$ 1929,64
433;101;Gaveteiro;Móveis;2026-01-13;5.0;R$ 1488,52
434;103;Carregador;Acessórios;2026-01-10;;R$ 125,7
435;105;Câmera;Eletrônicos;2026-01-07;4.0;R$ 4865,27
436;104;   câmera  ;Eletrônicos;2026-03-05;1.0;R$ 2958,36
437;103;   smart tv  ;Eletrônicos;2026-01-09;7.0;R$ 2623,75
438;101;   câmera  ;Eletrônicos;2026-03-20;2.0;R$ 4353,01
439;105;Tablet;Eletrônicos;2026-03-10;10.0;R$ 1206,57
440;101;Filtro de Linha;Acessórios;2026-03-08;3.0;R$ 266,43
441;102;Suporte Monitor;Móveis;2026-01-18;;R$ 611,02
442;105;   tablet  ;Eletrônicos;2026-01-24;6.0;R$ 1795,16
443;102;Webcam;Periféricos;2026-02-07;2.0;R$ 79,85
444;105;Capa Protetora;Acessórios;2026-01-10;2.0;R$ 102,73
445;103;Microfone;Periféricos;2026-03-08;;R$ 114,1
446;103;Mesa de Escritório;Móveis;2026-03-19;6.0;R$ 2076,94
447;102;Hub USB;Acessórios;2026-02-05;6.0;R$ 309,7
448;105;Monitor;Eletrônicos;2026-03-20;2.0;R$ 4756,43
449;103;Câmera;Eletrônicos;2026-01-01;9.0;R$ 3768,64
450;102;Smart TV;Eletrônicos;2026-02-18;9.0;R$ 3018,89
451;105;Mesa de Escritório;;2026-02-17;9.0;R$ 499,22
452;105;Webcam;Periféricos;2026-01-15;3.0;R$ 79,12
453;104;Cadeira Gamer;Móveis;2026-01-25;8.0;R$ 809,85
454;105;Gaveteiro;Móveis;2026-02-15;1.0;R$ 387,79
455;103;Mesa de Escritório;Móveis;2026-02-21;7.0;R$ 1103,65
456;104;Webcam;Periféricos;2026-02-12;6.0;R$ 180,66
457;102;Filtro de Linha;Acessórios;2026-01-03;9.0;R$ 232,35
458;101;Mousepad;Periféricos;2026-02-24;2.0;R$ 178,9
459;104;Monitor;Eletrônicos;2026-01-05;10.0;R$ 3584,03
460;102;   monitor  ;Eletrônicos;2026-02-06;9.0;R$ 5303,72
461;103;Monitor;Eletrônicos;2026-02-20;8.0;R$ 4876,32
462;105;Webcam;Periféricos;2026-03-17;5.0;R$ 75,35
463;101;Mousepad;Periféricos;2026-02-05;2.0;R$ 25,47
464;102;   monitor  ;Eletrônicos;2026-02-20;10.0;R$ 983,47
465;104;Webcam;Periféricos;2026-03-27;1.0;R$ 316,0
466;103;Câmera;Eletrônicos;2026-03-14;4.0;R$ 5210,58
467;105;Smartphone;Eletrônicos;2026-01-09;8.0;R$ 4399,54
468;105;Hub USB;;2026-01-01;1.0;R$ 210,74
469;103;Hub USB;Acessórios;2026-01-05;7.0;R$ 235,02
470;103;Gaveteiro;Móveis;2026-01-14;9.0;R$ 2024,33
471;103;Suporte Monitor;Móveis;2026-03-13;3.0;R$ 2181,0
472;102;   monitor  ;Eletrônicos;2026-03-13;6.0;R$ 4564,01
473;104;   notebook  ;Eletrônicos;2026-01-16;;R$ 2846,27
474;101;Carregador;Acessórios;2026-03-21;9.0;R$ 114,53
475;102;Carregador;Acessórios;2026-01-07;;R$ 114,38
476;102;Microfone;Periféricos;2026-01-12;4.0;R$ 236,16
477;104;   gaveteiro  ;Móveis;2026-02-19;4.0;R$ 1439,03
478;103;   suporte monitor  ;Móveis;2026-02-08;10.0;R$ 2418,73
479;102;Capa Protetora;Acessórios;2026-01-18;2.0;R$ 186,05
480;103;Gaveteiro;Móveis;2026-02-19;8.0;R$ 1993,93
481;104;Smartphone;Eletrônicos;2026-01-09;2.0;R$ 2598,56
482;103;Hub USB;Acessórios;2026-03-18;1.0;R$ 251,27
483;103;Smart TV;Eletrônicos;2026-01-16;6.0;R$ 2461,63
484;102;Filtro de Linha;Acessórios;2026-01-24;4.0;R$ 308,01
485;105;Mesa de Escritório;Móveis;2026-01-04;2.0;R$ 1786,79
486;105;Smartphone;Eletrônicos;2026-02-20;6.0;R$ 3114,0
487;104;Webcam;Periféricos;2026-02-13;4.0;R$ 267,56
488;105;Smart TV;Eletrônicos;2026-02-13;3.0;R$ 2948,82
489;101;Câmera;Eletrônicos;2026-01-13;10.0;R$ 1273,51
490;103;Headset;Periféricos;2026-02-20;6.0;R$ 140,75
491;103;Gaveteiro;Móveis;2026-02-15;3.0;R$ 1557,1
492;103;Webcam;Periféricos;2026-02-28;7.0;R$ 84,7
493;101;Mousepad;Periféricos;2026-02-05;9.0;R$ 196,21
494;105;Smartphone;Eletrônicos;2026-01-23;3.0;R$ 1082,17
495;104;Suporte Monitor;Móveis;2026-02-12;9.0;R$ 1526,48
496;103;Webcam;Periféricos;2026-03-21;9.0;R$ 77,6
497;104;Cabo HDMI;Acessórios;2026-02-20;5.0;R$ 173,04
498;103;Capa Protetora;Acessórios;2026-03-13;2.0;R$ 46,11
499;103;Hub USB;Acessórios;2026-02-25;6.0;R$ 266,81
500;101;Microfone;Periféricos;2026-01-22;5.0;R$ 330,34
501;101;   notebook  ;Eletrônicos;2026-02-18;1.0;R$ 923,92
502;103;   mouse  ;Periféricos;2026-03-13;5.0;R$ 95,69
503;105;Mouse;Periféricos;2026-01-22;6.0;R$ 303,92
504;105;Gaveteiro;Móveis;2026-01-23;9.0;R$ 689,48
505;105;Capa Protetora;Acessórios;2026-03-21;9.0;R$ 122,19
506;104;Suporte Monitor;Móveis;2026-02-09;;R$ 967,86
507;103;Gaveteiro;;2026-03-01;8.0;R$ 2383,31
508;103;Mouse;Periféricos;2026-03-12;4.0;R$ 155,87
509;104;Filtro de Linha;Acessórios;2026-02-03;7.0;R$ 226,36
510;103;Suporte Monitor;Móveis;2026-02-07;2.0;R$ 701,3
511;103;   filtro de linha  ;Acessórios;2026-02-01;3.0;R$ 36,38
512;103;Microfone;Periféricos;2026-02-24;1.0;R$ 96,83
513;103;   hub usb  ;Acessórios;2026-02-23;1.0;R$ 128,98
514;104;   smart tv  ;Eletrônicos;2026-02-06;4.0;R$ 5009,79
515;102;Carregador;Acessórios;2026-01-24;1.0;R$ 85,73
516;102;Carregador;Acessórios;2026-03-10;6.0;R$ 72,34
517;101;Gaveteiro;Móveis;2026-03-10;;R$ 1092,94
518;102;Hub USB;Acessórios;2026-01-06;5.0;R$ 212,95
519;105;Capa Protetora;Acessórios;2026-01-12;2.0;R$ 102,08
520;101;Tablet;Eletrônicos;2026-03-05;9.0;R$ 4519,89
521;103;Filtro de Linha;Acessórios;2026-01-23;7.0;R$ 138,2
522;104;Gaveteiro;Móveis;2026-01-19;3.0;R$ 1495,97
523;105;   mouse  ;Periféricos;2026-03-05;8.0;R$ 117,57
524;105;Filtro de Linha;Acessórios;2026-01-20;6.0;R$ 276,09
525;105;Filtro de Linha;Acessórios;2026-03-22;8.0;R$ 272,69
526;103;   notebook  ;Eletrônicos;2026-03-22;2.0;R$ 1005,75
527;101;Filtro de Linha;Acessórios;2026-01-02;10.0;R$ 231,78
528;105;Cadeira Gamer;Móveis;2026-02-08;;R$ 1879,26
529;101;Cabo HDMI;Acessórios;2026-02-18;7.0;R$ 291,27
530;105;   câmera  ;Eletrônicos;2026-01-27;5.0;R$ 1166,3
531;102;Filtro de Linha;Acessórios;2026-01-17;4.0;R$ 208,11
532;101;Gaveteiro;Móveis;2026-03-22;7.0;R$ 2242,21
533;103;Webcam;Periféricos;2026-03-15;6.0;R$ 317,82
534;104;Hub USB;Acessórios;2026-03-08;10.0;R$ 200,06
535;103;Carregador;Acessórios;2026-02-01;1.0;R$ 344,38
536;103;Tablet;Eletrônicos;2026-01-07;6.0;R$ 902,0
537;105;Mouse;Periféricos;2026-01-15;6.0;R$ 71,52
538;103;Cadeira Gamer;Móveis;2026-03-13;10.0;R$ 2319,34
539;102;Capa Protetora;Acessórios;2026-01-20;5.0;R$ 32,33
540;103;Gaveteiro;Móveis;2026-02-28;2.0;R$ 2213,53
541;101;Cabo HDMI;Acessórios;2026-02-17;1.0;R$ 125,37
542;102;Câmera;Eletrônicos;2026-03-13;8.0;R$ 4338,35
543;104;   teclado  ;Periféricos;2026-02-03;;R$ 208,58
544;105;Filtro de Linha;Acessórios;2026-01-16;9.0;R$ 85,38
545;105;Teclado;Periféricos;2026-01-09;7.0;R$ 126,73
546;104;Suporte Monitor;Móveis;2026-01-11;;R$ 1606,53
547;105;Capa Protetora;Acessórios;2026-01-15;1.0;R$ 324,99
548;101;   câmera  ;Eletrônicos;2026-01-08;10.0;R$ 5155,63
549;101;Gaveteiro;Móveis;2026-02-01;6.0;R$ 759,82
550;103;Capa Protetora;Acessórios;2026-03-05;1.0;R$ 144,28
551;101;Mesa de Escritório;;2026-03-20;5.0;R$ 416,79
552;103;   cadeira gamer  ;Móveis;2026-01-10;7.0;R$ 808,57
553;103;Capa Protetora;Acessórios;2026-03-03;3.0;R$ 85,63
554;101;Webcam;Periféricos;2026-02-11;8.0;R$ 149,82
555;103;Webcam;Periféricos;2026-02-26;1.0;R$ 226,51
556;101;Mesa de Escritório;Móveis;2026-01-11;;R$ 1745,25
557;105;Mousepad;Periféricos;2026-01-19;3.0;R$ 160,73
558;102;Microfone;Periféricos;2026-01-19;9.0;R$ 245,74
559;105;Mousepad;Periféricos;2026-01-21;10.0;R$ 322,65
560;101;Headset;Periféricos;2026-01-24;1.0;R$ 272,59
561;104;Mesa de Escritório;Móveis;2026-01-04;3.0;R$ 706,44
562;105;Webcam;Periféricos;2026-01-08;1.0;R$ 138,56
563;105;   hub usb  ;Acessórios;2026-01-28;7.0;R$ 182,18
564;101;Gaveteiro;Móveis;2026-01-24;;R$ 1967,11
565;105;Hub USB;Acessórios;2026-02-08;;R$ 153,61
566;103;   capa protetora  ;Acessórios;2026-03-19;10.0;R$ 196,93
567;101;Carregador;;2026-01-08;9.0;R$ 197,5
568;101;Headset;Periféricos;2026-02-13;5.0;R$ 275,31
569;101;Mousepad;Periféricos;2026-03-15;2.0;R$ 258,47
570;105;Mousepad;Periféricos;2026-02-11;8.0;R$ 28,22
571;104;Tablet;Eletrônicos;2026-02-23;3.0;R$ 4176,36
572;103;   smart tv  ;Eletrônicos;2026-03-13;9.0;R$ 3676,74
573;102;Mesa de Escritório;Móveis;2026-01-28;3.0;R$ 693,51
574;104;Mesa de Escritório;;2026-01-05;4.0;R$ 307,77
575;104;   smart tv  ;Eletrônicos;2026-02-08;4.0;R$ 3567,65
576;105;Monitor;Eletrônicos;2026-03-09;10.0;R$ 3754,59
577;101;Cadeira Gamer;Móveis;2026-01-28;1.0;R$ 1767,39
578;101;Smartphone;Eletrônicos;2026-01-06;5.0;R$ 3672,12
579;102;Capa Protetora;Acessórios;2026-02-02;2.0;R$ 273,61
580;104;Tablet;Eletrônicos;2026-02-05;2.0;R$ 4064,71
581;102;Notebook;Eletrônicos;2026-03-24;9.0;R$ 5439,79
582;103;Capa Protetora;Acessórios;2026-02-09;9.0;R$ 209,8
583;104;   carregador  ;;2026-01-20;4.0;R$ 253,83
584;101;   webcam  ;Periféricos;2026-02-14;1.0;R$ 130,15
585;102;Suporte Monitor;;2026-01-10;5.0;R$ 1414,72
586;103;Capa Protetora;Acessórios;2026-03-01;3.0;R$ 84,03
587;104;Câmera;Eletrônicos;2026-01-16;3.0;R$ 3747,84
588;104;Smart TV;Eletrônicos;2026-02-19;;R$ 3409,33
589;103;Monitor;Eletrônicos;2026-02-27;1.0;R$ 2394,02
590;105;Filtro de Linha;;2026-03-04;5.0;R$ 252,74
591;104;Headset;Periféricos;2026-02-27;5.0;R$ 91,33
592;102;Smartphone;Eletrônicos;2026-03-01;8.0;R$ 5053,29
593;105;   suporte monitor  ;Móveis;2026-01-25;2.0;R$ 2108,7
594;101;Carregador;;2026-03-28;9.0;R$ 58,23
595;101;Gaveteiro;;2026-01-04;9.0;R$ 1985,6
596;102;Mesa de Escritório;Móveis;2026-01-10;5.0;R$ 1471,01
597;102;Cadeira Gamer;Móveis;2026-01-20;9.0;R$ 1430,93
598;102;   mesa de escritório  ;Móveis;2026-01-03;5.0;R$ 1649,18
599;104;Notebook;Eletrônicos;2026-02-02;2.0;R$ 2804,39
600;104;Suporte Monitor;Móveis;2026-02-27;4.0;R$ 1868,38
601;104;Mouse;Periféricos;2026-03-15;2.0;R$ 170,34
602;102;Teclado;Periféricos;2026-03-09;6.0;R$ 149,39
603;103;Carregador;Acessórios;2026-01-03;8.0;R$ 57,25
604;103;Webcam;Periféricos;2026-01-13;2.0;R$ 127,54
605;104;Filtro de Linha;Acessórios;2026-03-08;9.0;R$ 72,48
606;105;   carregador  ;Acessórios;2026-03-26;6.0;R$ 199,69
607;105;Cabo HDMI;Acessórios;2026-03-20;;R$ 127,37
608;104;Smart TV;Eletrônicos;2026-01-22;10.0;R$ 4425,31
609;101;Teclado;Periféricos;2026-03-25;1.0;R$ 269,84
610;105;Filtro de Linha;Acessórios;2026-01-22;6.0;R$ 118,91
611;104;Cadeira Gamer;Móveis;2026-03-01;10.0;R$ 2470,13
612;103;Notebook;;2026-03-18;6.0;R$ 1315,58
613;105;Hub USB;Acessórios;2026-03-13;7.0;R$ 145,92
614;102;   hub usb  ;Acessórios;2026-02-05;5.0;R$ 349,16
615;101;Microfone;Periféricos;2026-02-22;7.0;R$ 341,74
616;104;Capa Protetora;Acessórios;2026-01-15;9.0;R$ 159,96
617;104;Smart TV;Eletrônicos;2026-02-28;4.0;R$ 4147,01
618;101;   smart tv  ;Eletrônicos;2026-02-23;6.0;R$ 1331,87
619;105;Gaveteiro;Móveis;2026-03-03;;R$ 2257,81
620;101;Cadeira Gamer;Móveis;2026-02-18;1.0;R$ 1331,51
621;104;Suporte Monitor;Móveis;2026-02-06;1.0;R$ 1829,11
622;103;Câmera;Eletrônicos;2026-02-19;3.0;R$ 3492,44
623;101;Gaveteiro;Móveis;2026-01-05;9.0;R$ 469,1
624;103;Cadeira Gamer;Móveis;2026-03-04;10.0;R$ 684,15
625;102;   mesa de escritório  ;Móveis;2026-02-06;9.0;R$ 2196,43
626;102;Carregador;Acessórios;2026-02-08;8.0;R$ 259,58
627;101;Cadeira Gamer;Móveis;2026-01-06;8.0;R$ 1177,24
628;105;   mousepad  ;Periféricos;2026-03-23;7.0;R$ 176,61
629;104;Hub USB;Acessórios;2026-03-22;1.0;R$ 52,13
630;105;Suporte Monitor;Móveis;2026-02-09;2.0;R$ 861,76
631;102;   webcam  ;;2026-02-22;;R$ 123,38
632;104;   smart tv  ;Eletrônicos;2026-01-22;8.0;R$ 2452,13
633;105;   notebook  ;Eletrônicos;2026-03-22;4.0;R$ 5267,3
634;105;Mousepad;Periféricos;2026-03-25;10.0;R$ 285,06
635;103;Cabo HDMI;Acessórios;2026-03-15;5.0;R$ 273,89
636;103;Mouse;Periféricos;2026-02-25;1.0;R$ 146,32
637;103;   mousepad  ;Periféricos;2026-01-16;4.0;R$ 221,4
638;104;Webcam;Periféricos;2026-03-04;8.0;R$ 256,08
639;103;Cabo HDMI;Acessórios;2026-02-05;1.0;R$ 327,85
640;104;Smart TV;Eletrônicos;2026-03-25;8.0;R$ 3047,26
641;101;Mouse;Periféricos;2026-02-23;8.0;R$ 60,0
642;103;Cabo HDMI;Acessórios;2026-03-21;2.0;R$ 140,57
643;103;   teclado  ;Periféricos;2026-03-02;7.0;R$ 238,04
644;103;Cabo HDMI;Acessórios;2026-03-15;4.0;R$ 66,18
645;104;Cabo HDMI;Acessórios;2026-03-21;5.0;R$ 184,9
646;101;Tablet;Eletrônicos;2026-01-11;1.0;R$ 2705,89
647;105;Microfone;Periféricos;2026-03-08;2.0;R$ 32,17
648;105;Monitor;Eletrônicos;2026-03-21;3.0;R$ 867,52
649;101;Capa Protetora;Acessórios;2026-01-27;10.0;R$ 41,11
650;105;Mouse;Periféricos;2026-01-14;6.0;R$ 287,8
651;105;   headset  ;Periféricos;2026-01-25;1.0;R$ 215,72
652;104;   microfone  ;;2026-02-18;3.0;R$ 164,76
653;105;Filtro de Linha;Acessórios;2026-01-16;2.0;R$ 22,1
654;103;Carregador;Acessórios;2026-03-05;4.0;R$ 67,22
655;102;Smart TV;Eletrônicos;2026-01-23;;R$ 3676,63
656;104;Smart TV;Eletrônicos;2026-01-07;2.0;R$ 5437,04
657;105;Mousepad;Periféricos;2026-03-22;4.0;R$ 111,22
658;104;Filtro de Linha;Acessórios;2026-01-22;1.0;R$ 37,83
659;105;Cabo HDMI;Acessórios;2026-01-24;1.0;R$ 325,2
660;101;Monitor;Eletrônicos;2026-03-15;10.0;R$ 3524,88
661;102;Tablet;Eletrônicos;2026-01-04;4.0;R$ 4267,41
662;104;   cabo hdmi  ;Acessórios;2026-02-05;4.0;R$ 326,2
663;102;   suporte monitor  ;Móveis;2026-01-11;3.0;R$ 370,61
664;104;Carregador;Acessórios;2026-01-25;6.0;R$ 92,55
665;105;Webcam;Periféricos;2026-03-28;4.0;R$ 48,54
666;105;Carregador;Acessórios;2026-02-01;7.0;R$ 262,94
667;105;   webcam  ;Periféricos;2026-01-14;1.0;R$ 33,22
668;105;   carregador  ;Acessórios;2026-03-27;2.0;R$ 169,31
669;104;Teclado;Periféricos;2026-02-10;;R$ 233,72
670;104;Smartphone;Eletrônicos;2026-02-25;3.0;R$ 4908,74
671;104;Câmera;Eletrônicos;2026-01-13;6.0;R$ 3295,33
672;105;Microfone;Periféricos;2026-01-20;;R$ 262,8
673;101;Smartphone;Eletrônicos;2026-02-15;10.0;R$ 992,11
674;105;Teclado;Periféricos;2026-02-08;9.0;R$ 57,47
675;102;Headset;Periféricos;2026-02-09;9.0;R$ 244,47
676;104;Smartphone;Eletrônicos;2026-03-18;9.0;R$ 5027,42
677;101;   mousepad  ;Periféricos;2026-01-03;7.0;R$ 316,32
678;103;Câmera;Eletrônicos;2026-01-16;3.0;R$ 4912,47
679;105;   mousepad  ;Periféricos;2026-02-14;;R$ 263,44
680;102;Gaveteiro;Móveis;2026-03-11;6.0;R$ 1369,53
681;104;Mesa de Escritório;Móveis;2026-02-06;5.0;R$ 798,92
682;102;Suporte Monitor;Móveis;2026-02-06;10.0;R$ 2333,09
683;102;Teclado;Periféricos;2026-01-02;6.0;R$ 209,59
684;101;Suporte Monitor;Móveis;2026-01-12;8.0;R$ 1487,71
685;104;Filtro de Linha;Acessórios;2026-02-11;3.0;R$ 21,42
686;103;Hub USB;Acessórios;2026-03-22;3.0;R$ 283,86
687;101;Cabo HDMI;Acessórios;2026-01-22;;R$ 58,57
688;103;Tablet;Eletrônicos;2026-01-20;4.0;R$ 3542,13
689;101;Smart TV;Eletrônicos;2026-02-22;2.0;R$ 5386,45
690;105;   câmera  ;Eletrônicos;2026-02-13;3.0;R$ 4165,03
691;103;Suporte Monitor;Móveis;2026-02-28;9.0;R$ 492,72
692;104;Mesa de Escritório;Móveis;2026-03-14;7.0;R$ 607,05
693;104;Cadeira Gamer;Móveis;2026-03-25;7.0;R$ 494,59
694;105;Capa Protetora;Acessórios;2026-01-07;3.0;R$ 294,65
695;103;Gaveteiro;Móveis;2026-03-24;8.0;R$ 793,94
696;104;   câmera  ;Eletrônicos;2026-03-10;7.0;R$ 1643,05
697;103;Cabo HDMI;Acessórios;2026-03-24;6.0;R$ 211,75
698;104;   tablet  ;Eletrônicos;2026-03-24;10.0;R$ 882,46
699;104;   headset  ;Periféricos;2026-01-02;5.0;R$ 139,18
700;103;Smart TV;Eletrônicos;2026-01-25;3.0;R$ 4394,04
701;103;   suporte monitor  ;Móveis;2026-03-23;6.0;R$ 510,83
702;105;Suporte Monitor;Móveis;2026-02-14;6.0;R$ 2326,0
703;102;Smartphone;Eletrônicos;2026-02-03;2.0;R$ 4648,57
704;103;   mousepad  ;Periféricos;2026-03-17;6.0;R$ 76,83
705;102;Microfone;Periféricos;2026-01-10;3.0;R$ 89,25
706;101;Notebook;Eletrônicos;2026-02-25;7.0;R$ 999,83
707;101;   cabo hdmi  ;Acessórios;2026-02-02;;R$ 119,54
708;105;Webcam;Periféricos;2026-01-06;6.0;R$ 29,66
709;105;   suporte monitor  ;Móveis;2026-01-28;9.0;R$ 2017,76
710;105;   smart tv  ;Eletrônicos;2026-01-23;4.0;R$ 5332,04
711;101;   webcam  ;Periféricos;2026-03-16;6.0;R$ 250,38
712;103;Carregador;Acessórios;2026-01-17;4.0;R$ 154,5
713;105;   mousepad  ;Periféricos;2026-02-23;;R$ 203,85
714;103;Capa Protetora;Acessórios;2026-03-10;8.0;R$ 94,54
715;101;Hub USB;Acessórios;2026-01-01;8.0;R$ 241,79
716;101;Mousepad;Periféricos;2026-02-23;10.0;R$ 342,6
717;103;Headset;Periféricos;2026-01-20;7.0;R$ 60,51
718;105;   gaveteiro  ;Móveis;2026-02-16;10.0;R$ 2390,31
719;104;Notebook;;2026-02-16;8.0;R$ 1884,86
720;101;   cabo hdmi  ;Acessórios;2026-01-13;10.0;R$ 244,14
721;101;Carregador;Acessórios;2026-01-10;8.0;R$ 181,78
722;105;   notebook  ;Eletrônicos;2026-02-04;7.0;R$ 2915,54
723;102;Mesa de Escritório;Móveis;2026-02-14;3.0;R$ 987,41
724;104;Carregador;Acessórios;2026-03-28;3.0;R$ 187,21
725;105;Suporte Monitor;Móveis;2026-02-02;1.0;R$ 1599,02
726;105;   câmera  ;Eletrônicos;2026-02-13;2.0;R$ 2812,3
727;102;   teclado  ;Periféricos;2026-03-10;10.0;R$ 48,03
728;102;Smart TV;Eletrônicos;2026-02-02;8.0;R$ 3891,51
729;101;Capa Protetora;Acessórios;2026-01-11;7.0;R$ 208,22
730;102;Gaveteiro;Móveis;2026-03-26;6.0;R$ 666,58
731;101;Headset;Periféricos;2026-02-02;5.0;R$ 348,76
732;101;Smart TV;Eletrônicos;2026-02-09;2.0;R$ 3462,21
733;101;Suporte Monitor;Móveis;2026-02-22;9.0;R$ 989,38
734;105;Mouse;Periféricos;2026-03-23;9.0;R$ 304,69
735;104;Gaveteiro;Móveis;2026-03-24;1.0;R$ 1448,99
736;103;Carregador;Acessórios;2026-02-28;2.0;R$ 229,2
737;102;Mesa de Escritório;Móveis;2026-02-08;;R$ 629,92
738;104;Carregador;Acessórios;2026-03-02;4.0;R$ 72,59
739;105;Microfone;Periféricos;2026-01-24;;R$ 278,14
740;103;Smartphone;Eletrônicos;2026-02-22;2.0;R$ 2665,41
741;105;Smart TV;Eletrônicos;2026-03-27;10.0;R$ 5263,47
742;102;Tablet;Eletrônicos;2026-02-27;10.0;R$ 4265,01
743;102;Mouse;Periféricos;2026-01-07;5.0;R$ 165,03
744;103;Tablet;Eletrônicos;2026-03-14;8.0;R$ 4008,87
745;103;   hub usb  ;Acessórios;2026-02-01;10.0;R$ 31,49
746;102;Gaveteiro;Móveis;2026-02-21;6.0;R$ 2286,95
747;104;Cabo HDMI;Acessórios;2026-02-09;5.0;R$ 49,78
748;102;Hub USB;Acessórios;2026-03-14;;R$ 110,43
749;104;Gaveteiro;Móveis;2026-01-27;3.0;R$ 1836,66
750;105;Gaveteiro;Móveis;2026-03-01;1.0;R$ 1711,02
751;101;Filtro de Linha;Acessórios;2026-03-10;6.0;R$ 210,02
752;102;Hub USB;Acessórios;2026-02-16;3.0;R$ 106,02
753;102;Smartphone;Eletrônicos;2026-02-06;7.0;R$ 4919,03
754;101;Mouse;Periféricos;2026-02-07;5.0;R$ 251,42
755;103;Mouse;Periféricos;2026-02-06;10.0;R$ 58,73
756;104;Cabo HDMI;Acessórios;2026-01-23;4.0;R$ 82,88
757;104;Filtro de Linha;Acessórios;2026-02-28;4.0;R$ 218,03
758;104;Mousepad;Periféricos;2026-01-01;5.0;R$ 342,12
759;105;Cabo HDMI;Acessórios;2026-01-16;3.0;R$ 307,58
760;104;Capa Protetora;Acessórios;2026-02-03;;R$ 203,81
761;103;   notebook  ;Eletrônicos;2026-02-17;10.0;R$ 2590,41
762;105;   smart tv  ;Eletrônicos;2026-01-09;3.0;R$ 3167,61
763;103;Filtro de Linha;Acessórios;2026-02-04;6.0;R$ 34,57
764;103;Hub USB;Acessórios;2026-02-20;5.0;R$ 190,6
765;104;   webcam  ;Periféricos;2026-03-21;8.0;R$ 37,56
766;103;Microfone;;2026-02-14;2.0;R$ 348,42
767;105;Carregador;Acessórios;2026-02-04;;R$ 60,81
768;102;Mesa de Escritório;Móveis;2026-03-01;9.0;R$ 1987,06
769;104;Tablet;Eletrônicos;2026-01-10;2.0;R$ 2652,6
770;102;   notebook  ;Eletrônicos;2026-02-27;8.0;R$ 2934,06
771;101;Hub USB;Acessórios;2026-03-24;10.0;R$ 62,68
772;101;Smart TV;Eletrônicos;2026-03-13;2.0;R$ 2674,63
773;101;   monitor  ;Eletrônicos;2026-01-13;7.0;R$ 2139,2
774;104;Hub USB;Acessórios;2026-03-20;;R$ 138,48
775;104;Carregador;Acessórios;2026-02-19;10.0;R$ 159,61
776;104;Cabo HDMI;Acessórios;2026-01-17;6.0;R$ 341,18
777;104;   tablet  ;Eletrônicos;2026-02-14;2.0;R$ 5063,88
778;103;   webcam  ;;2026-02-10;;R$ 35,75
779;104;Cabo HDMI;Acessórios;2026-02-22;10.0;R$ 288,23
780;101;Câmera;;2026-03-15;3.0;R$ 4495,03
781;103;Gaveteiro;Móveis;2026-03-15;10.0;R$ 2077,23
782;102;   mouse  ;Periféricos;2026-03-20;5.0;R$ 307,63
783;101;Monitor;Eletrônicos;2026-03-16;8.0;R$ 4051,49
784;104;Suporte Monitor;Móveis;2026-03-22;;R$ 2070,21
785;101;Mouse;Periféricos;2026-01-16;3.0;R$ 234,41
786;102;Tablet;Eletrônicos;2026-02-05;8.0;R$ 2782,83
787;104;Carregador;Acessórios;2026-01-28;8.0;R$ 213,12
788;101;Cadeira Gamer;Móveis;2026-01-21;7.0;R$ 2454,87
789;105;Cadeira Gamer;Móveis;2026-02-13;8.0;R$ 1429,38
790;104;Microfone;Periféricos;2026-01-17;1.0;R$ 159,26
791;104;Cabo HDMI;Acessórios;2026-02-20;6.0;R$ 167,95
792;104;Gaveteiro;Móveis;2026-01-17;4.0;R$ 1592,85
793;104;Headset;Periféricos;2026-03-23;7.0;R$ 336,74
794;104;Webcam;Periféricos;2026-01-10;2.0;R$ 240,13
795;101;Carregador;Acessórios;2026-02-08;4.0;R$ 203,75
796;102;Webcam;Periféricos;2026-01-26;2.0;R$ 131,45
797;104;Suporte Monitor;Móveis;2026-02-25;1.0;R$ 1994,21
798;105;Câmera;Eletrônicos;2026-01-15;8.0;R$ 5324,44
799;105;Smart TV;Eletrônicos;2026-01-17;2.0;R$ 1585,12
800;103;   capa protetora  ;Acessórios;2026-02-24;2.0;R$ 70,92
801;102;Carregador;Acessórios;2026-01-08;8.0;R$ 132,64
802;104;Mesa de Escritório;Móveis;2026-01-25;9.0;R$ 1227,79
803;104;Capa Protetora;Acessórios;2026-03-12;1.0;R$ 166,05
804;101;Tablet;;2026-02-13;3.0;R$ 2840,14
805;102;Câmera;Eletrônicos;2026-03-26;9.0;R$ 5371,51
806;103;Suporte Monitor;Móveis;2026-01-27;5.0;R$ 2280,46
807;102;Hub USB;Acessórios;2026-03-13;;R$ 310,72
808;102;   mesa de escritório  ;Móveis;2026-01-17;9.0;R$ 986,96
809;105;Mesa de Escritório;Móveis;2026-02-24;7.0;R$ 2471,3
810;105;Cadeira Gamer;;2026-01-25;2.0;R$ 1287,22
811;102;Headset;Periféricos;2026-02-10;10.0;R$ 241,9
812;103;   headset  ;Periféricos;2026-02-04;3.0;R$ 254,84
813;102;Filtro de Linha;Acessórios;2026-02-03;6.0;R$ 243,35
814;103;Carregador;Acessórios;2026-02-23;8.0;R$ 261,47
815;104;Filtro de Linha;Acessórios;2026-03-17;9.0;R$ 58,96
816;105;Cadeira Gamer;Móveis;2026-03-28;7.0;R$ 542,74
817;101;Suporte Monitor;Móveis;2026-02-10;5.0;R$ 1369,04
818;101;   suporte monitor  ;Móveis;2026-01-06;8.0;R$ 304,59
819;104;Gaveteiro;Móveis;2026-02-26;7.0;R$ 1345,5
820;105;Carregador;Acessórios;2026-03-15;3.0;R$ 305,89
821;104;Filtro de Linha;Acessórios;2026-02-11;9.0;R$ 35,12
822;101;Microfone;Periféricos;2026-01-19;5.0;R$ 205,14
823;105;Smart TV;Eletrônicos;2026-03-07;;R$ 3162,4
824;101;Mesa de Escritório;Móveis;2026-01-27;10.0;R$ 1277,3
825;101;Cabo HDMI;Acessórios;2026-02-14;3.0;R$ 156,93
826;101;Smart TV;Eletrônicos;2026-01-10;3.0;R$ 1658,54
827;102;   smart tv  ;Eletrônicos;2026-02-06;1.0;R$ 4152,51
828;103;Gaveteiro;Móveis;2026-01-02;4.0;R$ 827,17
829;105;Cabo HDMI;Acessórios;2026-02-02;6.0;R$ 173,39
830;102;Tablet;Eletrônicos;2026-03-19;2.0;R$ 1957,69
831;104;Cabo HDMI;Acessórios;2026-03-17;4.0;R$ 278,35
832;102;Capa Protetora;Acessórios;2026-02-02;1.0;R$ 288,17
833;102;Notebook;Eletrônicos;2026-02-09;10.0;R$ 1979,18
834;102;   cadeira gamer  ;Móveis;2026-01-24;9.0;R$ 1538,78
835;102;Gaveteiro;Móveis;2026-01-20;9.0;R$ 2406,32
836;103;   hub usb  ;Acessórios;2026-01-22;6.0;R$ 132,74
837;102;Smart TV;Eletrônicos;2026-02-01;1.0;R$ 3961,72
838;104;Câmera;Eletrônicos;2026-03-03;9.0;R$ 945,45
839;103;   capa protetora  ;Acessórios;2026-02-13;3.0;R$ 296,92
840;103;Mousepad;Periféricos;2026-01-08;1.0;R$ 270,28
841;105;Mesa de Escritório;Móveis;2026-01-16;6.0;R$ 380,95
842;101;Microfone;Periféricos;2026-02-04;5.0;R$ 207,8
843;105;Mouse;Periféricos;2026-03-05;2.0;R$ 62,05
844;103;   microfone  ;Periféricos;2026-01-23;9.0;R$ 222,77
845;104;Tablet;Eletrônicos;2026-02-28;7.0;R$ 2087,97
846;101;   mouse  ;Periféricos;2026-02-14;;R$ 168,12
847;105;Câmera;Eletrônicos;2026-01-23;7.0;R$ 5301,55
848;101;Notebook;Eletrônicos;2026-02-14;1.0;R$ 3584,89
849;101;   filtro de linha  ;Acessórios;2026-02-27;1.0;R$ 291,14
850;105;Cabo HDMI;Acessórios;2026-03-15;10.0;R$ 61,19
851;101;   mouse  ;Periféricos;2026-02-02;5.0;R$ 221,54
852;101;Gaveteiro;Móveis;2026-02-04;10.0;R$ 1954,32
853;101;Carregador;Acessórios;2026-02-26;7.0;R$ 310,38
854;101;Capa Protetora;Acessórios;2026-02-19;;R$ 55,64
855;102;Microfone;Periféricos;2026-03-09;6.0;R$ 158,93
856;101;Monitor;Eletrônicos;2026-02-19;7.0;R$ 3211,69
857;105;Teclado;;2026-02-10;10.0;R$ 133,16
858;102;Monitor;Eletrônicos;2026-03-27;9.0;R$ 4835,9
859;102;Tablet;Eletrônicos;2026-01-22;8.0;R$ 4065,47
860;105;Suporte Monitor;Móveis;2026-02-11;3.0;R$ 530,67
861;101;Microfone;Periféricos;2026-01-15;10.0;R$ 90,34
862;104;   mousepad  ;;2026-01-27;;R$ 139,73
863;103;Filtro de Linha;Acessórios;2026-03-19;;R$ 34,49
864;103;   headset  ;Periféricos;2026-03-08;3.0;R$ 84,68
865;102;Cabo HDMI;Acessórios;2026-02-07;5.0;R$ 170,55
866;105;Cabo HDMI;Acessórios;2026-01-05;3.0;R$ 282,32
867;105;   filtro de linha  ;Acessórios;2026-01-25;10.0;R$ 213,82
868;102;Câmera;Eletrônicos;2026-02-28;3.0;R$ 4802,06
869;101;Capa Protetora;Acessórios;2026-01-06;9.0;R$ 148,08
870;105;Filtro de Linha;Acessórios;2026-02-23;6.0;R$ 193,41
871;105;Capa Protetora;Acessórios;2026-03-02;4.0;R$ 92,44
872;103;Carregador;Acessórios;2026-03-06;;R$ 103,99
873;105;Mesa de Escritório;Móveis;2026-03-02;8.0;R$ 1426,98
874;103;Hub USB;Acessórios;2026-02-13;1.0;R$ 79,26
875;101;Cadeira Gamer;Móveis;2026-02-08;2.0;R$ 560,89
876;103;Suporte Monitor;Móveis;2026-03-27;5.0;R$ 719,41
877;105;Cadeira Gamer;Móveis;2026-02-10;6.0;R$ 2022,88
878;101;Capa Protetora;Acessórios;2026-01-28;7.0;R$ 95,1
879;105;Carregador;Acessórios;2026-02-26;2.0;R$ 123,31
880;102;Carregador;Acessórios;2026-03-01;6.0;R$ 65,85
881;104;Suporte Monitor;Móveis;2026-01-14;7.0;R$ 1808,68
882;103;Smart TV;Eletrônicos;2026-01-05;3.0;R$ 5393,04
883;105;Carregador;Acessórios;2026-01-13;2.0;R$ 196,38
884;104;   cadeira gamer  ;Móveis;2026-01-04;9.0;R$ 690,8
885;102;Smartphone;Eletrônicos;2026-02-07;4.0;R$ 2168,2
886;101;Headset;Periféricos;2026-02-13;3.0;R$ 346,57
887;104;Teclado;Periféricos;2026-01-10;7.0;R$ 289,91
888;103;   webcam  ;Periféricos;2026-03-22;;R$ 110,9
889;104;Webcam;Periféricos;2026-02-19;8.0;R$ 171,87
890;104;Suporte Monitor;Móveis;2026-02-20;3.0;R$ 1213,12
891;104;Microfone;Periféricos;2026-03-04;;R$ 250,55
892;105;   cadeira gamer  ;Móveis;2026-03-24;4.0;R$ 2299,22
893;103;   notebook  ;Eletrônicos;2026-03-25;6.0;R$ 2727,45
894;101;Câmera;Eletrônicos;2026-03-22;8.0;R$ 2591,43
895;101;   cadeira gamer  ;Móveis;2026-03-05;6.0;R$ 1774,65
896;102;   filtro de linha  ;;2026-02-27;5.0;R$ 297,72
897;103;Smart TV;Eletrônicos;2026-03-13;3.0;R$ 1164,65
898;103;Teclado;Periféricos;2026-03-02;9.0;R$ 91,33
899;101;Hub USB;Acessórios;2026-02-02;10.0;R$ 21,54
900;103;Teclado;Periféricos;2026-01-01;;R$ 29,22
901;101;Mouse;Periféricos;2026-03-06;3.0;R$ 34,52
902;102;   webcam  ;Periféricos;2026-02-14;2.0;R$ 96,69
903;103;Smartphone;Eletrônicos;2026-01-15;4.0;R$ 1110,28
904;101;Mousepad;Periféricos;2026-02-25;10.0;R$ 184,86
905;105;Headset;Periféricos;2026-01-20;6.0;R$ 343,87
906;102;   mesa de escritório  ;Móveis;2026-03-25;6.0;R$ 2451,65
907;105;   carregador  ;;2026-03-21;4.0;R$ 186,13
908;101;Mesa de Escritório;Móveis;2026-03-14;;R$ 1663,49
909;102;Filtro de Linha;Acessórios;2026-03-02;4.0;R$ 324,73
910;103;Headset;Periféricos;2026-02-21;1.0;R$ 191,89
911;101;Microfone;Periféricos;2026-02-11;;R$ 87,92
912;102;Capa Protetora;Acessórios;2026-02-06;;R$ 227,83
913;101;Teclado;Periféricos;2026-01-03;3.0;R$ 215,57
914;101;Carregador;Acessórios;2026-02-06;4.0;R$ 100,83
915;104;Headset;Periféricos;2026-02-03;6.0;R$ 151,42
916;104;Mousepad;Periféricos;2026-01-25;;R$ 161,04
917;105;Webcam;Periféricos;2026-03-06;5.0;R$ 145,55
918;104;Tablet;;2026-01-23;8.0;R$ 1719,86
919;103;   carregador  ;Acessórios;2026-02-13;6.0;R$ 146,73
920;101;Smartphone;Eletrônicos;2026-03-06;4.0;R$ 4385,87
921;103;   hub usb  ;Acessórios;2026-03-02;7.0;R$ 325,75
922;103;Câmera;Eletrônicos;2026-03-21;3.0;R$ 2028,25
923;105;Mouse;Periféricos;2026-01-25;2.0;R$ 232,65
924;101;Mousepad;Periféricos;2026-01-27;7.0;R$ 103,45
925;104;Gaveteiro;Móveis;2026-03-28;2.0;R$ 540,4
926;103;   microfone  ;Periféricos;2026-02-23;5.0;R$ 22,12
927;104;Hub USB;Acessórios;2026-03-14;3.0;R$ 78,21
928;105;Smartphone;Eletrônicos;2026-03-27;;R$ 1672,5
929;103;Carregador;Acessórios;2026-03-20;2.0;R$ 306,56
930;103;   tablet  ;Eletrônicos;2026-01-19;4.0;R$ 3046,12
931;101;Notebook;Eletrônicos;2026-01-17;1.0;R$ 2565,63
932;104;Hub USB;Acessórios;2026-03-14;6.0;R$ 142,36
933;103;Carregador;;2026-03-02;6.0;R$ 308,12
934;104;Mouse;Periféricos;2026-03-04;9.0;R$ 112,22
935;105;Capa Protetora;Acessórios;2026-02-22;4.0;R$ 21,03
936;103;Câmera;Eletrônicos;2026-02-22;8.0;R$ 1897,73
937;103;   carregador  ;Acessórios;2026-03-28;2.0;R$ 262,31
938;105;Monitor;Eletrônicos;2026-02-26;2.0;R$ 2216,34
939;102;Cabo HDMI;Acessórios;2026-02-22;9.0;R$ 99,5
940;101;Smartphone;Eletrônicos;2026-03-01;3.0;R$ 5166,32
941;103;Cabo HDMI;Acessórios;2026-03-05;9.0;R$ 229,07
942;102;Câmera;Eletrônicos;2026-02-13;7.0;R$ 3873,42
943;102;Headset;Periféricos;2026-01-10;2.0;R$ 56,76
944;101;Mesa de Escritório;Móveis;2026-02-13;10.0;R$ 1921,22
945;104;Hub USB;Acessórios;2026-02-26;3.0;R$ 191,52
946;105;Hub USB;Acessórios;2026-01-27;5.0;R$ 296,28
947;102;Smart TV;Eletrônicos;2026-02-10;9.0;R$ 5454,58
948;104;Mousepad;Periféricos;2026-02-23;7.0;R$ 39,41
949;102;Monitor;Eletrônicos;2026-02-24;7.0;R$ 2205,78
950;101;Hub USB;Acessórios;2026-02-22;8.0;R$ 346,8
951;103;Mesa de Escritório;Móveis;2026-03-28;9.0;R$ 1166,3
952;101;   gaveteiro  ;Móveis;2026-03-06;10.0;R$ 602,63
953;102;Microfone;Periféricos;2026-03-01;6.0;R$ 259,57
954;102;Carregador;Acessórios;2026-03-27;;R$ 325,58
955;101;Smart TV;Eletrônicos;2026-03-11;10.0;R$ 2838,96
956;101;Mousepad;Periféricos;2026-02-10;10.0;R$ 335,0
957;101;Carregador;Acessórios;2026-02-21;8.0;R$ 141,22
958;105;Mouse;Periféricos;2026-03-19;10.0;R$ 178,23
959;104;Carregador;Acessórios;2026-02-19;;R$ 52,82
960;102;Cabo HDMI;Acessórios;2026-02-18;9.0;R$ 278,55
961;105;Monitor;;2026-03-04;3.0;R$ 4851,42
962;103;Notebook;Eletrônicos;2026-01-19;;R$ 3867,41
963;101;Smart TV;Eletrônicos;2026-02-12;9.0;R$ 1606,54
964;101;Gaveteiro;Móveis;2026-01-19;8.0;R$ 1829,22
965;105;Microfone;Periféricos;2026-01-22;1.0;R$ 98,24
966;102;Webcam;Periféricos;2026-02-09;3.0;R$ 260,6
967;102;Carregador;Acessórios;2026-01-09;7.0;R$ 330,27
968;103;Microfone;Periféricos;2026-02-19;9.0;R$ 219,63
969;104;Cabo HDMI;Acessórios;2026-03-08;2.0;R$ 109,14
970;103;   tablet  ;Eletrônicos;2026-02-25;5.0;R$ 1487,75
971;102;Cabo HDMI;Acessórios;2026-01-06;9.0;R$ 260,35
972;105;Suporte Monitor;Móveis;2026-03-09;;R$ 517,95
973;102;Gaveteiro;Móveis;2026-02-19;3.0;R$ 869,93
974;102;Capa Protetora;Acessórios;2026-03-09;1.0;R$ 323,09
975;105;Carregador;Acessórios;2026-01-15;6.0;R$ 283,49
976;102;Cadeira Gamer;Móveis;2026-02-14;6.0;R$ 2159,54
977;101;Webcam;Periféricos;2026-01-03;5.0;R$ 202,87
978;104;Mousepad;Periféricos;2026-02-17;9.0;R$ 250,3
979;101;Capa Protetora;Acessórios;2026-03-12;4.0;R$ 348,09
980;105;   smart tv  ;Eletrônicos;2026-02-06;9.0;R$ 5047,85
981;103;Smartphone;Eletrônicos;2026-02-13;3.0;R$ 2554,43
982;105;Tablet;Eletrônicos;2026-02-16;;R$ 2044,33
983;103;Smartphone;Eletrônicos;2026-03-28;;R$ 1070,23
984;101;   tablet  ;Eletrônicos;2026-03-06;7.0;R$ 2466,3
985;105;Mousepad;Periféricos;2026-01-16;1.0;R$ 71,36
986;103;Gaveteiro;Móveis;2026-01-18;5.0;R$ 539,13
987;103;Cabo HDMI;Acessórios;2026-02-28;4.0;R$ 56,52
988;103;Monitor;Eletrônicos;2026-03-07;8.0;R$ 5310,58
989;104;   headset  ;Periféricos;2026-02-17;7.0;R$ 63,37
990;103;Câmera;;2026-01-02;6.0;R$ 2819,43
991;103;Cabo HDMI;Acessórios;2026-02-08;10.0;R$ 70,32
992;103;Microfone;Periféricos;2026-02-07;8.0;R$ 253,13
993;102;Webcam;;2026-03-21;3.0;R$ 95,7
994;102;Cabo HDMI;Acessórios;2026-03-07;2.0;R$ 305,24
995;102;Headset;Periféricos;2026-02-16;1.0;R$ 188,26
996;103;Gaveteiro;Móveis;2026-01-11;;R$ 699,85
997;103;Hub USB;Acessórios;2026-03-04;7.0;R$ 81,0
998;101;Câmera;Eletrônicos;2026-03-25;3.0;R$ 2356,7
999;105;Mesa de Escritório;Móveis;2026-03-09;;R$ 1585,52
1000;105;Notebook;Eletrônicos;2026-03-21;4.0;R$ 1706,76
1001;105;Suporte Monitor;Móveis;2026-03-16;4.0;R$ 1473,83
1002;103;Suporte Monitor;Móveis;2026-02-21;;R$ 2303,87
1003;105;Monitor;Eletrônicos;2026-03-09;3.0;R$ 2161,38
1004;102;Carregador;Acessórios;2026-03-18;9.0;R$ 340,61
1005;104;   capa protetora  ;Acessórios;2026-02-07;3.0;R$ 21,19
1006;105;Capa Protetora;Acessórios;2026-03-24;9.0;R$ 105,42
1007;101;Teclado;Periféricos;2026-01-18;4.0;R$ 116,31
1008;102;Cadeira Gamer;Móveis;2026-03-08;;R$ 1476,11
1009;103;Cadeira Gamer;Móveis;2026-03-18;5.0;R$ 1888,58
1010;101;Tablet;Eletrônicos;2026-01-24;5.0;R$ 1630,66
1011;105;Câmera;Eletrônicos;2026-03-23;7.0;R$ 5244,58
1012;102;Filtro de Linha;Acessórios;2026-02-09;4.0;R$ 211,95
1013;102;Hub USB;Acessórios;2026-01-16;2.0;R$ 183,67
1014;105;Filtro de Linha;Acessórios;2026-03-10;1.0;R$ 122,35
1015;102;Monitor;Eletrônicos;2026-01-14;4.0;R$ 2938,61
1016;102;Smart TV;Eletrônicos;2026-01-13;7.0;R$ 897,36
1017;101;   teclado  ;Periféricos;2026-01-09;3.0;R$ 329,74
1018;101;Cadeira Gamer;Móveis;2026-01-05;8.0;R$ 1971,28
1019;104;   teclado  ;Periféricos;2026-01-18;5.0;R$ 227,07
1020;103;   smart tv  ;Eletrônicos;2026-02-05;;R$ 5087,18
1021;103;Microfone;Periféricos;2026-02-22;2.0;R$ 182,3
1022;103;   cadeira gamer  ;Móveis;2026-03-11;2.0;R$ 1093,09
1023;102;Mousepad;Periféricos;2026-03-11;10.0;R$ 79,85
1024;105;Suporte Monitor;Móveis;2026-01-09;8.0;R$ 1755,81
1025;101;Monitor;Eletrônicos;2026-03-05;6.0;R$ 1494,57
1026;101;Smart TV;Eletrônicos;2026-02-24;5.0;R$ 1479,94
1027;103;Gaveteiro;Móveis;2026-02-16;7.0;R$ 1623,83
1028;102;Carregador;Acessórios;2026-03-16;9.0;R$ 196,14
1029;105;Capa Protetora;;2026-03-25;4.0;R$ 252,02
1030;101;Gaveteiro;Móveis;2026-01-04;1.0;R$ 2305,0
1031;102;Gaveteiro;Móveis;2026-01-27;9.0;R$ 2438,0
1032;101;Mouse;Periféricos;2026-03-23;;R$ 144,56
1033;101;   smartphone  ;Eletrônicos;2026-03-28;3.0;R$ 941,87
1034;105;Filtro de Linha;Acessórios;2026-01-16;3.0;R$ 266,88
1035;103;Cabo HDMI;Acessórios;2026-02-04;3.0;R$ 39,8
1036;102;Smartphone;Eletrônicos;2026-02-22;8.0;R$ 3404,53
1037;102;Filtro de Linha;Acessórios;2026-02-03;9.0;R$ 144,59
1038;101;Mousepad;Periféricos;2026-01-27;;R$ 219,68
1039;104;   filtro de linha  ;Acessórios;2026-01-26;6.0;R$ 233,39
1040;105;Cadeira Gamer;Móveis;2026-01-10;;R$ 1491,45
1041;103;   webcam  ;Periféricos;2026-01-21;;R$ 99,31
1042;104;Notebook;Eletrônicos;2026-02-03;5.0;R$ 839,85
1043;102;Gaveteiro;Móveis;2026-03-12;;R$ 1845,84
1044;101;Mouse;;2026-03-26;7.0;R$ 177,39
1045;104;Câmera;Eletrônicos;2026-01-23;4.0;R$ 4956,69
1046;102;Gaveteiro;Móveis;2026-01-11;5.0;R$ 1092,7
1047;104;   teclado  ;Periféricos;2026-03-20;2.0;R$ 336,15
1048;101;Headset;Periféricos;2026-03-28;2.0;R$ 184,64
1049;101;Suporte Monitor;Móveis;2026-02-03;2.0;R$ 694,21
1050;103;Filtro de Linha;Acessórios;2026-01-19;8.0;R$ 33,07
1051;102;Hub USB;Acessórios;2026-03-28;10.0;R$ 334,17
1052;103;   smart tv  ;Eletrônicos;2026-03-02;4.0;R$ 4088,8
1053;104;Webcam;Periféricos;2026-02-28;2.0;R$ 93,61
1054;104;Cabo HDMI;Acessórios;2026-01-06;2.0;R$ 322,76
1055;103;Tablet;Eletrônicos;2026-02-20;8.0;R$ 1799,39
1056;105;Mousepad;Periféricos;2026-01-21;;R$ 125,66
1057;103;Carregador;Acessórios;2026-01-02;4.0;R$ 306,45
1058;102;Monitor;Eletrônicos;2026-01-09;7.0;R$ 1184,03
1059;102;Mesa de Escritório;Móveis;2026-01-03;7.0;R$ 1052,44
1060;104;Carregador;Acessórios;2026-03-23;3.0;R$ 338,64
1061;101;Mouse;Periféricos;2026-03-22;10.0;R$ 223,45
1062;103;Monitor;Eletrônicos;2026-02-05;8.0;R$ 4862,22
1063;105;Smartphone;;2026-01-21;8.0;R$ 3802,91
1064;102;Capa Protetora;Acessórios;2026-01-20;7.0;R$ 91,33
1065;101;Suporte Monitor;Móveis;2026-01-10;5.0;R$ 1404,59
1066;104;Carregador;Acessórios;2026-02-12;9.0;R$ 160,53
1067;104;Hub USB;Acessórios;2026-01-18;10.0;R$ 73,68
1068;104;   cadeira gamer  ;Móveis;2026-01-26;;R$ 497,2
1069;105;Câmera;Eletrônicos;2026-02-17;10.0;R$ 4587,59
1070;104;Cabo HDMI;Acessórios;2026-01-28;8.0;R$ 333,68
1071;104;Tablet;Eletrônicos;2026-01-17;5.0;R$ 2057,76
1072;104;Mouse;Periféricos;2026-02-02;1.0;R$ 28,66
1073;105;Suporte Monitor;Móveis;2026-01-19;7.0;R$ 832,03
1074;101;Filtro de Linha;Acessórios;2026-03-13;3.0;R$ 153,03
1075;102;Câmera;Eletrônicos;2026-03-26;7.0;R$ 4762,24
1076;103;Mouse;Periféricos;2026-01-01;7.0;R$ 23,81
1077;105;Smart TV;Eletrônicos;2026-02-01;3.0;R$ 5422,05
1078;102;Mesa de Escritório;Móveis;2026-03-27;4.0;R$ 1897,89
1079;101;Cadeira Gamer;Móveis;2026-01-21;1.0;R$ 1704,45
1080;105;Notebook;Eletrônicos;2026-01-10;;R$ 5004,64
1081;102;Cabo HDMI;Acessórios;2026-02-26;1.0;R$ 156,54
1082;104;Hub USB;Acessórios;2026-03-15;;R$ 79,34
1083;105;Notebook;;2026-02-12;8.0;R$ 5476,11
1084;103;Monitor;Eletrônicos;2026-03-01;9.0;R$ 908,28
1085;101;Mouse;Periféricos;2026-02-05;4.0;R$ 47,54
1086;102;Tablet;Eletrônicos;2026-03-18;5.0;R$ 2995,11
1087;102;Mesa de Escritório;Móveis;2026-01-22;5.0;R$ 2416,12
1088;102;Microfone;Periféricos;2026-02-14;8.0;R$ 159,83
1089;105;Carregador;Acessórios;2026-01-19;6.0;R$ 143,41
1090;101;Gaveteiro;Móveis;2026-02-20;;R$ 1074,96
1091;102;Mesa de Escritório;Móveis;2026-01-07;6.0;R$ 1118,32
1092;101;Mesa de Escritório;Móveis;2026-02-19;6.0;R$ 2277,24
1093;105;Mouse;Periféricos;2026-03-09;10.0;R$ 332,27
1094;104;Hub USB;;2026-02-07;4.0;R$ 36,39
1095;101;   smartphone  ;;2026-01-20;6.0;R$ 3578,5
1096;105;Smartphone;Eletrônicos;2026-02-05;7.0;R$ 973,94
1097;101;Smartphone;Eletrônicos;2026-01-27;7.0;R$ 4199,29
1098;105;Gaveteiro;Móveis;2026-03-02;7.0;R$ 956,58
1099;101;Cadeira Gamer;Móveis;2026-01-08;1.0;R$ 2116,0
1100;104;Teclado;;2026-01-07;6.0;R$ 289,33
1101;101;Cadeira Gamer;Móveis;2026-01-02;5.0;R$ 465,09
1102;103;Teclado;Periféricos;2026-03-15;2.0;R$ 61,68
1103;104;Cabo HDMI;Acessórios;2026-03-17;4.0;R$ 210,7
1104;104;Mouse;Periféricos;2026-02-25;5.0;R$ 254,76
1105;102;Notebook;Eletrônicos;2026-02-02;4.0;R$ 861,7
1106;101;Mesa de Escritório;Móveis;2026-03-25;9.0;R$ 1430,64
1107;102;Monitor;Eletrônicos;2026-01-12;7.0;R$ 5382,8
1108;102;Tablet;Eletrônicos;2026-02-06;5.0;R$ 5272,02
1109;101;Monitor;Eletrônicos;2026-01-15;3.0;R$ 2053,76
1110;101;Tablet;Eletrônicos;2026-02-07;3.0;R$ 2665,56
1111;103;Notebook;Eletrônicos;2026-03-13;7.0;R$ 1711,48
1112;105;   capa protetora  ;Acessórios;2026-02-04;1.0;R$ 233,29
1113;101;Mesa de Escritório;Móveis;2026-01-18;2.0;R$ 906,01
1114;104;Monitor;Eletrônicos;2026-03-27;5.0;R$ 3127,31
1115;105;Cadeira Gamer;Móveis;2026-01-06;9.0;R$ 2297,12
1116;102;   headset  ;Periféricos;2026-03-03;3.0;R$ 81,82
1117;104;   hub usb  ;Acessórios;2026-01-06;5.0;R$ 310,81
1118;103;Capa Protetora;;2026-01-16;;R$ 175,95
1119;103;Webcam;Periféricos;2026-03-06;;R$ 275,83
1120;104;Suporte Monitor;Móveis;2026-03-16;;R$ 1101,44
1121;105;Cabo HDMI;Acessórios;2026-02-22;;R$ 260,31
1122;102;Gaveteiro;Móveis;2026-01-08;10.0;R$ 1930,23
1123;102;Cabo HDMI;Acessórios;2026-02-21;9.0;R$ 316,74
1124;103;Suporte Monitor;Móveis;2026-02-19;7.0;R$ 2379,59
1125;103;Smartphone;Eletrônicos;2026-02-19;6.0;R$ 2155,52
1126;104;Webcam;Periféricos;2026-02-20;9.0;R$ 239,23
1127;101;Cabo HDMI;;2026-01-10;10.0;R$ 60,73
1128;101;Tablet;Eletrônicos;2026-01-12;5.0;R$ 4490,74
1129;101;Mesa de Escritório;Móveis;2026-03-07;;R$ 1587,49
1130;103;Microfone;Periféricos;2026-03-13;7.0;R$ 151,71
1131;105;Mesa de Escritório;Móveis;2026-03-14;6.0;R$ 2069,64
1132;104;Headset;Periféricos;2026-02-03;5.0;R$ 207,0
1133;104;Monitor;Eletrônicos;2026-03-15;6.0;R$ 3167,93
1134;104;   carregador  ;Acessórios;2026-02-01;9.0;R$ 28,72
1135;103;   webcam  ;Periféricos;2026-03-12;3.0;R$ 224,89
1136;104;   mousepad  ;Periféricos;2026-03-01;8.0;R$ 286,47
1137;101;Cadeira Gamer;Móveis;2026-02-20;2.0;R$ 2108,27
1138;101;Câmera;Eletrônicos;2026-01-17;3.0;R$ 3441,63
1139;102;Suporte Monitor;Móveis;2026-03-01;8.0;R$ 1672,06
1140;101;Monitor;Eletrônicos;2026-01-04;8.0;R$ 915,89
1141;103;Carregador;Acessórios;2026-01-27;4.0;R$ 297,77
1142;105;Smartphone;Eletrônicos;2026-01-21;1.0;R$ 1668,6
1143;105;Mousepad;Periféricos;2026-02-10;5.0;R$ 240,29
1144;104;Cabo HDMI;Acessórios;2026-02-14;7.0;R$ 68,89
1145;105;   cadeira gamer  ;Móveis;2026-03-21;10.0;R$ 1277,85
1146;104;Cadeira Gamer;Móveis;2026-01-12;9.0;R$ 2182,85
1147;104;Monitor;Eletrônicos;2026-03-05;6.0;R$ 3882,89
1148;102;Suporte Monitor;Móveis;2026-02-03;8.0;R$ 1128,35
1149;105;Mesa de Escritório;Móveis;2026-03-11;10.0;R$ 2401,43
1150;101;Câmera;Eletrônicos;2026-01-08;2.0;R$ 3926,73
1151;102;Mouse;Periféricos;2026-01-24;7.0;R$ 269,42
1152;101;Câmera;Eletrônicos;2026-01-15;6.0;R$ 3650,71
1153;104;Filtro de Linha;Acessórios;2026-03-19;9.0;R$ 85,91
1154;102;   mousepad  ;Periféricos;2026-03-26;;R$ 48,39
1155;101;Mouse;Periféricos;2026-02-25;7.0;R$ 207,54
1156;105;Filtro de Linha;Acessórios;2026-01-19;8.0;R$ 185,28
1157;101;   carregador  ;Acessórios;2026-03-13;2.0;R$ 207,82
1158;104;Mouse;Periféricos;2026-03-18;6.0;R$ 27,44
1159;104;Cadeira Gamer;Móveis;2026-01-10;2.0;R$ 1475,73
1160;103;Capa Protetora;Acessórios;2026-01-18;2.0;R$ 212,31
1161;101;Gaveteiro;Móveis;2026-02-07;;R$ 2253,66
1162;103;   monitor  ;Eletrônicos;2026-02-03;10.0;R$ 5050,32
1163;101;Capa Protetora;Acessórios;2026-03-20;2.0;R$ 312,88
1164;101;Smartphone;Eletrônicos;2026-03-08;6.0;R$ 2828,12
1165;101;Notebook;Eletrônicos;2026-01-18;10.0;R$ 4843,38
1166;101;   carregador  ;Acessórios;2026-03-05;7.0;R$ 251,44
1167;105;   suporte monitor  ;Móveis;2026-01-11;7.0;R$ 2319,75
1168;104;   notebook  ;Eletrônicos;2026-03-08;1.0;R$ 1160,07
1169;103;Headset;Periféricos;2026-01-20;7.0;R$ 177,97
1170;105;Mousepad;Periféricos;2026-03-24;6.0;R$ 316,22
1171;103;Mesa de Escritório;Móveis;2026-03-09;6.0;R$ 1835,1
1172;105;Hub USB;Acessórios;2026-01-07;3.0;R$ 297,67
1173;101;Mesa de Escritório;Móveis;2026-01-08;8.0;R$ 1729,8
1174;101;Suporte Monitor;Móveis;2026-03-13;;R$ 2119,79
1175;104;Smartphone;Eletrônicos;2026-02-15;1.0;R$ 1854,91
1176;103;Smart TV;Eletrônicos;2026-02-01;10.0;R$ 4346,05
1177;105;Mouse;Periféricos;2026-02-24;10.0;R$ 163,25
1178;101;Smart TV;Eletrônicos;2026-02-24;5.0;R$ 4835,02
1179;105;Mesa de Escritório;Móveis;2026-02-15;;R$ 590,12
1180;101;Webcam;Periféricos;2026-02-11;10.0;R$ 150,22
1181;105;   notebook  ;Eletrônicos;2026-02-19;6.0;R$ 4729,2
1182;101;Cabo HDMI;Acessórios;2026-02-16;;R$ 91,89
1183;105;   cadeira gamer  ;Móveis;2026-02-06;5.0;R$ 1985,15
1184;102;Webcam;Periféricos;2026-03-02;;R$ 57,77
1185;105;Cadeira Gamer;Móveis;2026-03-23;4.0;R$ 433,79
1186;103;Smart TV;Eletrônicos;2026-01-12;2.0;R$ 1164,15
1187;103;Gaveteiro;Móveis;2026-01-21;7.0;R$ 2226,88
1188;103;Hub USB;Acessórios;2026-02-10;10.0;R$ 30,28
1189;105;Notebook;Eletrônicos;2026-03-07;6.0;R$ 3200,74
1190;103;   mousepad  ;Periféricos;2026-03-02;3.0;R$ 145,76
1191;102;Capa Protetora;Acessórios;2026-03-04;9.0;R$ 283,41
1192;103;Mesa de Escritório;Móveis;2026-03-10;4.0;R$ 1023,11
1193;103;Câmera;Eletrônicos;2026-01-15;7.0;R$ 2500,84
1194;104;Mousepad;Periféricos;2026-02-08;10.0;R$ 293,18
1195;104;Webcam;Periféricos;2026-02-26;5.0;R$ 132,72
1196;102;Filtro de Linha;Acessórios;2026-01-15;1.0;R$ 75,03
1197;104;Monitor;Eletrônicos;2026-01-27;7.0;R$ 912,48
1198;105;Carregador;Acessórios;2026-02-05;7.0;R$ 249,99
1199;103;Câmera;Eletrônicos;2026-01-03;6.0;R$ 5264,62
1200;104;Gaveteiro;Móveis;2026-03-05;3.0;R$ 1892,16
1201;102;Smart TV;Eletrônicos;2026-03-12;8.0;R$ 2583,06
1202;101;Headset;Periféricos;2026-02-11;1.0;R$ 206,16
1203;104;Suporte Monitor;Móveis;2026-02-11;;R$ 2397,73
1204;102;Capa Protetora;Acessórios;2026-02-19;10.0;R$ 123,74
1205;104;Filtro de Linha;Acessórios;2026-01-10;5.0;R$ 346,31
1206;102;Monitor;Eletrônicos;2026-03-27;;R$ 4347,86
1207;105;Mouse;Periféricos;2026-02-27;1.0;R$ 141,95
1208;104;Mousepad;Periféricos;2026-02-04;2.0;R$ 166,65
1209;103;Tablet;Eletrônicos;2026-01-24;4.0;R$ 4218,6
1210;105;Câmera;Eletrônicos;2026-03-11;1.0;R$ 2836,87
1211;105;Câmera;Eletrônicos;2026-03-01;4.0;R$ 1443,31
1212;103;Filtro de Linha;Acessórios;2026-02-27;3.0;R$ 262,08
1213;105;Mouse;Periféricos;2026-02-03;8.0;R$ 204,05
1214;103;Capa Protetora;Acessórios;2026-01-21;6.0;R$ 179,8
1215;102;Gaveteiro;Móveis;2026-02-26;7.0;R$ 1615,25
1216;103;   carregador  ;Acessórios;2026-02-08;7.0;R$ 58,22
1217;104;Mousepad;Periféricos;2026-02-20;;R$ 246,78
1218;104;Smart TV;Eletrônicos;2026-02-09;6.0;R$ 2732,78
1219;101;Gaveteiro;Móveis;2026-03-08;;R$ 1699,79
1220;102;Microfone;;2026-01-20;10.0;R$ 128,8
1221;104;Câmera;Eletrônicos;2026-02-12;;R$ 1098,28
1222;102;Filtro de Linha;Acessórios;2026-02-26;3.0;R$ 320,52
1223;101;Notebook;Eletrônicos;2026-03-04;9.0;R$ 2670,31
1224;102;Mouse;Periféricos;2026-02-24;2.0;R$ 288,29
1225;103;Notebook;Eletrônicos;2026-01-17;7.0;R$ 894,72
1226;101;Filtro de Linha;Acessórios;2026-03-28;5.0;R$ 278,97
1227;104;Mouse;Periféricos;2026-02-21;10.0;R$ 175,56
1228;105;Gaveteiro;Móveis;2026-02-23;9.0;R$ 1414,51
1229;103;Smartphone;Eletrônicos;2026-01-19;1.0;R$ 2667,54
1230;103;Mesa de Escritório;Móveis;2026-03-03;2.0;R$ 1533,95
1231;101;   mousepad  ;Periféricos;2026-03-27;8.0;R$ 192,72
1232;104;Gaveteiro;Móveis;2026-02-24;;R$ 2135,51
1233;101;Mesa de Escritório;Móveis;2026-03-26;8.0;R$ 1500,3
1234;104;Notebook;Eletrônicos;2026-02-23;2.0;R$ 2565,72
1235;102;   mousepad  ;Periféricos;2026-01-02;7.0;R$ 183,41
1236;105;Carregador;Acessórios;2026-01-10;2.0;R$ 163,71
1237;105;Suporte Monitor;Móveis;2026-03-21;3.0;R$ 611,34
1238;103;   gaveteiro  ;Móveis;2026-02-07;6.0;R$ 2339,58
1239;105;Cabo HDMI;Acessórios;2026-02-14;;R$ 69,62
1240;102;Microfone;Periféricos;2026-01-18;;R$ 129,24
1241;103;Headset;Periféricos;2026-03-01;4.0;R$ 110,61
1242;103;   gaveteiro  ;Móveis;2026-02-18;9.0;R$ 1711,52
1243;102;Mesa de Escritório;Móveis;2026-02-19;2.0;R$ 578,75
1244;105;Gaveteiro;Móveis;2026-01-06;1.0;R$ 2023,4
1245;102;Teclado;Periféricos;2026-02-28;1.0;R$ 126,7
1246;104;Carregador;Acessórios;2026-02-10;9.0;R$ 270,8
1247;104;Suporte Monitor;Móveis;2026-03-11;9.0;R$ 472,04
1248;103;Mousepad;Periféricos;2026-03-15;8.0;R$ 249,38
1249;103;Mouse;Periféricos;2026-02-28;8.0;R$ 274,35
1250;102;Hub USB;Acessórios;2026-01-24;1.0;R$ 84,63
1251;103;Tablet;Eletrônicos;2026-02-17;;R$ 3651,84
1252;101;Suporte Monitor;Móveis;2026-03-02;10.0;R$ 2111,32
1253;104;Filtro de Linha;;2026-02-24;;R$ 286,45
1254;102;   teclado  ;Periféricos;2026-01-14;2.0;R$ 38,5
1255;105;Mesa de Escritório;Móveis;2026-03-20;1.0;R$ 1031,86
1256;102;Cadeira Gamer;Móveis;2026-03-13;7.0;R$ 2142,98
1257;105;Microfone;Periféricos;2026-02-03;3.0;R$ 166,32
1258;102;   tablet  ;Eletrônicos;2026-02-18;6.0;R$ 1353,26
1259;104;Notebook;Eletrônicos;2026-01-06;2.0;R$ 1672,6
1260;101;Microfone;Periféricos;2026-02-15;2.0;R$ 309,48
1261;102;Headset;Periféricos;2026-01-13;5.0;R$ 78,74
1262;102;Mesa de Escritório;Móveis;2026-01-10;5.0;R$ 1834,63
1263;103;Filtro de Linha;Acessórios;2026-01-27;10.0;R$ 147,27
1264;103;Mesa de Escritório;Móveis;2026-02-23;9.0;R$ 1513,54
1265;102;Mesa de Escritório;Móveis;2026-02-09;1.0;R$ 2328,22
1266;104;Suporte Monitor;Móveis;2026-03-13;10.0;R$ 2282,8
1267;101;Mousepad;Periféricos;2026-02-11;6.0;R$ 233,8
1268;104;Mouse;Periféricos;2026-02-26;10.0;R$ 170,63
1269;102;Suporte Monitor;Móveis;2026-03-11;8.0;R$ 1792,82
1270;105;Smartphone;;2026-02-25;5.0;R$ 5283,72
1271;103;Webcam;Periféricos;2026-01-05;;R$ 280,23
1272;102;Gaveteiro;Móveis;2026-02-06;8.0;R$ 301,86
1273;101;Teclado;Periféricos;2026-01-14;2.0;R$ 258,96
1274;101;Filtro de Linha;Acessórios;2026-02-04;8.0;R$ 201,44
1275;104;Filtro de Linha;Acessórios;2026-01-13;3.0;R$ 125,06
1276;103;   capa protetora  ;Acessórios;2026-02-18;2.0;R$ 134,47
1277;105;Teclado;Periféricos;2026-02-12;;R$ 185,48
1278;101;Teclado;Periféricos;2026-02-07;1.0;R$ 89,71
1279;104;Headset;Periféricos;2026-02-13;8.0;R$ 31,49
1280;105;Smartphone;Eletrônicos;2026-01-12;2.0;R$ 3882,58
1281;102;Carregador;Acessórios;2026-01-16;;R$ 159,41
1282;101;   capa protetora  ;Acessórios;2026-02-25;8.0;R$ 254,97
1283;102;Capa Protetora;Acessórios;2026-02-28;2.0;R$ 69,63
1284;102;   carregador  ;Acessórios;2026-01-15;5.0;R$ 33,15
1285;105;Suporte Monitor;Móveis;2026-02-11;;R$ 1987,03
1286;104;Smartphone;;2026-02-10;1.0;R$ 3600,16
1287;102;Mouse;Periféricos;2026-03-04;3.0;R$ 259,84
1288;104;Microfone;;2026-03-19;8.0;R$ 33,41
1289;101;   capa protetora  ;Acessórios;2026-03-03;6.0;R$ 326,06
1290;103;Smartphone;Eletrônicos;2026-01-26;4.0;R$ 3483,21
1291;102;Tablet;Eletrônicos;2026-03-16;4.0;R$ 4375,38
1292;103;Smart TV;;2026-02-06;5.0;R$ 2081,59
1293;102;Suporte Monitor;Móveis;2026-02-20;6.0;R$ 513,72
1294;105;   gaveteiro  ;Móveis;2026-03-14;10.0;R$ 1023,25
1295;103;Suporte Monitor;Móveis;2026-02-05;8.0;R$ 2179,58
1296;104;Gaveteiro;Móveis;2026-01-22;10.0;R$ 2428,99
1297;102;Suporte Monitor;Móveis;2026-02-25;6.0;R$ 1293,3
1298;105;Gaveteiro;Móveis;2026-02-25;1.0;R$ 1953,05
1299;104;Mousepad;Periféricos;2026-03-28;2.0;R$ 52,0
1300;102;Microfone;Periféricos;2026-02-18;7.0;R$ 136,17
1301;103;Câmera;Eletrônicos;2026-03-21;6.0;R$ 3160,83
1302;104;Gaveteiro;Móveis;2026-01-28;;R$ 1180,12
1303;102;Smartphone;Eletrônicos;2026-03-21;7.0;R$ 5378,96
1304;102;Smart TV;Eletrônicos;2026-03-24;7.0;R$ 5243,8
1305;104;Tablet;Eletrônicos;2026-01-24;10.0;R$ 4952,51
1306;102;Hub USB;Acessórios;2026-03-28;4.0;R$ 77,82
1307;103;Notebook;Eletrônicos;2026-01-19;8.0;R$ 2958,21
1308;102;Capa Protetora;Acessórios;2026-03-04;10.0;R$ 296,5
1309;101;   câmera  ;Eletrônicos;2026-01-22;7.0;R$ 4875,19
1310;104;Cadeira Gamer;;2026-03-25;10.0;R$ 1723,6
1311;101;Gaveteiro;Móveis;2026-03-25;1.0;R$ 1099,42
1312;104;Notebook;Eletrônicos;2026-01-28;5.0;R$ 4362,32
1313;103;   hub usb  ;Acessórios;2026-01-08;;R$ 89,33
1314;104;Headset;Periféricos;2026-02-10;8.0;R$ 129,12
1315;101;Teclado;Periféricos;2026-03-10;1.0;R$ 92,94
1316;102;Gaveteiro;Móveis;2026-03-15;5.0;R$ 639,77
1317;104;Mesa de Escritório;;2026-01-28;4.0;R$ 1583,11
1318;105;Carregador;Acessórios;2026-03-06;6.0;R$ 232,47
1319;104;   filtro de linha  ;Acessórios;2026-03-16;3.0;R$ 179,72
1320;102;Mesa de Escritório;Móveis;2026-01-05;5.0;R$ 1639,01
1321;104;   capa protetora  ;Acessórios;2026-03-01;9.0;R$ 316,38
1322;101;Cadeira Gamer;Móveis;2026-02-18;9.0;R$ 2162,53
1323;104;Teclado;Periféricos;2026-02-26;3.0;R$ 247,6
1324;104;Mouse;Periféricos;2026-03-09;9.0;R$ 111,57
1325;102;Cadeira Gamer;Móveis;2026-01-08;4.0;R$ 1588,49
1326;101;Cadeira Gamer;Móveis;2026-01-16;2.0;R$ 1272,18
1327;105;Hub USB;Acessórios;2026-03-01;10.0;R$ 161,82
1328;102;Cabo HDMI;Acessórios;2026-02-25;7.0;R$ 218,45
1329;105;Suporte Monitor;Móveis;2026-02-28;9.0;R$ 847,85
1330;104;Monitor;Eletrônicos;2026-02-01;6.0;R$ 4998,83
1331;104;Cadeira Gamer;Móveis;2026-02-11;9.0;R$ 2109,63
1332;103;Suporte Monitor;Móveis;2026-03-16;2.0;R$ 1806,44
1333;103;Teclado;Periféricos;2026-02-26;3.0;R$ 301,28
1334;104;Hub USB;Acessórios;2026-01-09;8.0;R$ 328,33
1335;103;Gaveteiro;Móveis;2026-02-14;10.0;R$ 1165,79
1336;104;Mesa de Escritório;Móveis;2026-02-25;5.0;R$ 342,86
1337;103;Cadeira Gamer;Móveis;2026-02-14;7.0;R$ 1016,51
1338;105;Hub USB;Acessórios;2026-01-03;4.0;R$ 72,94
1339;101;Carregador;Acessórios;2026-01-09;;R$ 213,42
1340;105;Gaveteiro;Móveis;2026-02-04;8.0;R$ 595,43
1341;104;Teclado;Periféricos;2026-03-10;;R$ 86,0
1342;103;Cadeira Gamer;Móveis;2026-01-25;2.0;R$ 2215,6
1343;103;Filtro de Linha;Acessórios;2026-01-11;8.0;R$ 95,14
1344;103;Cadeira Gamer;Móveis;2026-01-04;7.0;R$ 1240,13
1345;101;Cadeira Gamer;Móveis;2026-03-14;1.0;R$ 2411,53
1346;103;Cadeira Gamer;Móveis;2026-03-03;10.0;R$ 502,72
1347;105;Smart TV;Eletrônicos;2026-02-20;4.0;R$ 4333,96
1348;104;Microfone;Periféricos;2026-02-03;3.0;R$ 233,79
1349;104;Smartphone;;2026-03-10;1.0;R$ 3731,34
1350;102;Mesa de Escritório;Móveis;2026-03-22;6.0;R$ 1471,2
1351;103;Teclado;Periféricos;2026-01-07;;R$ 79,92
1352;102;Cadeira Gamer;Móveis;2026-02-28;6.0;R$ 2342,62
1353;103;Teclado;Periféricos;2026-02-01;3.0;R$ 309,62
1354;101;Filtro de Linha;Acessórios;2026-02-02;8.0;R$ 164,72
1355;101;Monitor;Eletrônicos;2026-03-19;9.0;R$ 1372,01
1356;105;Suporte Monitor;Móveis;2026-02-07;4.0;R$ 2467,33
1357;101;Cabo HDMI;Acessórios;2026-01-13;7.0;R$ 152,1
1358;101;   hub usb  ;Acessórios;2026-01-23;2.0;R$ 234,64
1359;103;   cadeira gamer  ;Móveis;2026-01-28;;R$ 690,19
1360;104;Notebook;Eletrônicos;2026-03-26;4.0;R$ 4871,82
1361;102;Filtro de Linha;Acessórios;2026-01-17;3.0;R$ 264,85
1362;101;Mouse;Periféricos;2026-02-07;5.0;R$ 153,21
1363;101;Tablet;Eletrônicos;2026-01-16;1.0;R$ 4254,27
1364;105;   teclado  ;Periféricos;2026-01-01;;R$ 316,07
1365;104;Carregador;;2026-03-15;3.0;R$ 302,78
1366;103;Headset;Periféricos;2026-03-18;6.0;R$ 335,78
1367;105;Teclado;Periféricos;2026-01-17;3.0;R$ 285,8
1368;104;Cadeira Gamer;Móveis;2026-01-08;5.0;R$ 706,18
1369;105;   mesa de escritório  ;Móveis;2026-02-14;6.0;R$ 1754,64
1370;104;Monitor;Eletrônicos;2026-01-01;3.0;R$ 3782,76
1371;101;Carregador;Acessórios;2026-02-07;10.0;R$ 153,87
1372;104;Câmera;Eletrônicos;2026-02-21;9.0;R$ 5142,26
1373;104;Cabo HDMI;Acessórios;2026-03-28;6.0;R$ 271,88
1374;101;Mouse;Periféricos;2026-01-15;2.0;R$ 59,69
1375;104;Capa Protetora;Acessórios;2026-01-28;9.0;R$ 80,26
1376;102;Mouse;Periféricos;2026-01-24;6.0;R$ 193,44
1377;101;Mesa de Escritório;Móveis;2026-03-17;3.0;R$ 1123,84
1378;105;Microfone;;2026-01-18;10.0;R$ 159,93
1379;104;   gaveteiro  ;Móveis;2026-03-14;8.0;R$ 1329,61
1380;103;   mesa de escritório  ;Móveis;2026-03-20;;R$ 2410,41
1381;102;   mousepad  ;Periféricos;2026-01-21;7.0;R$ 149,03
1382;103;Mousepad;Periféricos;2026-01-24;10.0;R$ 331,63
1383;103;Câmera;Eletrônicos;2026-01-17;5.0;R$ 3263,93
1384;104;Cadeira Gamer;Móveis;2026-03-24;;R$ 1299,61
1385;103;Cadeira Gamer;Móveis;2026-02-27;5.0;R$ 548,24
1386;104;Mesa de Escritório;Móveis;2026-03-04;2.0;R$ 2494,73
1387;104;Carregador;Acessórios;2026-01-21;2.0;R$ 305,51
1388;103;Gaveteiro;Móveis;2026-03-27;;R$ 2462,79
1389;102;Filtro de Linha;Acessórios;2026-03-14;5.0;R$ 54,31
1390;105;Capa Protetora;Acessórios;2026-03-28;7.0;R$ 33,89
1391;101;Notebook;Eletrônicos;2026-01-12;10.0;R$ 3961,26
1392;101;Gaveteiro;Móveis;2026-02-19;9.0;R$ 382,01
1393;104;Monitor;Eletrônicos;2026-03-06;1.0;R$ 3763,45
1394;101;Hub USB;Acessórios;2026-02-27;6.0;R$ 136,28
1395;103;Hub USB;Acessórios;2026-01-07;9.0;R$ 274,37
1396;103;Mousepad;Periféricos;2026-01-11;6.0;R$ 223,41
1397;103;Câmera;Eletrônicos;2026-01-21;7.0;R$ 2270,74
1398;103;Hub USB;Acessórios;2026-02-26;8.0;R$ 315,61
1399;101;Webcam;Periféricos;2026-02-17;9.0;R$ 117,75
1400;101;   mouse  ;Periféricos;2026-01-23;10.0;R$ 321,85
1401;103;Gaveteiro;Móveis;2026-01-13;2.0;R$ 2159,02
1402;105;   tablet  ;Eletrônicos;2026-01-15;1.0;R$ 1955,75
1403;102;Teclado;Periféricos;2026-01-15;4.0;R$ 67,97
1404;104;Carregador;Acessórios;2026-03-18;10.0;R$ 83,44
1405;105;Hub USB;Acessórios;2026-03-26;6.0;R$ 285,13
1406;102;Suporte Monitor;Móveis;2026-01-23;3.0;R$ 1007,66
1407;105;Mouse;Periféricos;2026-03-23;8.0;R$ 196,67
1408;103;   mousepad  ;Periféricos;2026-02-19;1.0;R$ 171,88
1409;102;   smart tv  ;Eletrônicos;2026-02-18;1.0;R$ 5010,46
1410;103;Câmera;Eletrônicos;2026-02-19;5.0;R$ 5252,55
1411;102;Filtro de Linha;Acessórios;2026-03-15;5.0;R$ 197,67
1412;105;Filtro de Linha;Acessórios;2026-03-22;;R$ 123,77
1413;103;Notebook;Eletrônicos;2026-03-03;9.0;R$ 2744,44
1414;102;Mouse;Periféricos;2026-03-16;;R$ 129,49
1415;104;Carregador;Acessórios;2026-03-16;3.0;R$ 299,6
1416;104;Gaveteiro;Móveis;2026-01-06;5.0;R$ 1183,14
1417;103;Cabo HDMI;Acessórios;2026-03-09;;R$ 310,17
1418;101;Mouse;Periféricos;2026-03-01;1.0;R$ 127,86
1419;103;   monitor  ;Eletrônicos;2026-01-21;10.0;R$ 3141,55
1420;102;Mesa de Escritório;Móveis;2026-02-23;3.0;R$ 1416,12
1421;105;   tablet  ;Eletrônicos;2026-02-04;6.0;R$ 4010,25
1422;102;Webcam;Periféricos;2026-02-15;9.0;R$ 294,48
1423;101;   mesa de escritório  ;Móveis;2026-02-05;4.0;R$ 2412,85
1424;101;Capa Protetora;Acessórios;2026-01-28;9.0;R$ 50,01
1425;105;Capa Protetora;Acessórios;2026-03-07;5.0;R$ 125,7
1426;104;Carregador;Acessórios;2026-02-03;8.0;R$ 27,87
1427;103;Hub USB;Acessórios;2026-03-23;;R$ 194,09
1428;105;Microfone;Periféricos;2026-02-24;;R$ 196,32
1429;105;Câmera;Eletrônicos;2026-02-24;9.0;R$ 3262,73
1430;102;Smartphone;Eletrônicos;2026-01-08;6.0;R$ 1142,93
1431;101;Smartphone;Eletrônicos;2026-01-23;;R$ 5144,27
1432;103;Mousepad;Periféricos;2026-01-12;7.0;R$ 34,77
1433;104;Mesa de Escritório;Móveis;2026-03-24;;R$ 1200,25
1434;102;Hub USB;Acessórios;2026-03-01;7.0;R$ 33,79
1435;101;Notebook;Eletrônicos;2026-01-26;8.0;R$ 1112,55
1436;104;Suporte Monitor;Móveis;2026-02-28;10.0;R$ 875,3
1437;102;   smart tv  ;Eletrônicos;2026-02-07;;R$ 3235,66
1438;101;   filtro de linha  ;Acessórios;2026-01-25;2.0;R$ 99,78
1439;105;   câmera  ;;2026-03-25;4.0;R$ 4412,18
1440;102;Suporte Monitor;Móveis;2026-01-12;8.0;R$ 741,43
1441;103;Monitor;;2026-01-21;4.0;R$ 2378,68
1442;102;Mesa de Escritório;Móveis;2026-01-18;6.0;R$ 424,77
1443;105;Microfone;Periféricos;2026-02-12;1.0;R$ 67,35
1444;105;   smartphone  ;Eletrônicos;2026-03-04;;R$ 4382,23
1445;104;Hub USB;Acessórios;2026-03-20;7.0;R$ 168,39
1446;103;Carregador;Acessórios;2026-01-15;9.0;R$ 310,22
1447;104;Mesa de Escritório;;2026-02-24;1.0;R$ 1249,82
1448;105;Mousepad;Periféricos;2026-01-27;6.0;R$ 88,67
1449;104;Carregador;Acessórios;2026-02-12;6.0;R$ 127,58
1450;102;Webcam;Periféricos;2026-01-28;10.0;R$ 139,93
1451;103;Mesa de Escritório;Móveis;2026-02-05;8.0;R$ 539,03
1452;105;Cabo HDMI;Acessórios;2026-01-07;6.0;R$ 202,06
1453;102;Cabo HDMI;Acessórios;2026-03-07;7.0;R$ 207,24
1454;102;Capa Protetora;Acessórios;2026-01-05;7.0;R$ 124,44
1455;104;   cadeira gamer  ;Móveis;2026-03-04;;R$ 488,65
1456;101;Suporte Monitor;Móveis;2026-01-24;3.0;R$ 2407,5
1457;103;Carregador;Acessórios;2026-02-23;3.0;R$ 115,61
1458;102;Mousepad;Periféricos;2026-01-18;10.0;R$ 155,19
1459;103;Mouse;Periféricos;2026-03-05;;R$ 52,03
1460;104;Mouse;Periféricos;2026-03-23;6.0;R$ 327,21
1461;104;Suporte Monitor;Móveis;2026-01-12;2.0;R$ 689,92
1462;101;Microfone;Periféricos;2026-02-10;2.0;R$ 137,05
1463;105;Filtro de Linha;Acessórios;2026-02-28;5.0;R$ 83,37
1464;104;Mesa de Escritório;Móveis;2026-01-21;4.0;R$ 1841,13
1465;103;Cabo HDMI;Acessórios;2026-02-18;1.0;R$ 63,11
1466;101;Gaveteiro;Móveis;2026-01-16;7.0;R$ 1154,47
1467;103;Carregador;Acessórios;2026-03-11;3.0;R$ 331,16
1468;103;   smartphone  ;;2026-03-03;6.0;R$ 4848,95
1469;101;Mouse;Periféricos;2026-01-12;2.0;R$ 70,82
1470;101;Câmera;Eletrônicos;2026-02-28;10.0;R$ 1130,8
1471;103;   smart tv  ;Eletrônicos;2026-01-02;3.0;R$ 1737,75
1472;101;Smartphone;Eletrônicos;2026-03-08;;R$ 1034,99
1473;104;Microfone;Periféricos;2026-02-20;3.0;R$ 174,84
1474;104;Webcam;Periféricos;2026-01-03;3.0;R$ 341,48
1475;102;Câmera;Eletrônicos;2026-01-07;3.0;R$ 4788,5
1476;105;Gaveteiro;Móveis;2026-03-21;5.0;R$ 780,17
1477;101;Suporte Monitor;Móveis;2026-01-03;1.0;R$ 438,12
1478;104;Câmera;Eletrônicos;2026-03-15;1.0;R$ 5392,69
1479;103;Smart TV;Eletrônicos;2026-02-24;6.0;R$ 2918,7
1480;104;Mesa de Escritório;Móveis;2026-01-19;3.0;R$ 393,94
1481;104;Carregador;Acessórios;2026-02-05;3.0;R$ 263,49
1482;103;Filtro de Linha;Acessórios;2026-02-12;1.0;R$ 163,35
1483;102;Mouse;;2026-01-13;8.0;R$ 69,47
1484;103;Mesa de Escritório;Móveis;2026-01-16;10.0;R$ 1892,2
1485;101;Cadeira Gamer;Móveis;2026-01-11;8.0;R$ 1637,2
1486;102;Carregador;Acessórios;2026-01-10;3.0;R$ 131,73
1487;105;Webcam;Periféricos;2026-02-11;6.0;R$ 286,35
1488;101;Smartphone;Eletrônicos;2026-02-14;4.0;R$ 1784,44
1489;103;Hub USB;Acessórios;2026-03-11;10.0;R$ 281,96
1490;105;Microfone;Periféricos;2026-03-20;4.0;R$ 288,4
1491;103;Smartphone;Eletrônicos;2026-01-20;6.0;R$ 1182,15
1492;103;Smartphone;Eletrônicos;2026-02-25;4.0;R$ 4519,02
1493;101;   filtro de linha  ;Acessórios;2026-01-21;1.0;R$ 127,98
1494;103;Gaveteiro;Móveis;2026-02-20;9.0;R$ 740,13
1495;105;Tablet;Eletrônicos;2026-03-02;4.0;R$ 3260,46
1496;101;   suporte monitor  ;Móveis;2026-01-05;5.0;R$ 355,62
1497;104;Mousepad;Periféricos;2026-03-13;9.0;R$ 71,8
1498;104;   mesa de escritório  ;Móveis;2026-03-20;8.0;R$ 926,48
1499;101;Gaveteiro;;2026-02-05;6.0;R$ 2129,97
1500;103;   filtro de linha  ;Acessórios;2026-02-20;1.0;R$ 232,39
1501;105;   câmera  ;Eletrônicos;2026-03-23;3.0;R$ 3134,38
1502;102;Mouse;Periféricos;2026-02-12;6.0;R$ 46,78
1503;101;   carregador  ;Acessórios;2026-03-05;9.0;R$ 291,54
1504;103;Teclado;Periféricos;2026-01-21;9.0;R$ 27,99
1505;101;Teclado;Periféricos;2026-01-28;3.0;R$ 185,19
1506;101;Gaveteiro;Móveis;2026-01-22;;R$ 1510,07
1507;105;Cabo HDMI;Acessórios;2026-02-23;2.0;R$ 211,92
1508;102;Webcam;Periféricos;2026-01-21;10.0;R$ 112,87
1509;102;Suporte Monitor;Móveis;2026-01-11;5.0;R$ 1163,79
1510;105;Filtro de Linha;Acessórios;2026-01-04;1.0;R$ 147,86
1511;105;Mesa de Escritório;Móveis;2026-03-27;;R$ 1094,06
1512;103;Webcam;Periféricos;2026-01-10;1.0;R$ 91,42
1513;104;Gaveteiro;Móveis;2026-02-20;3.0;R$ 2325,8
1514;102;Smart TV;Eletrônicos;2026-01-01;1.0;R$ 3710,6
1515;103;Carregador;Acessórios;2026-03-19;3.0;R$ 52,09
1516;103;   tablet  ;Eletrônicos;2026-02-21;;R$ 2198,11
1517;104;   mouse  ;Periféricos;2026-03-24;1.0;R$ 310,5
1518;102;Capa Protetora;Acessórios;2026-03-18;5.0;R$ 109,12
1519;102;Mouse;Periféricos;2026-02-22;7.0;R$ 29,87
1520;101;Câmera;Eletrônicos;2026-01-25;5.0;R$ 4136,54
1521;103;Teclado;Periféricos;2026-03-15;;R$ 348,63
1522;105;Filtro de Linha;Acessórios;2026-03-28;;R$ 114,55
1523;105;Headset;Periféricos;2026-03-12;9.0;R$ 198,45
1524;105;Hub USB;Acessórios;2026-02-12;5.0;R$ 68,72
1525;104;Gaveteiro;Móveis;2026-01-20;5.0;R$ 2246,5
1526;105;Mouse;Periféricos;2026-02-17;3.0;R$ 217,6
1527;105;Teclado;Periféricos;2026-03-13;2.0;R$ 291,74
1528;105;Smart TV;Eletrônicos;2026-01-09;9.0;R$ 3923,79
1529;103;Cabo HDMI;Acessórios;2026-02-24;6.0;R$ 200,99
1530;105;Gaveteiro;Móveis;2026-03-25;2.0;R$ 796,79
1531;102;Smart TV;Eletrônicos;2026-01-16;3.0;R$ 5104,47
1532;103;Webcam;Periféricos;2026-03-04;;R$ 27,76
1533;101;Tablet;;2026-02-04;7.0;R$ 5240,91
1534;103;Hub USB;Acessórios;2026-01-10;7.0;R$ 224,36
1535;104;Smartphone;Eletrônicos;2026-02-12;1.0;R$ 2002,18
1536;101;Capa Protetora;Acessórios;2026-03-12;8.0;R$ 348,23
1537;101;   hub usb  ;Acessórios;2026-03-03;2.0;R$ 100,98
1538;104;Mesa de Escritório;Móveis;2026-03-16;1.0;R$ 1010,32
1539;105;Cabo HDMI;;2026-01-22;3.0;R$ 215,83
1540;101;   mousepad  ;Periféricos;2026-02-23;10.0;R$ 148,1
1541;105;Câmera;Eletrônicos;2026-03-16;3.0;R$ 5040,63
1542;103;Cabo HDMI;;2026-03-05;2.0;R$ 85,71
1543;102;Cabo HDMI;Acessórios;2026-02-06;4.0;R$ 132,22
1544;104;Notebook;Eletrônicos;2026-01-05;3.0;R$ 4279,68
1545;103;Cabo HDMI;Acessórios;2026-03-17;6.0;R$ 229,49
1546;105;Cabo HDMI;Acessórios;2026-01-03;5.0;R$ 309,67
1547;102;Mouse;Periféricos;2026-01-06;2.0;R$ 208,24
1548;103;Gaveteiro;;2026-01-26;3.0;R$ 1580,67
1549;103;Microfone;;2026-03-13;1.0;R$ 142,71
1550;103;Tablet;Eletrônicos;2026-01-11;4.0;R$ 4844,75
1551;104;   mouse  ;Periféricos;2026-01-13;9.0;R$ 229,02
1552;102;Mouse;Periféricos;2026-02-17;2.0;R$ 206,83
1553;103;Headset;Periféricos;2026-02-02;7.0;R$ 34,16
1554;103;Carregador;Acessórios;2026-03-27;4.0;R$ 267,04
1555;104;Teclado;Periféricos;2026-03-17;;R$ 184,05
1556;105;Câmera;Eletrônicos;2026-01-25;1.0;R$ 2536,75
1557;103;Suporte Monitor;Móveis;2026-02-28;8.0;R$ 1425,17
1558;105;   mousepad  ;Periféricos;2026-02-03;8.0;R$ 341,82
1559;103;Suporte Monitor;Móveis;2026-03-17;4.0;R$ 988,71
1560;103;Mesa de Escritório;Móveis;2026-02-17;7.0;R$ 912,75
1561;105;Microfone;Periféricos;2026-02-07;6.0;R$ 255,16
1562;105;Mouse;Periféricos;2026-03-24;5.0;R$ 230,74
1563;102;Hub USB;Acessórios;2026-01-13;8.0;R$ 256,62
1564;103;Tablet;Eletrônicos;2026-01-13;;R$ 5424,18
1565;104;Capa Protetora;Acessórios;2026-03-27;5.0;R$ 188,67
1566;104;Smartphone;Eletrônicos;2026-02-13;6.0;R$ 1361,39
1567;101;Notebook;Eletrônicos;2026-02-04;9.0;R$ 3315,55
1568;104;Mouse;Periféricos;2026-03-19;1.0;R$ 23,25
1569;104;Teclado;Periféricos;2026-01-20;10.0;R$ 208,3
1570;102;Smart TV;Eletrônicos;2026-03-11;4.0;R$ 1607,66
1571;101;   mouse  ;Periféricos;2026-03-24;10.0;R$ 342,96
1572;104;   teclado  ;Periféricos;2026-02-20;3.0;R$ 314,32
1573;103;Capa Protetora;Acessórios;2026-03-28;7.0;R$ 167,23
1574;104;Filtro de Linha;Acessórios;2026-03-13;;R$ 267,73
1575;104;Capa Protetora;Acessórios;2026-02-11;1.0;R$ 184,68
1576;103;Microfone;Periféricos;2026-01-20;7.0;R$ 75,57
1577;103;Microfone;;2026-02-08;7.0;R$ 218,14
1578;102;Smartphone;Eletrônicos;2026-03-26;1.0;R$ 2627,69
1579;104;Cabo HDMI;Acessórios;2026-02-09;6.0;R$ 95,42
1580;102;Webcam;;2026-03-17;10.0;R$ 195,21
1581;101;Mouse;Periféricos;2026-03-06;2.0;R$ 223,1
1582;103;Filtro de Linha;Acessórios;2026-02-05;7.0;R$ 111,91
1583;105;Monitor;Eletrônicos;2026-01-20;1.0;R$ 3491,26
1584;102;   gaveteiro  ;Móveis;2026-02-06;4.0;R$ 337,8
1585;101;Mesa de Escritório;Móveis;2026-03-04;8.0;R$ 1517,57
1586;102;Mouse;;2026-02-28;3.0;R$ 272,9
1587;101;Filtro de Linha;Acessórios;2026-01-02;8.0;R$ 71,45
1588;105;Gaveteiro;Móveis;2026-01-15;3.0;R$ 1862,46
1589;101;Smartphone;Eletrônicos;2026-01-01;5.0;R$ 2965,63
1590;105;Capa Protetora;Acessórios;2026-02-21;9.0;R$ 136,8
1591;103;Filtro de Linha;Acessórios;2026-03-28;;R$ 61,66
1592;103;Smart TV;Eletrônicos;2026-02-13;;R$ 2207,73
1593;102;Filtro de Linha;Acessórios;2026-02-28;10.0;R$ 280,87
1594;102;Mouse;Periféricos;2026-01-15;5.0;R$ 180,64
1595;104;   mousepad  ;Periféricos;2026-01-08;3.0;R$ 316,02
1596;104;Carregador;Acessórios;2026-01-20;5.0;R$ 137,08
1597;104;   tablet  ;Eletrônicos;2026-02-07;5.0;R$ 5133,33
1598;105;Cadeira Gamer;Móveis;2026-01-17;4.0;R$ 1687,48
1599;105;Hub USB;Acessórios;2026-03-11;5.0;R$ 141,43
1600;104;Capa Protetora;Acessórios;2026-01-22;9.0;R$ 260,46
1601;104;Gaveteiro;Móveis;2026-03-24;5.0;R$ 616,69
1602;103;Filtro de Linha;Acessórios;2026-01-02;5.0;R$ 24,0
1603;102;Capa Protetora;Acessórios;2026-03-09;;R$ 20,19
1604;104;Monitor;Eletrônicos;2026-02-06;8.0;R$ 1336,91
1605;103;Hub USB;Acessórios;2026-03-18;9.0;R$ 313,43
1606;105;Microfone;Periféricos;2026-03-27;10.0;R$ 191,62
1607;102;Smartphone;Eletrônicos;2026-02-09;6.0;R$ 5217,72
1608;101;Suporte Monitor;Móveis;2026-01-27;3.0;R$ 1521,03
1609;104;Mouse;Periféricos;2026-03-18;9.0;R$ 139,79
1610;101;Teclado;Periféricos;2026-03-16;2.0;R$ 275,74
1611;104;Mousepad;Periféricos;2026-02-01;6.0;R$ 329,41
1612;104;Capa Protetora;Acessórios;2026-01-13;7.0;R$ 300,32
1613;102;Gaveteiro;Móveis;2026-01-04;2.0;R$ 481,08
1614;101;Mouse;Periféricos;2026-01-16;3.0;R$ 30,79
1615;103;   notebook  ;Eletrônicos;2026-01-10;6.0;R$ 1269,87
1616;101;Teclado;Periféricos;2026-02-27;8.0;R$ 55,49
1617;105;Mesa de Escritório;Móveis;2026-01-15;10.0;R$ 2175,27
1618;104;Microfone;Periféricos;2026-02-02;7.0;R$ 301,21
1619;103;Suporte Monitor;Móveis;2026-03-23;7.0;R$ 1219,53
1620;103;   teclado  ;Periféricos;2026-02-05;;R$ 32,14
1621;104;Teclado;Periféricos;2026-03-03;5.0;R$ 274,22
1622;104;Cabo HDMI;Acessórios;2026-03-22;9.0;R$ 260,7
1623;101;Mesa de Escritório;Móveis;2026-02-07;;R$ 445,32
1624;102;Carregador;Acessórios;2026-03-13;6.0;R$ 168,37
1625;103;   mouse  ;Periféricos;2026-01-09;7.0;R$ 50,76
1626;102;Webcam;Periféricos;2026-03-16;5.0;R$ 319,41
1627;103;Suporte Monitor;Móveis;2026-02-01;2.0;R$ 1362,16
1628;103;Gaveteiro;Móveis;2026-03-19;10.0;R$ 2338,47
1629;101;   capa protetora  ;Acessórios;2026-03-10;9.0;R$ 348,94
1630;105;Smartphone;Eletrônicos;2026-02-15;10.0;R$ 3487,92
1631;103;   cadeira gamer  ;Móveis;2026-01-22;10.0;R$ 859,11
1632;104;Mousepad;Periféricos;2026-01-14;1.0;R$ 336,35
1633;105;Cabo HDMI;Acessórios;2026-03-28;5.0;R$ 273,74
1634;105;   cadeira gamer  ;Móveis;2026-01-13;9.0;R$ 1896,59
1635;104;Tablet;Eletrônicos;2026-03-08;8.0;R$ 897,25
1636;103;Gaveteiro;Móveis;2026-01-14;4.0;R$ 1904,16
1637;105;Notebook;Eletrônicos;2026-01-28;;R$ 4809,24
1638;103;Mouse;Periféricos;2026-02-11;2.0;R$ 185,15
1639;104;Cadeira Gamer;Móveis;2026-02-26;2.0;R$ 1077,13
1640;101;Notebook;Eletrônicos;2026-01-05;6.0;R$ 1553,6
1641;103;Tablet;Eletrônicos;2026-02-26;7.0;R$ 1286,78
1642;102;Capa Protetora;Acessórios;2026-03-23;2.0;R$ 342,13
1643;104;   carregador  ;Acessórios;2026-02-21;;R$ 85,71
1644;103;Câmera;Eletrônicos;2026-02-21;6.0;R$ 2753,01
1645;101;Mouse;Periféricos;2026-03-17;9.0;R$ 272,82
1646;105;Cadeira Gamer;Móveis;2026-03-26;1.0;R$ 2029,52
1647;104;Cadeira Gamer;Móveis;2026-01-02;5.0;R$ 1762,61
1648;102;Suporte Monitor;Móveis;2026-02-03;9.0;R$ 1100,33
1649;101;Suporte Monitor;Móveis;2026-01-23;2.0;R$ 2212,91
1650;103;Notebook;Eletrônicos;2026-02-25;6.0;R$ 2296,07
1651;101;Mouse;Periféricos;2026-02-10;9.0;R$ 269,1
1652;105;Suporte Monitor;Móveis;2026-01-13;1.0;R$ 986,16
1653;101;Mouse;Periféricos;2026-01-19;1.0;R$ 55,25
1654;105;Tablet;Eletrônicos;2026-01-19;9.0;R$ 5006,62
1655;105;Câmera;Eletrônicos;2026-01-16;4.0;R$ 4225,12
1656;105;Mousepad;Periféricos;2026-01-22;9.0;R$ 308,77
1657;104;Mouse;Periféricos;2026-02-07;10.0;R$ 240,07
1658;104;Capa Protetora;Acessórios;2026-02-09;4.0;R$ 223,41
1659;105;Cabo HDMI;Acessórios;2026-01-13;10.0;R$ 83,08
1660;105;   câmera  ;;2026-01-05;1.0;R$ 1885,02
1661;104;Teclado;Periféricos;2026-02-04;10.0;R$ 20,93
1662;104;Tablet;Eletrônicos;2026-01-15;3.0;R$ 1490,84
1663;104;Capa Protetora;Acessórios;2026-03-09;8.0;R$ 238,83
1664;102;   mousepad  ;Periféricos;2026-02-09;;R$ 36,15
1665;101;Capa Protetora;Acessórios;2026-02-07;7.0;R$ 56,44
1666;101;Capa Protetora;Acessórios;2026-01-19;8.0;R$ 134,79
1667;103;Carregador;;2026-02-06;8.0;R$ 92,79
1668;104;Filtro de Linha;Acessórios;2026-03-17;3.0;R$ 56,24
1669;103;Gaveteiro;Móveis;2026-01-03;10.0;R$ 2405,74
1670;102;Microfone;Periféricos;2026-02-17;;R$ 69,2
1671;104;Cadeira Gamer;Móveis;2026-02-07;3.0;R$ 538,63
1672;103;Microfone;Periféricos;2026-02-22;10.0;R$ 206,52
1673;102;Cadeira Gamer;Móveis;2026-02-12;8.0;R$ 1969,64
1674;105;Câmera;Eletrônicos;2026-01-04;10.0;R$ 5010,85
1675;104;Notebook;Eletrônicos;2026-03-18;8.0;R$ 4176,63
1676;101;Cadeira Gamer;Móveis;2026-03-14;2.0;R$ 2480,89
1677;101;Mesa de Escritório;Móveis;2026-03-04;2.0;R$ 2071,91
1678;102;Smartphone;Eletrônicos;2026-03-09;9.0;R$ 1585,08
1679;104;   mousepad  ;Periféricos;2026-02-04;2.0;R$ 186,22
1680;103;   gaveteiro  ;Móveis;2026-03-23;;R$ 359,18
1681;103;   teclado  ;Periféricos;2026-01-08;1.0;R$ 261,71
1682;104;Câmera;Eletrônicos;2026-02-08;10.0;R$ 1432,22
1683;103;Filtro de Linha;Acessórios;2026-03-03;;R$ 176,33
1684;104;Notebook;Eletrônicos;2026-01-07;2.0;R$ 1522,58
1685;103;Gaveteiro;Móveis;2026-01-27;10.0;R$ 1472,27
1686;105;   hub usb  ;Acessórios;2026-02-09;10.0;R$ 90,67
1687;104;Gaveteiro;Móveis;2026-03-15;2.0;R$ 2224,39
1688;102;Smart TV;Eletrônicos;2026-02-13;10.0;R$ 4148,51
1689;102;   teclado  ;Periféricos;2026-01-17;;R$ 199,41
1690;105;Tablet;Eletrônicos;2026-02-11;9.0;R$ 1440,05
1691;102;Teclado;Periféricos;2026-03-21;2.0;R$ 190,93
1692;105;   câmera  ;Eletrônicos;2026-02-15;3.0;R$ 4002,29
1693;101;Câmera;Eletrônicos;2026-03-01;1.0;R$ 1193,08
1694;101;   câmera  ;Eletrônicos;2026-01-16;2.0;R$ 2863,2
1695;105;Câmera;Eletrônicos;2026-01-12;6.0;R$ 2581,51
1696;103;Mesa de Escritório;Móveis;2026-01-18;3.0;R$ 1620,77
1697;101;Teclado;Periféricos;2026-02-17;10.0;R$ 280,14
1698;104;Notebook;Eletrônicos;2026-03-02;1.0;R$ 3911,57
1699;101;Suporte Monitor;Móveis;2026-03-05;7.0;R$ 1130,99
1700;105;Headset;Periféricos;2026-02-22;1.0;R$ 140,85
1701;101;Câmera;Eletrônicos;2026-02-02;7.0;R$ 1777,21
1702;105;   cadeira gamer  ;Móveis;2026-03-25;;R$ 706,49
1703;101;Hub USB;Acessórios;2026-03-04;9.0;R$ 322,03
1704;102;   carregador  ;Acessórios;2026-01-17;4.0;R$ 144,77
1705;103;Teclado;Periféricos;2026-03-03;3.0;R$ 249,89
1706;105;Gaveteiro;Móveis;2026-02-06;1.0;R$ 833,98
1707;105;Filtro de Linha;Acessórios;2026-01-10;5.0;R$ 47,12
1708;104;Headset;Periféricos;2026-02-25;;R$ 305,87
1709;103;Mesa de Escritório;Móveis;2026-02-07;1.0;R$ 1771,06
1710;103;Monitor;Eletrônicos;2026-03-04;6.0;R$ 1934,78
1711;103;Mesa de Escritório;Móveis;2026-02-20;1.0;R$ 1782,09
1712;103;Teclado;Periféricos;2026-01-07;6.0;R$ 84,13
1713;101;Filtro de Linha;Acessórios;2026-01-26;2.0;R$ 49,72
1714;101;   smart tv  ;Eletrônicos;2026-01-08;10.0;R$ 1229,67
1715;103;Mouse;Periféricos;2026-02-28;1.0;R$ 258,71
1716;105;Hub USB;Acessórios;2026-02-04;8.0;R$ 337,04
1717;105;Notebook;Eletrônicos;2026-01-07;;R$ 5487,14
1718;101;Webcam;Periféricos;2026-03-01;4.0;R$ 247,17
1719;103;Câmera;Eletrônicos;2026-02-01;10.0;R$ 3996,57
1720;101;   tablet  ;Eletrônicos;2026-03-03;2.0;R$ 4892,96
1721;103;Teclado;Periféricos;2026-02-17;;R$ 133,17
1722;102;Microfone;Periféricos;2026-01-07;10.0;R$ 218,65
1723;103;Cabo HDMI;Acessórios;2026-01-09;1.0;R$ 249,49
1724;104;Tablet;Eletrônicos;2026-03-01;6.0;R$ 1916,95
1725;101;Notebook;;2026-03-05;;R$ 4467,44
1726;101;Headset;;2026-02-13;10.0;R$ 49,17
1727;104;Tablet;Eletrônicos;2026-03-07;2.0;R$ 5278,1
1728;101;Capa Protetora;Acessórios;2026-03-06;7.0;R$ 208,77
1729;105;Webcam;Periféricos;2026-01-17;5.0;R$ 115,83
1730;105;Smart TV;Eletrônicos;2026-02-25;4.0;R$ 2410,26
1731;105;   mousepad  ;Periféricos;2026-01-07;4.0;R$ 232,89
1732;103;   cabo hdmi  ;Acessórios;2026-03-27;1.0;R$ 187,44
1733;103;Mesa de Escritório;Móveis;2026-01-23;8.0;R$ 2482,17
1734;105;Capa Protetora;Acessórios;2026-03-26;7.0;R$ 306,96
1735;105;Cabo HDMI;Acessórios;2026-03-10;3.0;R$ 196,64
1736;102;Headset;Periféricos;2026-03-04;5.0;R$ 27,02
1737;102;Teclado;Periféricos;2026-01-06;4.0;R$ 117,16
1738;105;   smartphone  ;Eletrônicos;2026-03-23;1.0;R$ 5453,11
1739;104;Câmera;Eletrônicos;2026-02-06;4.0;R$ 2254,66
1740;102;Suporte Monitor;Móveis;2026-03-08;9.0;R$ 604,75
1741;103;Tablet;Eletrônicos;2026-02-22;2.0;R$ 5413,51
1742;101;   mousepad  ;Periféricos;2026-03-25;6.0;R$ 199,69
1743;105;Capa Protetora;Acessórios;2026-02-12;7.0;R$ 228,02
1744;104;Câmera;Eletrônicos;2026-03-05;4.0;R$ 4593,99
1745;101;Mesa de Escritório;Móveis;2026-02-13;9.0;R$ 627,69
1746;103;Notebook;Eletrônicos;2026-01-16;4.0;R$ 804,6
1747;104;Notebook;Eletrônicos;2026-01-27;;R$ 3168,33
1748;103;Notebook;Eletrônicos;2026-01-13;9.0;R$ 1063,14
1749;101;Cadeira Gamer;Móveis;2026-02-14;3.0;R$ 2198,38
1750;104;Mouse;Periféricos;2026-03-12;4.0;R$ 230,38
1751;105;Gaveteiro;Móveis;2026-01-02;8.0;R$ 2247,96
1752;102;Headset;Periféricos;2026-01-18;2.0;R$ 266,13
1753;104;Monitor;;2026-03-23;10.0;R$ 1113,93
1754;105;Cadeira Gamer;Móveis;2026-01-07;;R$ 1298,51
1755;103;Teclado;Periféricos;2026-02-13;2.0;R$ 174,17
1756;102;Notebook;Eletrônicos;2026-03-06;1.0;R$ 2585,2
1757;103;Mousepad;Periféricos;2026-02-18;10.0;R$ 342,22
1758;105;   suporte monitor  ;Móveis;2026-02-19;1.0;R$ 1897,17
1759;104;Cadeira Gamer;Móveis;2026-01-14;;R$ 926,47
1760;101;Carregador;Acessórios;2026-03-04;3.0;R$ 318,66
1761;102;Notebook;Eletrônicos;2026-01-21;2.0;R$ 4927,45
1762;101;Headset;Periféricos;2026-03-14;3.0;R$ 208,93
1763;105;Filtro de Linha;Acessórios;2026-02-28;4.0;R$ 308,66
1764;102;Gaveteiro;Móveis;2026-01-11;4.0;R$ 1559,34
1765;105;Carregador;Acessórios;2026-03-04;;R$ 177,85
1766;104;Mouse;Periféricos;2026-02-25;1.0;R$ 144,12
1767;102;   suporte monitor  ;Móveis;2026-03-06;2.0;R$ 2482,73
1768;103;Cabo HDMI;Acessórios;2026-03-09;7.0;R$ 207,91
1769;102;   smart tv  ;Eletrônicos;2026-01-11;10.0;R$ 2670,27
1770;105;Mesa de Escritório;Móveis;2026-02-20;10.0;R$ 1492,09
1771;102;Tablet;Eletrônicos;2026-01-20;4.0;R$ 3912,87
1772;103;   mesa de escritório  ;Móveis;2026-02-20;6.0;R$ 2161,5
1773;101;   suporte monitor  ;Móveis;2026-02-21;9.0;R$ 1416,58
1774;104;Tablet;Eletrônicos;2026-01-08;9.0;R$ 2687,77
1775;102;Smart TV;Eletrônicos;2026-02-09;7.0;R$ 4467,17
1776;104;Capa Protetora;Acessórios;2026-03-16;7.0;R$ 198,85
1777;104;Teclado;;2026-02-17;10.0;R$ 84,73
1778;103;Smartphone;Eletrônicos;2026-03-06;4.0;R$ 2532,8
1779;103;   carregador  ;;2026-03-20;6.0;R$ 246,25
1780;103;Microfone;Periféricos;2026-02-28;6.0;R$ 108,55
1781;104;   teclado  ;Periféricos;2026-02-27;10.0;R$ 117,07
1782;105;   gaveteiro  ;Móveis;2026-01-28;4.0;R$ 1501,6
1783;104;Headset;Periféricos;2026-01-22;6.0;R$ 81,58
1784;102;Gaveteiro;Móveis;2026-01-19;3.0;R$ 1188,03
1785;105;   cadeira gamer  ;Móveis;2026-01-28;9.0;R$ 533,66
1786;104;Gaveteiro;Móveis;2026-03-11;1.0;R$ 1641,74
1787;103;Mouse;Periféricos;2026-01-10;10.0;R$ 59,59
1788;101;Capa Protetora;Acessórios;2026-02-06;1.0;R$ 85,72
1789;101;Tablet;Eletrônicos;2026-01-13;5.0;R$ 1214,57
1790;102;Monitor;Eletrônicos;2026-03-06;6.0;R$ 3711,08
1791;105;Monitor;Eletrônicos;2026-02-15;6.0;R$ 1015,22
1792;101;Cadeira Gamer;Móveis;2026-01-25;6.0;R$ 690,11
1793;105;Capa Protetora;Acessórios;2026-01-20;;R$ 270,06
1794;105;Gaveteiro;Móveis;2026-01-05;6.0;R$ 1526,29
1795;103;Carregador;Acessórios;2026-03-15;5.0;R$ 118,55
1796;103;Suporte Monitor;Móveis;2026-03-19;7.0;R$ 2421,98
1797;105;Mesa de Escritório;Móveis;2026-03-05;5.0;R$ 2407,61
1798;104;Cadeira Gamer;Móveis;2026-01-28;;R$ 2241,48
1799;102;   mouse  ;Periféricos;2026-01-05;2.0;R$ 283,77
1800;103;Cabo HDMI;Acessórios;2026-03-07;7.0;R$ 203,33
1801;105;Carregador;Acessórios;2026-03-20;8.0;R$ 67,54
1802;104;Carregador;Acessórios;2026-03-10;;R$ 69,4
1803;102;Suporte Monitor;Móveis;2026-01-03;9.0;R$ 780,57
1804;101;Teclado;Periféricos;2026-01-05;4.0;R$ 220,17
1805;105;Notebook;Eletrônicos;2026-02-24;1.0;R$ 4961,77
1806;102;Hub USB;Acessórios;2026-01-18;3.0;R$ 273,09
1807;102;Headset;Periféricos;2026-02-15;6.0;R$ 105,91
1808;102;Filtro de Linha;Acessórios;2026-03-02;;R$ 67,01
1809;104;Capa Protetora;Acessórios;2026-01-24;2.0;R$ 149,52
1810;101;Filtro de Linha;Acessórios;2026-01-15;4.0;R$ 85,45
1811;105;Mouse;Periféricos;2026-02-06;3.0;R$ 71,21
1812;104;Mouse;Periféricos;2026-03-14;6.0;R$ 236,89
1813;105;Teclado;Periféricos;2026-01-11;6.0;R$ 251,82
1814;102;Suporte Monitor;Móveis;2026-02-14;2.0;R$ 1376,03
1815;102;Mousepad;Periféricos;2026-02-08;1.0;R$ 208,44
1816;104;   monitor  ;Eletrônicos;2026-02-20;10.0;R$ 2862,34
1817;101;Mesa de Escritório;Móveis;2026-03-20;8.0;R$ 1971,44
1818;103;Webcam;Periféricos;2026-03-17;;R$ 63,12
1819;102;Gaveteiro;Móveis;2026-03-26;1.0;R$ 1505,55
1820;105;Capa Protetora;Acessórios;2026-03-15;9.0;R$ 186,14
1821;103;Mesa de Escritório;Móveis;2026-01-21;;R$ 1167,56
1822;101;Mouse;Periféricos;2026-02-10;4.0;R$ 324,44
1823;105;Cadeira Gamer;Móveis;2026-02-03;6.0;R$ 2137,4
1824;101;Monitor;Eletrônicos;2026-03-19;3.0;R$ 4462,34
1825;101;Tablet;Eletrônicos;2026-01-16;5.0;R$ 3872,65
1826;102;Smart TV;Eletrônicos;2026-02-16;2.0;R$ 1788,96
1827;102;Cabo HDMI;Acessórios;2026-03-05;3.0;R$ 58,13
1828;104;   carregador  ;Acessórios;2026-03-05;1.0;R$ 58,0
1829;104;Cabo HDMI;Acessórios;2026-01-06;1.0;R$ 59,92
1830;105;Filtro de Linha;Acessórios;2026-01-20;4.0;R$ 32,22
1831;105;Câmera;Eletrônicos;2026-01-15;5.0;R$ 4450,25
1832;101;Tablet;Eletrônicos;2026-01-26;9.0;R$ 4010,3
1833;101;Mesa de Escritório;Móveis;2026-01-20;;R$ 1126,27
1834;103;Gaveteiro;Móveis;2026-01-26;1.0;R$ 2071,8
1835;102;Cabo HDMI;Acessórios;2026-01-08;8.0;R$ 59,15
1836;103;Gaveteiro;Móveis;2026-02-25;;R$ 766,43
1837;102;Monitor;Eletrônicos;2026-02-02;7.0;R$ 1378,63
1838;103;Monitor;Eletrônicos;2026-03-20;1.0;R$ 2882,64
1839;105;   smartphone  ;Eletrônicos;2026-01-05;3.0;R$ 4842,05
1840;103;Mesa de Escritório;Móveis;2026-03-21;1.0;R$ 788,04
1841;101;Smart TV;Eletrônicos;2026-02-13;8.0;R$ 3452,81
1842;103;Tablet;Eletrônicos;2026-02-19;6.0;R$ 2548,26
1843;104;   monitor  ;Eletrônicos;2026-02-15;;R$ 812,84
1844;105;Notebook;Eletrônicos;2026-01-01;7.0;R$ 3403,06
1845;101;Filtro de Linha;Acessórios;2026-02-17;1.0;R$ 199,64
1846;104;Monitor;Eletrônicos;2026-03-01;2.0;R$ 5378,75
1847;101;   carregador  ;Acessórios;2026-01-08;1.0;R$ 172,44
1848;103;   suporte monitor  ;Móveis;2026-02-10;4.0;R$ 2062,26
1849;105;Filtro de Linha;Acessórios;2026-02-18;9.0;R$ 243,2
1850;104;Monitor;Eletrônicos;2026-01-18;1.0;R$ 2368,68
1851;105;Filtro de Linha;Acessórios;2026-02-09;7.0;R$ 313,58
1852;101;Teclado;Periféricos;2026-03-28;;R$ 26,26
1853;101;Suporte Monitor;Móveis;2026-03-19;1.0;R$ 1961,21
1854;104;   tablet  ;Eletrônicos;2026-01-01;5.0;R$ 3552,15
1855;105;Cadeira Gamer;Móveis;2026-02-08;2.0;R$ 996,66
1856;101;   gaveteiro  ;Móveis;2026-02-26;10.0;R$ 1464,21
1857;104;Cabo HDMI;Acessórios;2026-02-13;10.0;R$ 203,66
1858;101;Teclado;Periféricos;2026-02-10;1.0;R$ 180,06
1859;103;Filtro de Linha;Acessórios;2026-01-24;9.0;R$ 241,01
1860;105;Cabo HDMI;Acessórios;2026-01-23;5.0;R$ 74,5
1861;101;   mousepad  ;Periféricos;2026-01-17;8.0;R$ 290,54
1862;101;Microfone;Periféricos;2026-03-22;1.0;R$ 228,17
1863;105;Monitor;Eletrônicos;2026-02-22;10.0;R$ 3486,34
1864;104;Mouse;Periféricos;2026-01-15;1.0;R$ 261,22
1865;105;Notebook;Eletrônicos;2026-03-13;5.0;R$ 2229,34
1866;103;Webcam;Periféricos;2026-02-17;;R$ 164,43
1867;103;Smartphone;Eletrônicos;2026-02-11;8.0;R$ 3932,94
1868;105;Tablet;Eletrônicos;2026-03-13;2.0;R$ 4393,66
1869;104;Mesa de Escritório;Móveis;2026-03-22;7.0;R$ 1531,32
1870;105;Cabo HDMI;Acessórios;2026-02-02;10.0;R$ 137,03
1871;105;Cabo HDMI;Acessórios;2026-02-14;1.0;R$ 183,14
1872;105;Headset;Periféricos;2026-03-13;6.0;R$ 55,31
1873;104;Headset;Periféricos;2026-03-02;10.0;R$ 325,65
1874;104;   microfone  ;Periféricos;2026-02-20;7.0;R$ 28,45
1875;101;Webcam;Periféricos;2026-02-04;7.0;R$ 66,97
1876;104;Mesa de Escritório;Móveis;2026-01-17;10.0;R$ 2412,34
1877;105;Webcam;Periféricos;2026-01-14;3.0;R$ 345,05
1878;105;   capa protetora  ;Acessórios;2026-03-03;7.0;R$ 27,28
1879;101;Headset;Periféricos;2026-03-25;10.0;R$ 231,23
1880;104;   monitor  ;Eletrônicos;2026-01-16;7.0;R$ 5003,88
1881;103;Cadeira Gamer;Móveis;2026-02-11;1.0;R$ 2302,02
1882;104;Headset;Periféricos;2026-01-20;2.0;R$ 161,54
1883;103;Smart TV;Eletrônicos;2026-02-13;2.0;R$ 3009,22
1884;101;Microfone;;2026-02-20;9.0;R$ 209,17
1885;101;Carregador;Acessórios;2026-03-05;2.0;R$ 109,59
1886;101;Headset;Periféricos;2026-03-06;7.0;R$ 226,77
1887;105;Microfone;Periféricos;2026-03-13;10.0;R$ 201,35
1888;101;   suporte monitor  ;Móveis;2026-03-09;;R$ 2067,87
1889;105;Mouse;Periféricos;2026-03-25;8.0;R$ 348,25
1890;101;Cadeira Gamer;Móveis;2026-01-16;2.0;R$ 1229,46
1891;105;Filtro de Linha;Acessórios;2026-02-11;4.0;R$ 155,56
1892;103;Suporte Monitor;Móveis;2026-03-02;;R$ 1368,12
1893;103;Headset;Periféricos;2026-03-19;5.0;R$ 79,05
1894;103;Carregador;Acessórios;2026-02-14;1.0;R$ 127,87
1895;103;Gaveteiro;Móveis;2026-02-16;8.0;R$ 1047,82
1896;103;Mesa de Escritório;Móveis;2026-01-26;;R$ 2071,58
1897;103;Gaveteiro;Móveis;2026-02-26;3.0;R$ 2179,43
1898;101;Smartphone;Eletrônicos;2026-03-11;10.0;R$ 3658,73
1899;104;Teclado;Periféricos;2026-01-06;3.0;R$ 117,06
1900;104;Hub USB;Acessórios;2026-02-05;6.0;R$ 222,38
1901;101;   tablet  ;Eletrônicos;2026-03-27;5.0;R$ 3307,02
1902;105;Notebook;Eletrônicos;2026-02-19;9.0;R$ 5415,3
1903;102;Monitor;;2026-03-20;6.0;R$ 2887,22
1904;104;   microfone  ;Periféricos;2026-02-26;5.0;R$ 301,4
1905;101;Mouse;Periféricos;2026-01-17;5.0;R$ 95,51
1906;103;Capa Protetora;Acessórios;2026-01-15;9.0;R$ 135,62
1907;105;Headset;Periféricos;2026-01-04;9.0;R$ 249,26
1908;103;Notebook;Eletrônicos;2026-03-14;5.0;R$ 2235,86
1909;102;Mouse;Periféricos;2026-01-05;4.0;R$ 70,87
1910;105;Capa Protetora;Acessórios;2026-03-27;2.0;R$ 168,75
1911;103;Mousepad;Periféricos;2026-01-01;4.0;R$ 306,31
1912;101;Hub USB;Acessórios;2026-03-01;9.0;R$ 40,06
1913;102;Tablet;Eletrônicos;2026-02-23;4.0;R$ 956,04
1914;105;Headset;;2026-03-08;6.0;R$ 299,76
1915;101;Câmera;Eletrônicos;2026-02-15;8.0;R$ 3174,24
1916;102;Suporte Monitor;Móveis;2026-02-22;6.0;R$ 875,64
1917;105;   cadeira gamer  ;Móveis;2026-02-20;10.0;R$ 778,37
1918;103;Microfone;Periféricos;2026-03-04;3.0;R$ 197,09
1919;105;Capa Protetora;Acessórios;2026-03-19;7.0;R$ 346,1
1920;105;Tablet;Eletrônicos;2026-02-16;10.0;R$ 4104,46
1921;102;Gaveteiro;Móveis;2026-01-02;2.0;R$ 2196,07
1922;103;Headset;Periféricos;2026-01-07;9.0;R$ 234,07
1923;105;Monitor;Eletrônicos;2026-01-21;9.0;R$ 3149,86
1924;105;Teclado;Periféricos;2026-03-28;9.0;R$ 324,97
1925;102;Notebook;;2026-01-01;3.0;R$ 1881,09
1926;104;Carregador;Acessórios;2026-02-04;1.0;R$ 320,31
1927;105;Carregador;Acessórios;2026-01-01;9.0;R$ 47,59
1928;103;   câmera  ;Eletrônicos;2026-01-18;5.0;R$ 5164,21
1929;105;Smartphone;Eletrônicos;2026-02-14;9.0;R$ 3815,12
1930;105;Cadeira Gamer;Móveis;2026-01-01;4.0;R$ 1913,34
1931;102;Tablet;Eletrônicos;2026-02-11;10.0;R$ 2582,19
1932;101;Carregador;Acessórios;2026-03-13;;R$ 108,66
1933;103;Cadeira Gamer;Móveis;2026-03-03;;R$ 2470,92
1934;104;Gaveteiro;Móveis;2026-01-17;10.0;R$ 333,1
1935;105;Headset;Periféricos;2026-03-05;7.0;R$ 196,32
1936;105;Cabo HDMI;Acessórios;2026-03-08;9.0;R$ 163,04
1937;104;Capa Protetora;Acessórios;2026-01-12;1.0;R$ 142,43
1938;101;Carregador;Acessórios;2026-01-23;;R$ 98,13
1939;103;Capa Protetora;Acessórios;2026-03-18;3.0;R$ 145,45
1940;105;   mesa de escritório  ;Móveis;2026-01-26;8.0;R$ 1094,66
1941;104;   hub usb  ;Acessórios;2026-03-03;3.0;R$ 181,13
1942;105;Headset;Periféricos;2026-01-20;10.0;R$ 152,93
1943;105;Hub USB;Acessórios;2026-03-19;2.0;R$ 168,26
1944;103;Suporte Monitor;Móveis;2026-01-04;9.0;R$ 1062,55
1945;103;Capa Protetora;Acessórios;2026-01-01;10.0;R$ 66,71
1946;105;Câmera;Eletrônicos;2026-01-03;7.0;R$ 1831,92
1947;101;Filtro de Linha;Acessórios;2026-01-27;3.0;R$ 111,89
1948;105;Suporte Monitor;Móveis;2026-01-02;2.0;R$ 1368,04
1949;102;Gaveteiro;Móveis;2026-01-03;;R$ 2486,11
1950;103;   smartphone  ;Eletrônicos;2026-01-02;6.0;R$ 5231,96
1951;101;   cadeira gamer  ;Móveis;2026-03-06;8.0;R$ 2249,0
1952;102;   cabo hdmi  ;Acessórios;2026-03-02;6.0;R$ 95,05
1953;105;   teclado  ;Periféricos;2026-01-02;8.0;R$ 43,39
1954;104;Cadeira Gamer;Móveis;2026-03-19;5.0;R$ 1535,9
1955;102;Carregador;Acessórios;2026-03-18;10.0;R$ 90,4
1956;103;   cabo hdmi  ;Acessórios;2026-02-27;2.0;R$ 336,58
1957;104;Headset;Periféricos;2026-03-03;4.0;R$ 317,56
1958;101;Headset;Periféricos;2026-03-22;10.0;R$ 153,08
1959;102;   gaveteiro  ;Móveis;2026-02-17;4.0;R$ 1042,27
1960;103;Cabo HDMI;Acessórios;2026-03-14;8.0;R$ 83,94
1961;103;Webcam;Periféricos;2026-02-06;6.0;R$ 284,07
1962;103;Filtro de Linha;Acessórios;2026-03-02;6.0;R$ 130,22
1963;101;Hub USB;Acessórios;2026-02-20;6.0;R$ 136,3
1964;102;Smart TV;;2026-01-18;6.0;R$ 5040,87
1965;103;Câmera;Eletrônicos;2026-03-04;;R$ 1268,73
1966;104;Smart TV;Eletrônicos;2026-03-01;3.0;R$ 2344,11
1967;101;Teclado;Periféricos;2026-03-01;7.0;R$ 256,64
1968;103;Câmera;Eletrônicos;2026-01-01;2.0;R$ 3934,25
1969;105;Cadeira Gamer;Móveis;2026-01-06;7.0;R$ 1971,0
1970;103;   microfone  ;Periféricos;2026-01-12;10.0;R$ 105,68
1971;103;Smartphone;Eletrônicos;2026-01-25;8.0;R$ 4109,67
1972;103;Cadeira Gamer;Móveis;2026-01-22;2.0;R$ 405,92
1973;102;   cadeira gamer  ;Móveis;2026-01-23;10.0;R$ 560,74
1974;102;Cabo HDMI;Acessórios;2026-03-20;5.0;R$ 41,26
1975;102;Mesa de Escritório;Móveis;2026-03-12;6.0;R$ 1971,92
1976;102;Tablet;Eletrônicos;2026-02-03;1.0;R$ 1078,83
1977;101;Capa Protetora;Acessórios;2026-02-27;9.0;R$ 39,4
1978;101;Mousepad;Periféricos;2026-03-09;3.0;R$ 256,5
1979;103;Suporte Monitor;Móveis;2026-01-01;1.0;R$ 1163,79
1980;103;Cadeira Gamer;Móveis;2026-01-06;;R$ 2122,57
1981;103;Mousepad;Periféricos;2026-01-10;2.0;R$ 171,59
1982;105;   teclado  ;Periféricos;2026-01-10;;R$ 302,48
1983;101;Cabo HDMI;Acessórios;2026-02-08;1.0;R$ 230,28
1984;103;Mouse;Periféricos;2026-01-04;2.0;R$ 146,73
1985;101;Suporte Monitor;Móveis;2026-02-11;10.0;R$ 1524,26
1986;102;Monitor;Eletrônicos;2026-03-24;10.0;R$ 4424,01
1987;102;Filtro de Linha;Acessórios;2026-01-23;3.0;R$ 171,0
1988;104;Câmera;Eletrônicos;2026-03-05;1.0;R$ 5064,46
1989;102;Monitor;Eletrônicos;2026-01-14;3.0;R$ 1265,18
1990;103;Smart TV;Eletrônicos;2026-03-16;1.0;R$ 4026,06
1991;105;Filtro de Linha;Acessórios;2026-03-12;;R$ 201,58
1992;104;Filtro de Linha;Acessórios;2026-03-23;2.0;R$ 145,97
1993;103;Mousepad;Periféricos;2026-03-25;;R$ 303,17
1994;102;   filtro de linha  ;Acessórios;2026-03-09;6.0;R$ 337,28
1995;105;Teclado;Periféricos;2026-03-25;;R$ 73,63
1996;105;Microfone;Periféricos;2026-01-05;;R$ 39,52
1997;102;Microfone;Periféricos;2026-03-24;2.0;R$ 41,79
1998;102;Câmera;Eletrônicos;2026-01-24;1.0;R$ 1399,63
1999;102;Teclado;Periféricos;2026-01-23;8.0;R$ 184,35
2000;102;Mesa de Escritório;Móveis;2026-01-25;3.0;R$ 1407,34
2001;104;Mouse;Periféricos;2026-03-27;1.0;R$ 133,66
2002;104;Hub USB;Acessórios;2026-02-19;2.0;R$ 221,66
2003;102;Smartphone;Eletrônicos;2026-03-27;2.0;R$ 3007,48
2004;102;   mouse  ;Periféricos;2026-01-09;4.0;R$ 297,91
2005;104;Filtro de Linha;Acessórios;2026-01-19;2.0;R$ 284,48
2006;105;Tablet;Eletrônicos;2026-02-18;6.0;R$ 5353,54
2007;101;Filtro de Linha;Acessórios;2026-03-13;3.0;R$ 47,76
2008;103;Suporte Monitor;Móveis;2026-02-21;1.0;R$ 1270,15
2009;105;Microfone;Periféricos;2026-01-19;7.0;R$ 133,45
2010;102;   teclado  ;Periféricos;2026-02-05;7.0;R$ 311,08
2011;102;Filtro de Linha;Acessórios;2026-03-11;9.0;R$ 249,49
2012;105;Smart TV;Eletrônicos;2026-03-16;10.0;R$ 5266,74
2013;102;Microfone;Periféricos;2026-02-27;2.0;R$ 237,14
2014;105;Mesa de Escritório;Móveis;2026-01-24;5.0;R$ 2383,92
2015;101;Mesa de Escritório;;2026-01-08;5.0;R$ 2388,32
2016;101;Câmera;Eletrônicos;2026-02-28;;R$ 3147,69
2017;104;Capa Protetora;Acessórios;2026-03-09;8.0;R$ 129,17
2018;103;Mesa de Escritório;Móveis;2026-02-08;7.0;R$ 1115,58
2019;105;   cabo hdmi  ;Acessórios;2026-02-07;5.0;R$ 61,74
2020;101;Suporte Monitor;Móveis;2026-03-03;6.0;R$ 707,8
2021;103;Carregador;Acessórios;2026-02-28;8.0;R$ 79,97
2022;103;Teclado;Periféricos;2026-02-25;10.0;R$ 345,81
2023;103;Câmera;Eletrônicos;2026-02-21;9.0;R$ 3542,55
2024;101;Suporte Monitor;Móveis;2026-02-07;1.0;R$ 1296,17
2025;101;Notebook;Eletrônicos;2026-03-21;2.0;R$ 3129,71
2026;101;Tablet;Eletrônicos;2026-03-18;8.0;R$ 1234,18
2027;103;Mesa de Escritório;Móveis;2026-02-17;8.0;R$ 871,48
2028;101;Smartphone;Eletrônicos;2026-01-21;3.0;R$ 4887,56
2029;104;Mesa de Escritório;Móveis;2026-01-15;8.0;R$ 1296,53
2030;102;Mousepad;;2026-01-04;5.0;R$ 320,64
2031;103;Mousepad;Periféricos;2026-03-03;1.0;R$ 326,1
2032;101;Notebook;Eletrônicos;2026-01-16;;R$ 4228,59
2033;102;Smartphone;Eletrônicos;2026-01-20;5.0;R$ 1865,53
2034;102;   capa protetora  ;;2026-03-23;2.0;R$ 183,14
2035;104;Suporte Monitor;Móveis;2026-03-05;9.0;R$ 2006,24
2036;102;Filtro de Linha;Acessórios;2026-02-05;6.0;R$ 338,9
2037;102;Teclado;Periféricos;2026-01-05;8.0;R$ 94,86
2038;102;Tablet;Eletrônicos;2026-02-28;8.0;R$ 4048,59
2039;103;Teclado;;2026-01-14;7.0;R$ 48,75
2040;101;Cabo HDMI;Acessórios;2026-03-06;7.0;R$ 220,35
2041;102;Mousepad;Periféricos;2026-01-04;1.0;R$ 182,16
2042;105;Webcam;Periféricos;2026-03-18;3.0;R$ 253,01
2043;104;Suporte Monitor;Móveis;2026-02-16;4.0;R$ 1013,49
2044;102;Teclado;Periféricos;2026-01-23;9.0;R$ 25,57
2045;102;Mesa de Escritório;Móveis;2026-03-27;3.0;R$ 693,0
2046;105;Mesa de Escritório;Móveis;2026-02-21;1.0;R$ 2280,48
2047;104;Mouse;Periféricos;2026-03-04;9.0;R$ 38,29
2048;102;Smartphone;Eletrônicos;2026-03-11;4.0;R$ 4826,83
2049;103;Mouse;Periféricos;2026-03-03;4.0;R$ 275,67
2050;103;Filtro de Linha;Acessórios;2026-03-27;8.0;R$ 236,76
2051;104;   tablet  ;Eletrônicos;2026-02-09;10.0;R$ 1141,79
2052;101;Hub USB;Acessórios;2026-01-03;10.0;R$ 272,92
2053;105;Smart TV;Eletrônicos;2026-03-13;10.0;R$ 5428,4
2054;102;Smartphone;Eletrônicos;2026-01-26;3.0;R$ 885,35
2055;101;Cabo HDMI;Acessórios;2026-01-24;;R$ 69,39
2056;104;Carregador;Acessórios;2026-03-19;8.0;R$ 153,97
2057;102;Carregador;Acessórios;2026-02-08;2.0;R$ 283,3
2058;104;Smartphone;Eletrônicos;2026-02-23;10.0;R$ 5330,02
2059;103;   microfone  ;Periféricos;2026-01-21;10.0;R$ 317,04
2060;101;Hub USB;Acessórios;2026-02-07;1.0;R$ 334,76
2061;102;Mouse;Periféricos;2026-01-02;;R$ 59,95
2062;104;   hub usb  ;;2026-02-19;8.0;R$ 283,85
2063;102;Capa Protetora;Acessórios;2026-02-13;5.0;R$ 122,03
2064;105;Capa Protetora;Acessórios;2026-02-10;2.0;R$ 158,53
2065;101;Suporte Monitor;Móveis;2026-01-01;7.0;R$ 837,38
2066;105;Hub USB;Acessórios;2026-03-14;10.0;R$ 81,54
2067;105;Mesa de Escritório;Móveis;2026-03-23;7.0;R$ 790,03
2068;101;Headset;Periféricos;2026-02-04;3.0;R$ 194,58
2069;102;Tablet;Eletrônicos;2026-03-10;9.0;R$ 3717,6
2070;104;Suporte Monitor;Móveis;2026-02-22;7.0;R$ 845,63
2071;103;Headset;Periféricos;2026-03-09;2.0;R$ 281,26
2072;105;Webcam;Periféricos;2026-01-27;5.0;R$ 111,01
2073;104;Cadeira Gamer;Móveis;2026-03-25;9.0;R$ 676,94
2074;102;Filtro de Linha;Acessórios;2026-03-22;9.0;R$ 232,04
2075;101;Teclado;Periféricos;2026-01-01;;R$ 167,03
2076;101;Hub USB;Acessórios;2026-02-28;9.0;R$ 134,76
2077;103;Capa Protetora;Acessórios;2026-01-28;;R$ 32,31
2078;103;Cabo HDMI;;2026-01-24;;R$ 93,74
2079;103;Monitor;Eletrônicos;2026-01-07;8.0;R$ 2366,6
2080;104;Headset;Periféricos;2026-03-11;8.0;R$ 338,07
2081;105;Mouse;Periféricos;2026-02-23;6.0;R$ 202,34
2082;102;Notebook;Eletrônicos;2026-01-18;9.0;R$ 2543,64
2083;104;Microfone;Periféricos;2026-03-05;1.0;R$ 303,13
2084;104;Microfone;Periféricos;2026-01-01;5.0;R$ 96,56
2085;104;Notebook;Eletrônicos;2026-03-26;6.0;R$ 4140,55
2086;105;Monitor;Eletrônicos;2026-03-03;8.0;R$ 2859,32
2087;101;Mesa de Escritório;Móveis;2026-02-02;3.0;R$ 802,44
2088;102;Webcam;Periféricos;2026-03-09;7.0;R$ 148,98
2089;102;   teclado  ;Periféricos;2026-01-17;3.0;R$ 225,79
2090;104;Monitor;Eletrônicos;2026-01-01;4.0;R$ 903,24
2091;101;Carregador;Acessórios;2026-02-27;1.0;R$ 164,39
2092;103;Mesa de Escritório;Móveis;2026-03-02;3.0;R$ 911,59
2093;102;Microfone;;2026-03-18;5.0;R$ 289,3
2094;102;Monitor;Eletrônicos;2026-03-10;8.0;R$ 1120,08
2095;101;Smartphone;Eletrônicos;2026-03-06;3.0;R$ 3911,01
2096;104;Hub USB;Acessórios;2026-03-18;8.0;R$ 260,78
2097;104;Suporte Monitor;Móveis;2026-02-04;10.0;R$ 2030,65
2098;101;Hub USB;Acessórios;2026-03-18;4.0;R$ 197,15
2099;102;Cadeira Gamer;Móveis;2026-01-05;6.0;R$ 1617,35
2100;104;Capa Protetora;Acessórios;2026-02-23;5.0;R$ 321,9
2101;102;Mousepad;Periféricos;2026-03-25;;R$ 282,16
2102;101;Capa Protetora;Acessórios;2026-01-08;6.0;R$ 344,23
2103;101;Smartphone;Eletrônicos;2026-01-28;;R$ 2169,34
2104;102;Cadeira Gamer;Móveis;2026-03-20;10.0;R$ 854,0
2105;101;Cabo HDMI;Acessórios;2026-01-06;3.0;R$ 318,75
2106;105;Filtro de Linha;Acessórios;2026-01-01;6.0;R$ 302,86
2107;103;Gaveteiro;Móveis;2026-01-07;1.0;R$ 1823,18
2108;103;   cabo hdmi  ;Acessórios;2026-02-17;9.0;R$ 184,7
2109;104;Monitor;Eletrônicos;2026-01-28;6.0;R$ 3685,09
2110;105;Mesa de Escritório;Móveis;2026-03-15;8.0;R$ 866,23
2111;102;Webcam;Periféricos;2026-03-11;7.0;R$ 96,95
2112;102;   headset  ;Periféricos;2026-03-05;1.0;R$ 158,06
2113;105;   mouse  ;Periféricos;2026-03-12;10.0;R$ 259,29
2114;103;Filtro de Linha;Acessórios;2026-01-05;10.0;R$ 124,86
2115;104;Mousepad;Periféricos;2026-03-24;3.0;R$ 233,1
2116;102;Smartphone;;2026-02-03;6.0;R$ 3917,25
2117;103;   monitor  ;Eletrônicos;2026-01-24;2.0;R$ 1848,27
2118;105;Microfone;Periféricos;2026-01-03;2.0;R$ 78,34
2119;101;Suporte Monitor;Móveis;2026-03-22;2.0;R$ 1864,7
2120;105;Carregador;Acessórios;2026-02-01;2.0;R$ 271,98
2121;101;Hub USB;;2026-02-25;3.0;R$ 296,27
2122;105;Carregador;Acessórios;2026-03-17;8.0;R$ 100,7
2123;104;   hub usb  ;Acessórios;2026-02-24;5.0;R$ 275,77
2124;103;   mouse  ;Periféricos;2026-03-05;7.0;R$ 286,86
2125;101;Tablet;Eletrônicos;2026-01-20;5.0;R$ 3299,92
2126;105;Notebook;Eletrônicos;2026-02-28;10.0;R$ 2898,61
2127;105;   cadeira gamer  ;Móveis;2026-03-06;9.0;R$ 1836,28
2128;104;Carregador;Acessórios;2026-01-24;;R$ 253,06
2129;102;Mesa de Escritório;Móveis;2026-03-13;;R$ 2220,53
2130;102;Mesa de Escritório;Móveis;2026-03-08;9.0;R$ 1861,53
2131;104;Microfone;Periféricos;2026-03-25;10.0;R$ 40,61
2132;104;Filtro de Linha;Acessórios;2026-01-06;9.0;R$ 347,67
2133;104;Teclado;Periféricos;2026-02-14;2.0;R$ 186,87
2134;104;   mousepad  ;Periféricos;2026-02-04;4.0;R$ 163,24
2135;101;   teclado  ;Periféricos;2026-03-17;3.0;R$ 86,37
2136;105;Headset;Periféricos;2026-01-15;;R$ 260,35
2137;101;Carregador;Acessórios;2026-02-13;2.0;R$ 234,71
2138;105;Mouse;Periféricos;2026-03-18;9.0;R$ 53,15
2139;105;Mousepad;Periféricos;2026-03-15;7.0;R$ 58,54
2140;105;Capa Protetora;Acessórios;2026-03-21;4.0;R$ 198,54
2141;101;Microfone;Periféricos;2026-02-13;6.0;R$ 249,66
2142;105;Cadeira Gamer;Móveis;2026-01-11;8.0;R$ 749,11
2143;102;Suporte Monitor;;2026-01-20;5.0;R$ 1776,56
2144;103;Webcam;Periféricos;2026-03-01;8.0;R$ 108,48
2145;105;Cadeira Gamer;;2026-02-19;;R$ 1171,99
2146;104;Gaveteiro;Móveis;2026-02-18;6.0;R$ 1808,28
2147;105;Webcam;Periféricos;2026-03-28;5.0;R$ 57,14
2148;103;Mousepad;Periféricos;2026-03-19;9.0;R$ 286,78
2149;105;Tablet;Eletrônicos;2026-02-11;1.0;R$ 4523,98
2150;101;Mesa de Escritório;Móveis;2026-01-27;1.0;R$ 660,86
2151;103;Notebook;Eletrônicos;2026-03-06;5.0;R$ 3312,81
2152;101;Microfone;Periféricos;2026-01-11;8.0;R$ 120,69
2153;104;Cadeira Gamer;Móveis;2026-03-12;7.0;R$ 2465,35
2154;103;Notebook;Eletrônicos;2026-01-07;1.0;R$ 3994,39
2155;105;Mesa de Escritório;Móveis;2026-01-12;7.0;R$ 944,12
2156;104;   gaveteiro  ;Móveis;2026-02-19;1.0;R$ 1405,84
2157;101;Filtro de Linha;Acessórios;2026-02-21;1.0;R$ 30,31
2158;101;Monitor;Eletrônicos;2026-02-10;5.0;R$ 5263,56
2159;104;Hub USB;Acessórios;2026-03-11;7.0;R$ 204,35
2160;103;Smartphone;Eletrônicos;2026-01-26;3.0;R$ 1349,1
2161;104;   headset  ;Periféricos;2026-02-25;3.0;R$ 80,8
2162;102;Microfone;Periféricos;2026-03-22;;R$ 165,06
2163;104;Suporte Monitor;Móveis;2026-03-26;6.0;R$ 1119,2
2164;102;Headset;Periféricos;2026-01-16;2.0;R$ 339,92
2165;102;Notebook;Eletrônicos;2026-03-08;7.0;R$ 1400,31
2166;104;Microfone;Periféricos;2026-01-21;8.0;R$ 183,24
2167;102;Suporte Monitor;Móveis;2026-03-22;6.0;R$ 1519,12
2168;103;Microfone;Periféricos;2026-02-04;7.0;R$ 58,17
2169;104;   notebook  ;Eletrônicos;2026-02-02;;R$ 4802,89
2170;104;   hub usb  ;Acessórios;2026-02-16;4.0;R$ 272,35
2171;104;Cadeira Gamer;Móveis;2026-02-04;6.0;R$ 1577,28
2172;103;   mesa de escritório  ;Móveis;2026-01-11;4.0;R$ 1374,33
2173;102;Cabo HDMI;Acessórios;2026-01-23;4.0;R$ 99,08
2174;104;Smart TV;Eletrônicos;2026-02-17;9.0;R$ 4981,23
2175;102;Capa Protetora;Acessórios;2026-02-07;1.0;R$ 114,13
2176;103;Mouse;Periféricos;2026-02-23;5.0;R$ 154,84
2177;102;Capa Protetora;Acessórios;2026-01-04;9.0;R$ 206,29
2178;103;Gaveteiro;Móveis;2026-02-03;8.0;R$ 1273,92
2179;105;Tablet;Eletrônicos;2026-01-07;7.0;R$ 1441,79
2180;104;   suporte monitor  ;Móveis;2026-01-20;10.0;R$ 1565,25
2181;105;Gaveteiro;Móveis;2026-01-19;1.0;R$ 1468,84
2182;102;Câmera;Eletrônicos;2026-01-18;10.0;R$ 2725,11
2183;103;Hub USB;Acessórios;2026-03-17;9.0;R$ 118,19
2184;104;Gaveteiro;Móveis;2026-01-18;6.0;R$ 2112,55
2185;103;Webcam;Periféricos;2026-03-04;10.0;R$ 36,94
2186;105;Monitor;Eletrônicos;2026-02-17;9.0;R$ 1681,4
2187;104;   tablet  ;Eletrônicos;2026-03-17;5.0;R$ 5104,75
2188;103;   mousepad  ;Periféricos;2026-02-25;3.0;R$ 192,61
2189;102;   monitor  ;Eletrônicos;2026-03-17;6.0;R$ 4334,33
2190;102;Capa Protetora;;2026-01-09;6.0;R$ 210,22
2191;105;Mouse;Periféricos;2026-02-15;10.0;R$ 35,51
2192;104;Teclado;;2026-02-03;6.0;R$ 265,69
2193;101;Mesa de Escritório;Móveis;2026-01-22;7.0;R$ 343,95
2194;105;   notebook  ;Eletrônicos;2026-01-28;9.0;R$ 1390,56
2195;103;Cadeira Gamer;Móveis;2026-01-24;;R$ 392,98
2196;101;Notebook;Eletrônicos;2026-02-11;1.0;R$ 4932,8
2197;101;Gaveteiro;Móveis;2026-01-13;7.0;R$ 607,69
2198;105;Capa Protetora;Acessórios;2026-01-07;6.0;R$ 99,86
2199;105;Gaveteiro;Móveis;2026-01-12;5.0;R$ 1290,8
2200;104;Webcam;Periféricos;2026-02-19;3.0;R$ 137,83
2201;102;Capa Protetora;Acessórios;2026-01-22;3.0;R$ 296,65
2202;101;Webcam;Periféricos;2026-03-14;7.0;R$ 155,25
2203;101;Hub USB;Acessórios;2026-02-03;7.0;R$ 45,26
2204;103;Headset;Periféricos;2026-03-28;5.0;R$ 155,17
2205;101;   microfone  ;;2026-03-18;1.0;R$ 64,67
2206;104;Mousepad;Periféricos;2026-01-28;9.0;R$ 307,88
2207;101;   webcam  ;Periféricos;2026-02-26;4.0;R$ 325,77
2208;104;Hub USB;;2026-03-25;10.0;R$ 226,81
2209;105;Gaveteiro;Móveis;2026-02-28;6.0;R$ 1959,68
2210;103;Filtro de Linha;Acessórios;2026-02-04;8.0;R$ 107,74
2211;105;Notebook;;2026-02-27;5.0;R$ 4445,6
2212;102;Smart TV;Eletrônicos;2026-02-07;9.0;R$ 3008,5
2213;102;Mousepad;Periféricos;2026-02-25;8.0;R$ 168,34
2214;105;   smart tv  ;Eletrônicos;2026-01-12;4.0;R$ 3209,46
2215;105;   mousepad  ;Periféricos;2026-01-12;5.0;R$ 279,88
2216;102;Mouse;Periféricos;2026-03-02;6.0;R$ 168,57
2217;101;Câmera;Eletrônicos;2026-03-16;10.0;R$ 4742,67
2218;103;Webcam;Periféricos;2026-03-03;1.0;R$ 225,06
2219;102;Headset;Periféricos;2026-03-15;1.0;R$ 213,84
2220;103;   filtro de linha  ;Acessórios;2026-01-06;6.0;R$ 45,78
2221;103;Tablet;Eletrônicos;2026-03-21;;R$ 1610,24
2222;101;   headset  ;Periféricos;2026-02-17;7.0;R$ 52,74
2223;105;   carregador  ;Acessórios;2026-03-21;3.0;R$ 38,51
2224;103;Mousepad;Periféricos;2026-02-24;3.0;R$ 43,13
2225;101;   tablet  ;Eletrônicos;2026-02-16;;R$ 2271,05
2226;105;Notebook;Eletrônicos;2026-02-07;10.0;R$ 2968,95
2227;102;Mouse;Periféricos;2026-01-07;9.0;R$ 288,29
2228;101;Carregador;Acessórios;2026-01-06;2.0;R$ 28,23
2229;103;Cabo HDMI;Acessórios;2026-02-04;10.0;R$ 75,17
2230;101;Hub USB;Acessórios;2026-02-08;7.0;R$ 37,75
2231;103;Teclado;Periféricos;2026-02-05;;R$ 233,82
2232;105;Cadeira Gamer;Móveis;2026-01-24;1.0;R$ 1583,35
2233;104;Mousepad;Periféricos;2026-03-01;4.0;R$ 242,55
2234;102;Mousepad;Periféricos;2026-02-03;8.0;R$ 218,88
2235;102;   suporte monitor  ;;2026-03-12;10.0;R$ 1488,11
2236;105;Tablet;Eletrônicos;2026-03-19;2.0;R$ 1602,43
2237;103;Hub USB;Acessórios;2026-02-18;7.0;R$ 281,08
2238;102;Carregador;Acessórios;2026-01-01;9.0;R$ 193,42
2239;102;Capa Protetora;Acessórios;2026-01-19;2.0;R$ 208,72
2240;101;Hub USB;Acessórios;2026-01-02;7.0;R$ 208,52
2241;102;Capa Protetora;Acessórios;2026-03-21;3.0;R$ 295,09
2242;103;Hub USB;Acessórios;2026-02-02;9.0;R$ 72,05
2243;103;Filtro de Linha;Acessórios;2026-01-23;1.0;R$ 75,5
2244;102;Tablet;;2026-02-01;;R$ 4378,4
2245;104;   headset  ;Periféricos;2026-03-23;7.0;R$ 169,63
2246;105;Notebook;Eletrônicos;2026-02-04;;R$ 4552,11
2247;104;Teclado;Periféricos;2026-01-22;8.0;R$ 86,51
2248;105;Capa Protetora;Acessórios;2026-01-13;1.0;R$ 198,79
2249;101;Carregador;Acessórios;2026-02-13;;R$ 33,41
2250;105;Mesa de Escritório;Móveis;2026-01-14;2.0;R$ 2258,7
2251;101;Tablet;Eletrônicos;2026-01-22;10.0;R$ 3409,89
2252;105;Mesa de Escritório;Móveis;2026-01-07;5.0;R$ 2070,82
2253;102;Gaveteiro;Móveis;2026-02-01;8.0;R$ 1007,63
2254;105;Gaveteiro;Móveis;2026-02-15;;R$ 1875,45
2255;101;Microfone;Periféricos;2026-03-03;9.0;R$ 70,23
2256;103;Monitor;Eletrônicos;2026-02-05;1.0;R$ 3295,13
2257;103;Mousepad;Periféricos;2026-01-26;6.0;R$ 230,27
2258;102;Gaveteiro;Móveis;2026-01-01;5.0;R$ 491,82
2259;102;Cadeira Gamer;Móveis;2026-03-04;7.0;R$ 2364,19
2260;103;Tablet;Eletrônicos;2026-03-28;;R$ 1337,78
2261;101;Gaveteiro;Móveis;2026-02-01;1.0;R$ 487,56
2262;101;Câmera;Eletrônicos;2026-03-06;4.0;R$ 5422,96
2263;104;Tablet;Eletrônicos;2026-01-05;1.0;R$ 3877,86
2264;104;Carregador;Acessórios;2026-02-08;5.0;R$ 122,98
2265;102;   mousepad  ;Periféricos;2026-02-08;5.0;R$ 146,33
2266;102;Tablet;Eletrônicos;2026-02-24;4.0;R$ 5330,98
2267;103;Cabo HDMI;Acessórios;2026-02-14;9.0;R$ 75,8
2268;102;Filtro de Linha;Acessórios;2026-02-15;1.0;R$ 188,1
2269;103;Filtro de Linha;Acessórios;2026-01-09;2.0;R$ 335,61
2270;105;Capa Protetora;Acessórios;2026-02-26;10.0;R$ 116,84
2271;101;Headset;Periféricos;2026-01-02;7.0;R$ 341,74
2272;104;Mesa de Escritório;Móveis;2026-01-08;6.0;R$ 2201,01
2273;104;Capa Protetora;Acessórios;2026-01-04;3.0;R$ 48,67
2274;103;Headset;Periféricos;2026-02-19;3.0;R$ 25,67
2275;101;Notebook;Eletrônicos;2026-03-23;10.0;R$ 3117,37
2276;104;Mouse;Periféricos;2026-03-14;4.0;R$ 121,22
2277;105;Microfone;Periféricos;2026-01-17;9.0;R$ 111,49
2278;104;Cadeira Gamer;Móveis;2026-02-28;2.0;R$ 2096,43
2279;103;   mesa de escritório  ;Móveis;2026-03-24;5.0;R$ 480,98
2280;104;   tablet  ;Eletrônicos;2026-03-24;9.0;R$ 2792,25
2281;105;Cabo HDMI;Acessórios;2026-01-07;3.0;R$ 40,62
2282;105;Notebook;Eletrônicos;2026-01-26;;R$ 952,44
2283;101;Mouse;Periféricos;2026-03-16;2.0;R$ 214,6
2284;101;Filtro de Linha;Acessórios;2026-02-22;10.0;R$ 342,66
2285;105;Gaveteiro;Móveis;2026-03-11;6.0;R$ 2326,78
2286;103;Headset;Periféricos;2026-03-06;2.0;R$ 27,47
2287;104;   smartphone  ;Eletrônicos;2026-01-25;;R$ 3614,1
2288;104;Smartphone;Eletrônicos;2026-01-18;9.0;R$ 1322,02
2289;102;   hub usb  ;Acessórios;2026-02-16;2.0;R$ 196,71
2290;104;Notebook;Eletrônicos;2026-01-26;5.0;R$ 3371,04
2291;103;Capa Protetora;Acessórios;2026-01-01;3.0;R$ 234,94
2292;102;Mousepad;Periféricos;2026-01-06;;R$ 148,93
2293;104;Gaveteiro;Móveis;2026-02-13;8.0;R$ 343,83
2294;104;   monitor  ;Eletrônicos;2026-03-28;6.0;R$ 4075,81
2295;101;Smartphone;Eletrônicos;2026-02-27;;R$ 2625,46
2296;103;Câmera;Eletrônicos;2026-03-25;5.0;R$ 4996,1
2297;101;   webcam  ;Periféricos;2026-01-10;9.0;R$ 302,24
2298;101;Capa Protetora;Acessórios;2026-01-27;1.0;R$ 124,41
2299;101;Carregador;Acessórios;2026-03-12;9.0;R$ 346,42
2300;102;Mesa de Escritório;Móveis;2026-02-18;2.0;R$ 505,64
2301;103;Carregador;Acessórios;2026-02-25;3.0;R$ 181,89
2302;101;   gaveteiro  ;Móveis;2026-01-18;6.0;R$ 1006,09
2303;101;Carregador;Acessórios;2026-02-26;2.0;R$ 64,22
2304;101;Suporte Monitor;Móveis;2026-02-05;7.0;R$ 2178,98
2305;104;Teclado;Periféricos;2026-03-13;1.0;R$ 70,66
2306;103;Gaveteiro;Móveis;2026-02-15;;R$ 380,69
2307;101;Cabo HDMI;Acessórios;2026-02-13;5.0;R$ 269,05
2308;104;Monitor;;2026-01-16;6.0;R$ 2242,41
2309;104;Cadeira Gamer;Móveis;2026-02-17;6.0;R$ 1852,49
2310;102;Suporte Monitor;Móveis;2026-02-22;9.0;R$ 1186,22
2311;103;Smartphone;Eletrônicos;2026-02-14;5.0;R$ 1439,7
2312;102;Cabo HDMI;Acessórios;2026-03-07;6.0;R$ 88,72
2313;102;Mesa de Escritório;Móveis;2026-01-17;7.0;R$ 1888,48
2314;101;Gaveteiro;Móveis;2026-03-22;4.0;R$ 688,0
2315;103;Tablet;Eletrônicos;2026-01-22;9.0;R$ 5234,87
2316;104;Tablet;;2026-03-28;8.0;R$ 2816,6
2317;103;Carregador;Acessórios;2026-01-24;8.0;R$ 185,06
2318;103;Mousepad;Periféricos;2026-01-19;1.0;R$ 99,61
2319;104;Mousepad;Periféricos;2026-03-27;3.0;R$ 170,3
2320;102;Cabo HDMI;Acessórios;2026-01-25;2.0;R$ 295,85
2321;105;Smartphone;Eletrônicos;2026-01-14;3.0;R$ 1068,87
2322;101;   suporte monitor  ;Móveis;2026-03-13;;R$ 1517,61
2323;104;Monitor;Eletrônicos;2026-03-28;3.0;R$ 1679,75
2324;105;Notebook;Eletrônicos;2026-02-06;7.0;R$ 2062,6
2325;101;   carregador  ;Acessórios;2026-01-07;2.0;R$ 152,02
2326;103;Notebook;Eletrônicos;2026-02-19;4.0;R$ 1780,79
2327;103;Capa Protetora;Acessórios;2026-01-28;2.0;R$ 304,8
2328;104;Webcam;Periféricos;2026-01-18;;R$ 336,11
2329;103;Monitor;Eletrônicos;2026-02-20;10.0;R$ 4642,83
2330;105;   teclado  ;Periféricos;2026-02-23;3.0;R$ 347,13
2331;105;   smartphone  ;Eletrônicos;2026-01-12;1.0;R$ 2202,79
2332;104;Carregador;Acessórios;2026-02-21;6.0;R$ 291,94
2333;103;Webcam;;2026-02-09;10.0;R$ 267,14
2334;105;   hub usb  ;Acessórios;2026-01-14;8.0;R$ 347,93
2335;101;Câmera;Eletrônicos;2026-03-04;10.0;R$ 5311,2
2336;101;Suporte Monitor;Móveis;2026-01-20;1.0;R$ 914,88
2337;102;   headset  ;Periféricos;2026-01-08;4.0;R$ 77,19
2338;102;Suporte Monitor;Móveis;2026-02-28;1.0;R$ 549,75
2339;103;Monitor;Eletrônicos;2026-02-19;9.0;R$ 4621,85
2340;105;Teclado;Periféricos;2026-01-06;5.0;R$ 300,43
2341;101;Tablet;Eletrônicos;2026-03-24;9.0;R$ 5499,16
2342;103;Cadeira Gamer;Móveis;2026-01-19;1.0;R$ 1277,53
2343;105;Mouse;Periféricos;2026-01-05;4.0;R$ 339,1
2344;105;Suporte Monitor;Móveis;2026-01-03;1.0;R$ 1144,65
2345;105;Mousepad;Periféricos;2026-02-20;2.0;R$ 213,37
2346;101;Hub USB;Acessórios;2026-01-24;7.0;R$ 62,28
2347;102;Hub USB;Acessórios;2026-02-04;3.0;R$ 251,4
2348;102;Notebook;Eletrônicos;2026-03-19;3.0;R$ 3901,27
2349;102;Cadeira Gamer;Móveis;2026-01-06;2.0;R$ 438,15
2350;103;Tablet;Eletrônicos;2026-01-24;3.0;R$ 1271,73
2351;101;Carregador;Acessórios;2026-03-15;3.0;R$ 106,11
2352;103;Teclado;Periféricos;2026-01-17;9.0;R$ 97,97
2353;105;Smart TV;Eletrônicos;2026-01-24;1.0;R$ 2221,8
2354;104;   teclado  ;Periféricos;2026-01-25;3.0;R$ 214,34
2355;105;Monitor;Eletrônicos;2026-02-15;9.0;R$ 3927,91
2356;103;Mesa de Escritório;Móveis;2026-03-18;3.0;R$ 2439,85
2357;102;Filtro de Linha;Acessórios;2026-01-24;9.0;R$ 107,82
2358;103;Mesa de Escritório;Móveis;2026-03-28;;R$ 1921,65
2359;102;Teclado;Periféricos;2026-02-01;2.0;R$ 195,98
2360;104;Headset;Periféricos;2026-02-06;9.0;R$ 155,69
2361;101;   monitor  ;Eletrônicos;2026-01-08;5.0;R$ 1209,79
2362;101;Carregador;;2026-01-27;8.0;R$ 33,12
2363;103;   smart tv  ;Eletrônicos;2026-02-14;4.0;R$ 1670,02
2364;102;Notebook;Eletrônicos;2026-03-25;2.0;R$ 3502,13
2365;102;Teclado;Periféricos;2026-02-27;8.0;R$ 50,9
2366;101;Cabo HDMI;Acessórios;2026-03-05;;R$ 180,33
2367;104;Smartphone;Eletrônicos;2026-02-28;3.0;R$ 2637,33
2368;101;Smart TV;Eletrônicos;2026-02-08;8.0;R$ 1615,28
2369;102;Microfone;Periféricos;2026-01-07;4.0;R$ 279,55
2370;103;Cadeira Gamer;Móveis;2026-02-10;3.0;R$ 2365,12
2371;103;Câmera;Eletrônicos;2026-01-15;3.0;R$ 2980,43
2372;104;Smartphone;Eletrônicos;2026-03-07;5.0;R$ 3640,7
2373;104;   smartphone  ;;2026-02-28;6.0;R$ 1270,41
2374;104;Teclado;Periféricos;2026-02-23;3.0;R$ 33,59
2375;103;Cadeira Gamer;Móveis;2026-02-06;4.0;R$ 891,07
2376;104;Gaveteiro;Móveis;2026-03-25;1.0;R$ 664,12
2377;102;Filtro de Linha;Acessórios;2026-02-18;10.0;R$ 33,68
2378;103;Câmera;Eletrônicos;2026-01-01;10.0;R$ 2392,85
2379;104;Mesa de Escritório;Móveis;2026-01-13;5.0;R$ 815,8
2380;101;Mousepad;Periféricos;2026-03-03;;R$ 241,75
2381;104;Tablet;Eletrônicos;2026-01-15;9.0;R$ 5294,07
2382;104;Cabo HDMI;Acessórios;2026-03-25;8.0;R$ 298,27
2383;104;Filtro de Linha;Acessórios;2026-03-13;4.0;R$ 153,36
2384;103;   cadeira gamer  ;Móveis;2026-03-12;9.0;R$ 1942,4
2385;104;Webcam;Periféricos;2026-01-01;;R$ 121,66
2386;105;Cabo HDMI;;2026-02-08;6.0;R$ 155,93
2387;102;Mousepad;Periféricos;2026-02-14;10.0;R$ 188,03
2388;102;Smartphone;Eletrônicos;2026-02-23;2.0;R$ 3375,57
2389;104;Cadeira Gamer;Móveis;2026-03-01;9.0;R$ 1294,67
2390;103;Smartphone;Eletrônicos;2026-02-25;4.0;R$ 3491,41
2391;105;Carregador;Acessórios;2026-01-24;6.0;R$ 283,61
2392;103;Teclado;Periféricos;2026-01-23;8.0;R$ 39,37
2393;101;Carregador;Acessórios;2026-01-14;7.0;R$ 87,96
2394;102;Smartphone;Eletrônicos;2026-01-26;10.0;R$ 3532,37
2395;105;Mousepad;Periféricos;2026-01-18;3.0;R$ 158,16
2396;102;Cabo HDMI;Acessórios;2026-02-24;1.0;R$ 196,18
2397;104;Mesa de Escritório;Móveis;2026-01-07;10.0;R$ 1478,24
2398;102;Suporte Monitor;Móveis;2026-03-21;10.0;R$ 1823,12
2399;104;Cabo HDMI;Acessórios;2026-02-20;3.0;R$ 40,96
2400;103;Mesa de Escritório;Móveis;2026-02-08;9.0;R$ 2307,42
2401;101;Microfone;Periféricos;2026-03-27;2.0;R$ 173,75
2402;101;Carregador;Acessórios;2026-03-09;4.0;R$ 243,67
2403;101;   smartphone  ;Eletrônicos;2026-03-28;5.0;R$ 4947,68
2404;105;Tablet;Eletrônicos;2026-01-07;8.0;R$ 4441,14
2405;102;Hub USB;Acessórios;2026-01-15;1.0;R$ 87,18
2406;101;Filtro de Linha;Acessórios;2026-02-05;9.0;R$ 74,65
2407;103;Suporte Monitor;Móveis;2026-01-22;1.0;R$ 1306,82
2408;105;Microfone;;2026-03-15;5.0;R$ 49,31
2409;101;Cabo HDMI;Acessórios;2026-01-26;8.0;R$ 154,03
2410;101;Webcam;Periféricos;2026-01-15;1.0;R$ 229,75
2411;103;Suporte Monitor;Móveis;2026-01-11;10.0;R$ 1139,27
2412;105;Cabo HDMI;Acessórios;2026-01-06;1.0;R$ 262,81
2413;103;Microfone;Periféricos;2026-02-07;7.0;R$ 216,9
2414;102;Hub USB;Acessórios;2026-01-01;3.0;R$ 201,94
2415;101;Webcam;Periféricos;2026-02-21;8.0;R$ 20,25
2416;102;   cadeira gamer  ;Móveis;2026-02-12;4.0;R$ 1836,48
2417;105;Hub USB;Acessórios;2026-02-22;1.0;R$ 340,4
2418;105;Mouse;Periféricos;2026-02-28;10.0;R$ 169,08
2419;104;Filtro de Linha;Acessórios;2026-01-05;4.0;R$ 161,2
2420;105;Hub USB;Acessórios;2026-03-03;3.0;R$ 143,03
2421;102;Microfone;Periféricos;2026-01-09;3.0;R$ 219,59
2422;105;Mouse;Periféricos;2026-02-14;7.0;R$ 43,98
2423;102;Headset;Periféricos;2026-02-20;10.0;R$ 319,86
2424;105;Teclado;Periféricos;2026-02-25;9.0;R$ 262,49
2425;104;Capa Protetora;Acessórios;2026-01-12;7.0;R$ 24,08
2426;105;Mesa de Escritório;Móveis;2026-01-11;4.0;R$ 1626,87
2427;102;Mousepad;;2026-01-01;1.0;R$ 315,95
2428;104;Filtro de Linha;Acessórios;2026-03-24;2.0;R$ 335,67
2429;101;Cadeira Gamer;Móveis;2026-01-10;2.0;R$ 336,7
2430;105;Filtro de Linha;Acessórios;2026-01-19;10.0;R$ 198,25
2431;102;Headset;Periféricos;2026-01-11;10.0;R$ 339,97
2432;103;Mouse;Periféricos;2026-03-16;7.0;R$ 161,28
2433;105;Filtro de Linha;;2026-03-27;9.0;R$ 324,0
2434;103;   capa protetora  ;Acessórios;2026-01-01;2.0;R$ 176,37
2435;105;Carregador;Acessórios;2026-01-17;7.0;R$ 208,72
2436;103;Tablet;Eletrônicos;2026-01-26;5.0;R$ 3106,54
2437;101;Mousepad;Periféricos;2026-03-20;;R$ 300,64
2438;102;Mouse;Periféricos;2026-02-12;;R$ 94,5
2439;101;Microfone;Periféricos;2026-02-27;10.0;R$ 265,59
2440;105;Filtro de Linha;Acessórios;2026-01-15;1.0;R$ 82,66
2441;103;Gaveteiro;Móveis;2026-02-18;10.0;R$ 300,19
2442;105;Filtro de Linha;Acessórios;2026-01-11;2.0;R$ 324,59
2443;103;Smart TV;Eletrônicos;2026-01-26;8.0;R$ 3760,41
2444;103;Smartphone;Eletrônicos;2026-03-08;3.0;R$ 4860,23
2445;102;Cadeira Gamer;;2026-03-27;2.0;R$ 1528,36
2446;101;Tablet;Eletrônicos;2026-02-09;5.0;R$ 4176,07
2447;101;Cabo HDMI;Acessórios;2026-03-16;8.0;R$ 20,89
2448;101;Suporte Monitor;Móveis;2026-02-04;;R$ 907,84
2449;105;Teclado;Periféricos;2026-01-26;9.0;R$ 27,96
2450;101;Webcam;Periféricos;2026-02-27;9.0;R$ 203,05
2451;101;   capa protetora  ;Acessórios;2026-03-01;3.0;R$ 149,27
2452;104;Gaveteiro;Móveis;2026-03-20;4.0;R$ 2207,29
2453;102;Monitor;Eletrônicos;2026-03-15;;R$ 2039,14
2454;104;Cabo HDMI;;2026-03-24;10.0;R$ 204,27
2455;101;Smart TV;Eletrônicos;2026-03-27;;R$ 4868,57
2456;102;Carregador;Acessórios;2026-01-04;6.0;R$ 197,25
2457;104;Teclado;Periféricos;2026-03-04;2.0;R$ 216,02
2458;102;Mouse;Periféricos;2026-02-08;10.0;R$ 318,64
2459;103;   suporte monitor  ;Móveis;2026-02-24;1.0;R$ 2199,8
2460;102;Smartphone;Eletrônicos;2026-01-10;7.0;R$ 4305,72
2461;105;Gaveteiro;Móveis;2026-02-26;7.0;R$ 2495,16
2462;105;Cabo HDMI;Acessórios;2026-02-08;1.0;R$ 65,5
2463;102;Gaveteiro;Móveis;2026-03-15;1.0;R$ 775,38
2464;101;   filtro de linha  ;Acessórios;2026-01-13;7.0;R$ 98,77
2465;105;   câmera  ;Eletrônicos;2026-03-14;5.0;R$ 4735,87
2466;102;Smart TV;;2026-01-06;1.0;R$ 4585,82
2467;101;Suporte Monitor;Móveis;2026-01-23;4.0;R$ 1988,26
2468;105;Mesa de Escritório;Móveis;2026-01-19;;R$ 2432,19
2469;101;Mousepad;Periféricos;2026-02-27;8.0;R$ 328,37
2470;105;Mouse;Periféricos;2026-02-10;9.0;R$ 337,67
2471;105;Notebook;Eletrônicos;2026-03-01;9.0;R$ 1367,65
2472;105;Headset;Periféricos;2026-02-25;6.0;R$ 151,39
2473;103;Mouse;Periféricos;2026-02-20;8.0;R$ 37,27
2474;104;Smartphone;Eletrônicos;2026-01-10;9.0;R$ 2788,37
2475;102;Carregador;Acessórios;2026-01-05;4.0;R$ 136,6
2476;101;   mesa de escritório  ;Móveis;2026-03-01;2.0;R$ 1270,68
2477;104;Tablet;Eletrônicos;2026-02-02;6.0;R$ 3274,83
2478;103;Monitor;Eletrônicos;2026-01-19;6.0;R$ 2245,68
2479;103;   mesa de escritório  ;Móveis;2026-01-22;6.0;R$ 1827,67
2480;104;Smart TV;Eletrônicos;2026-03-03;9.0;R$ 3794,96
2481;103;Capa Protetora;Acessórios;2026-01-14;6.0;R$ 148,15
2482;105;Hub USB;;2026-03-22;9.0;R$ 171,8
2483;101;Teclado;Periféricos;2026-03-23;8.0;R$ 299,7
2484;101;Smart TV;Eletrônicos;2026-01-06;1.0;R$ 3636,31
2485;102;   filtro de linha  ;Acessórios;2026-03-05;4.0;R$ 206,62
2486;105;Headset;Periféricos;2026-01-25;3.0;R$ 289,11
2487;105;Headset;Periféricos;2026-01-15;8.0;R$ 323,09
2488;105;Mesa de Escritório;Móveis;2026-01-05;;R$ 1809,22
2489;101;   smartphone  ;Eletrônicos;2026-03-07;4.0;R$ 4377,38
2490;103;Cabo HDMI;Acessórios;2026-03-19;9.0;R$ 69,29
2491;103;Tablet;Eletrônicos;2026-02-23;6.0;R$ 1396,14
2492;104;Monitor;Eletrônicos;2026-03-08;2.0;R$ 938,44
2493;102;   microfone  ;Periféricos;2026-01-06;7.0;R$ 347,66
2494;104;   carregador  ;Acessórios;2026-01-07;2.0;R$ 156,68
2495;104;Hub USB;Acessórios;2026-03-16;1.0;R$ 325,42
2496;102;Cabo HDMI;Acessórios;2026-02-20;6.0;R$ 75,92
2497;101;   câmera  ;Eletrônicos;2026-02-26;5.0;R$ 4221,25
2498;104;   hub usb  ;Acessórios;2026-03-06;7.0;R$ 169,64
2499;104;Mouse;Periféricos;2026-01-08;7.0;R$ 83,0
2500;104;Gaveteiro;Móveis;2026-03-03;5.0;R$ 1562,09
2501;102;Smart TV;Eletrônicos;2026-01-19;10.0;R$ 3993,14
2502;105;Tablet;Eletrônicos;2026-03-23;9.0;R$ 2808,07
2503;103;Tablet;Eletrônicos;2026-03-23;4.0;R$ 1471,74
2504;102;Microfone;Periféricos;2026-01-19;5.0;R$ 314,75
2505;105;   câmera  ;Eletrônicos;2026-01-11;10.0;R$ 2155,09
2506;101;Microfone;Periféricos;2026-02-14;3.0;R$ 65,37
2507;103;Hub USB;Acessórios;2026-01-27;3.0;R$ 132,53
2508;101;Teclado;Periféricos;2026-01-15;9.0;R$ 232,18
2509;103;Smartphone;Eletrônicos;2026-03-02;7.0;R$ 4078,38
2510;105;Gaveteiro;Móveis;2026-02-15;10.0;R$ 1618,81
2511;103;Carregador;Acessórios;2026-03-09;10.0;R$ 275,76
2512;101;   filtro de linha  ;Acessórios;2026-01-13;2.0;R$ 36,73
2513;101;Carregador;Acessórios;2026-01-01;2.0;R$ 158,17
2514;105;Hub USB;Acessórios;2026-02-16;9.0;R$ 332,52
2515;104;Cadeira Gamer;Móveis;2026-01-09;;R$ 1248,1
2516;103;Capa Protetora;Acessórios;2026-01-10;1.0;R$ 137,95
2517;102;Headset;Periféricos;2026-02-09;2.0;R$ 274,05
2518;102;Teclado;Periféricos;2026-03-14;;R$ 349,38
2519;104;Câmera;;2026-01-15;1.0;R$ 5304,16
2520;103;Teclado;Periféricos;2026-03-21;;R$ 40,05
2521;105;   mouse  ;Periféricos;2026-03-25;5.0;R$ 266,41
2522;104;Smart TV;Eletrônicos;2026-02-20;8.0;R$ 4879,63
2523;102;Suporte Monitor;Móveis;2026-01-18;5.0;R$ 540,93
2524;103;Cadeira Gamer;Móveis;2026-02-07;6.0;R$ 1957,72
2525;105;Smart TV;Eletrônicos;2026-02-16;4.0;R$ 3493,27
2526;105;Monitor;Eletrônicos;2026-03-14;1.0;R$ 1592,35
2527;101;Mouse;Periféricos;2026-02-17;10.0;R$ 341,74
2528;101;Filtro de Linha;Acessórios;2026-02-05;1.0;R$ 95,03
2529;103;Carregador;Acessórios;2026-02-20;6.0;R$ 335,37
2530;104;Mesa de Escritório;Móveis;2026-01-01;9.0;R$ 1448,36
2531;105;Capa Protetora;Acessórios;2026-02-04;10.0;R$ 158,69
2532;104;Câmera;Eletrônicos;2026-03-12;9.0;R$ 2570,7
2533;104;Mesa de Escritório;Móveis;2026-01-28;;R$ 723,43
2534;102;Tablet;Eletrônicos;2026-01-26;9.0;R$ 5139,62
2535;102;Mesa de Escritório;Móveis;2026-02-27;6.0;R$ 2107,75
2536;101;Filtro de Linha;Acessórios;2026-01-05;8.0;R$ 259,23
2537;105;Monitor;;2026-01-08;8.0;R$ 3992,76
2538;104;Suporte Monitor;Móveis;2026-03-18;8.0;R$ 422,38
2539;104;Suporte Monitor;Móveis;2026-01-21;8.0;R$ 1225,58
2540;105;Smartphone;Eletrônicos;2026-03-07;8.0;R$ 3216,69
2541;101;Suporte Monitor;Móveis;2026-03-20;7.0;R$ 668,83
2542;105;Carregador;Acessórios;2026-01-17;1.0;R$ 304,21
2543;102;Webcam;Periféricos;2026-02-22;2.0;R$ 79,53
2544;103;Smart TV;Eletrônicos;2026-03-04;3.0;R$ 5163,47
2545;101;Mouse;Periféricos;2026-03-27;8.0;R$ 22,32
2546;105;Notebook;Eletrônicos;2026-01-15;10.0;R$ 1420,19
2547;104;Teclado;Periféricos;2026-02-23;9.0;R$ 238,71
2548;104;Monitor;Eletrônicos;2026-03-11;1.0;R$ 2777,4
2549;105;   teclado  ;Periféricos;2026-02-12;8.0;R$ 24,38
2550;102;Mouse;Periféricos;2026-02-11;6.0;R$ 228,6
2551;101;Mesa de Escritório;Móveis;2026-03-03;9.0;R$ 1352,57
2552;103;   suporte monitor  ;Móveis;2026-01-10;6.0;R$ 2460,08
2553;101;Gaveteiro;Móveis;2026-01-21;2.0;R$ 1955,59
2554;101;Mousepad;Periféricos;2026-03-15;2.0;R$ 127,02
2555;105;   câmera  ;Eletrônicos;2026-01-19;8.0;R$ 4928,2
2556;102;Microfone;Periféricos;2026-02-26;5.0;R$ 137,86
2557;105;   cadeira gamer  ;Móveis;2026-01-27;7.0;R$ 1896,38
2558;104;Teclado;Periféricos;2026-03-11;8.0;R$ 92,15
2559;103;Hub USB;Acessórios;2026-02-23;3.0;R$ 218,47
2560;101;Capa Protetora;Acessórios;2026-03-07;1.0;R$ 65,11
2561;103;   teclado  ;Periféricos;2026-01-06;5.0;R$ 49,86
2562;103;Mesa de Escritório;Móveis;2026-03-14;7.0;R$ 352,73
2563;104;Hub USB;Acessórios;2026-02-06;2.0;R$ 133,97
2564;101;Hub USB;Acessórios;2026-03-20;2.0;R$ 160,15
2565;102;Smart TV;Eletrônicos;2026-03-04;;R$ 3453,36
2566;101;Headset;Periféricos;2026-02-22;8.0;R$ 147,58
2567;105;Microfone;Periféricos;2026-02-26;8.0;R$ 114,97
2568;102;Hub USB;;2026-03-21;4.0;R$ 340,46
2569;103;Smart TV;Eletrônicos;2026-03-21;10.0;R$ 2607,01
2570;104;Carregador;Acessórios;2026-02-04;10.0;R$ 266,26
2571;101;   headset  ;Periféricos;2026-03-13;4.0;R$ 111,7
2572;102;Microfone;Periféricos;2026-03-08;5.0;R$ 222,53
2573;104;Capa Protetora;Acessórios;2026-01-14;8.0;R$ 138,17
2574;105;   tablet  ;Eletrônicos;2026-01-21;5.0;R$ 2097,57
2575;102;Teclado;Periféricos;2026-02-03;8.0;R$ 120,33
2576;102;   cabo hdmi  ;Acessórios;2026-01-18;7.0;R$ 101,29
2577;105;Gaveteiro;Móveis;2026-03-21;6.0;R$ 1083,23
2578;104;Hub USB;Acessórios;2026-01-10;10.0;R$ 34,84
2579;105;Cadeira Gamer;Móveis;2026-01-24;6.0;R$ 1055,21
2580;103;Suporte Monitor;Móveis;2026-03-13;8.0;R$ 609,5
2581;103;Filtro de Linha;Acessórios;2026-01-03;5.0;R$ 325,3
2582;103;Hub USB;Acessórios;2026-03-27;;R$ 69,11
2583;104;Capa Protetora;Acessórios;2026-02-07;2.0;R$ 64,22
2584;103;Mousepad;Periféricos;2026-02-21;7.0;R$ 160,23
2585;103;Notebook;Eletrônicos;2026-01-24;9.0;R$ 3057,99
2586;103;Notebook;Eletrônicos;2026-02-08;7.0;R$ 3062,49
2587;101;Capa Protetora;Acessórios;2026-01-18;8.0;R$ 52,11
2588;104;Mesa de Escritório;Móveis;2026-02-25;8.0;R$ 2145,69
2589;102;Capa Protetora;Acessórios;2026-03-07;4.0;R$ 325,08
2590;102;Smartphone;Eletrônicos;2026-01-02;3.0;R$ 1717,62
2591;103;Câmera;Eletrônicos;2026-02-27;3.0;R$ 1590,54
2592;101;Carregador;Acessórios;2026-02-02;2.0;R$ 123,96
2593;101;Smartphone;Eletrônicos;2026-02-08;4.0;R$ 4789,38
2594;103;Notebook;;2026-02-08;10.0;R$ 1413,31
2595;101;Câmera;Eletrônicos;2026-03-20;1.0;R$ 4796,58
2596;102;Webcam;Periféricos;2026-01-07;4.0;R$ 231,77
2597;101;Teclado;Periféricos;2026-01-24;10.0;R$ 103,87
2598;102;Headset;Periféricos;2026-01-17;7.0;R$ 118,47
2599;101;Headset;Periféricos;2026-03-17;7.0;R$ 161,7
2600;105;Mesa de Escritório;Móveis;2026-02-25;8.0;R$ 1700,65
2601;103;Mesa de Escritório;Móveis;2026-03-16;4.0;R$ 1083,67
2602;104;Hub USB;Acessórios;2026-02-19;2.0;R$ 108,28
2603;102;Smart TV;Eletrônicos;2026-02-14;5.0;R$ 1294,56
2604;104;Mesa de Escritório;Móveis;2026-02-15;5.0;R$ 2332,37
2605;103;Webcam;Periféricos;2026-03-23;7.0;R$ 62,0
2606;103;Teclado;Periféricos;2026-02-07;7.0;R$ 182,97
2607;101;Microfone;Periféricos;2026-02-28;7.0;R$ 333,8
2608;103;Microfone;Periféricos;2026-02-14;9.0;R$ 128,41
2609;104;Smartphone;Eletrônicos;2026-03-18;3.0;R$ 2191,36
2610;105;Smartphone;Eletrônicos;2026-01-12;4.0;R$ 3966,91
2611;105;   microfone  ;Periféricos;2026-02-03;1.0;R$ 100,8
2612;101;Filtro de Linha;Acessórios;2026-01-04;5.0;R$ 196,98
2613;101;Mousepad;Periféricos;2026-03-09;10.0;R$ 88,64
2614;102;Gaveteiro;Móveis;2026-02-06;6.0;R$ 1713,38
2615;102;Hub USB;Acessórios;2026-02-25;7.0;R$ 87,69
2616;105;Cadeira Gamer;Móveis;2026-01-13;10.0;R$ 876,98
2617;102;Carregador;Acessórios;2026-03-10;10.0;R$ 171,85
2618;104;Teclado;Periféricos;2026-02-08;10.0;R$ 56,61
2619;105;Notebook;Eletrônicos;2026-02-25;4.0;R$ 3468,13
2620;101;Teclado;Periféricos;2026-01-09;5.0;R$ 91,1
2621;102;   cadeira gamer  ;Móveis;2026-02-02;10.0;R$ 1500,09
2622;101;   carregador  ;Acessórios;2026-03-07;1.0;R$ 44,39
2623;101;   cadeira gamer  ;Móveis;2026-01-02;5.0;R$ 1743,55
2624;105;Carregador;Acessórios;2026-01-13;9.0;R$ 349,75
2625;101;Headset;Periféricos;2026-01-04;4.0;R$ 105,08
2626;103;Mouse;Periféricos;2026-01-11;;R$ 44,65
2627;101;   capa protetora  ;Acessórios;2026-01-07;;R$ 146,11
2628;101;   cabo hdmi  ;Acessórios;2026-01-05;2.0;R$ 212,38
2629;102;Gaveteiro;Móveis;2026-03-28;1.0;R$ 655,46
2630;103;Notebook;Eletrônicos;2026-01-27;9.0;R$ 2959,07
2631;101;Mousepad;Periféricos;2026-02-28;9.0;R$ 141,61
2632;101;Webcam;Periféricos;2026-01-02;8.0;R$ 119,55
2633;105;Mesa de Escritório;;2026-01-21;3.0;R$ 561,73
2634;101;Mesa de Escritório;Móveis;2026-02-02;7.0;R$ 1612,99
2635;104;Suporte Monitor;Móveis;2026-02-06;6.0;R$ 686,1
2636;101;Microfone;Periféricos;2026-02-10;;R$ 257,82
2637;105;Suporte Monitor;Móveis;2026-02-13;10.0;R$ 921,12
2638;101;Tablet;Eletrônicos;2026-01-19;6.0;R$ 2833,62
2639;103;Suporte Monitor;Móveis;2026-01-28;3.0;R$ 1286,16
2640;102;   gaveteiro  ;;2026-02-01;;R$ 1142,12
2641;103;Cadeira Gamer;Móveis;2026-01-01;7.0;R$ 1420,34
2642;101;Cabo HDMI;Acessórios;2026-01-01;7.0;R$ 155,03
2643;101;   filtro de linha  ;Acessórios;2026-03-05;1.0;R$ 175,67
2644;103;   teclado  ;Periféricos;2026-01-05;9.0;R$ 68,87
2645;103;   hub usb  ;Acessórios;2026-01-17;4.0;R$ 138,11
2646;103;Notebook;Eletrônicos;2026-03-25;9.0;R$ 2059,49
2647;101;Monitor;Eletrônicos;2026-02-22;1.0;R$ 4682,4
2648;104;Teclado;Periféricos;2026-03-17;10.0;R$ 63,31
2649;101;Gaveteiro;;2026-03-02;10.0;R$ 1970,18
2650;101;Notebook;Eletrônicos;2026-02-04;10.0;R$ 2152,18
2651;101;Mesa de Escritório;Móveis;2026-03-25;2.0;R$ 2345,64
2652;104;Mesa de Escritório;Móveis;2026-03-02;3.0;R$ 487,01
2653;101;Filtro de Linha;Acessórios;2026-02-16;9.0;R$ 232,02
2654;105;Câmera;Eletrônicos;2026-01-04;4.0;R$ 4672,36
2655;102;Capa Protetora;Acessórios;2026-03-01;6.0;R$ 288,73
2656;103;Cadeira Gamer;;2026-03-25;5.0;R$ 710,46
2657;104;Câmera;Eletrônicos;2026-02-12;3.0;R$ 3243,16
2658;101;Hub USB;Acessórios;2026-02-15;4.0;R$ 97,06
2659;101;   hub usb  ;Acessórios;2026-01-15;7.0;R$ 50,77
2660;105;Monitor;Eletrônicos;2026-02-08;1.0;R$ 3206,53
2661;102;Hub USB;Acessórios;2026-02-10;8.0;R$ 275,38
2662;101;   mesa de escritório  ;Móveis;2026-01-24;3.0;R$ 2282,1
2663;101;Cadeira Gamer;Móveis;2026-02-23;3.0;R$ 977,19
2664;104;   tablet  ;Eletrônicos;2026-03-11;6.0;R$ 2955,12
2665;102;Capa Protetora;Acessórios;2026-02-01;3.0;R$ 111,59
2666;102;Microfone;Periféricos;2026-01-20;6.0;R$ 242,97
2667;101;Mesa de Escritório;Móveis;2026-03-13;;R$ 401,4
2668;104;Microfone;Periféricos;2026-03-20;;R$ 166,07
2669;102;   mouse  ;Periféricos;2026-02-03;7.0;R$ 173,12
2670;102;Mousepad;;2026-02-20;4.0;R$ 176,7
2671;102;Cadeira Gamer;Móveis;2026-01-04;4.0;R$ 1590,01
2672;103;Monitor;Eletrônicos;2026-01-02;7.0;R$ 1247,53
2673;102;   headset  ;Periféricos;2026-03-08;;R$ 219,38
2674;101;Microfone;Periféricos;2026-03-21;6.0;R$ 161,99
2675;103;Cabo HDMI;;2026-03-24;6.0;R$ 136,79
2676;105;Teclado;Periféricos;2026-01-10;6.0;R$ 259,9
2677;104;Carregador;Acessórios;2026-03-25;2.0;R$ 114,01
2678;102;Cabo HDMI;Acessórios;2026-03-04;10.0;R$ 117,58
2679;101;Câmera;Eletrônicos;2026-02-16;7.0;R$ 5355,22
2680;104;Cabo HDMI;Acessórios;2026-01-01;;R$ 72,84
2681;105;   smartphone  ;Eletrônicos;2026-03-03;10.0;R$ 1081,41
2682;104;Cabo HDMI;Acessórios;2026-02-21;8.0;R$ 228,76
2683;104;Smart TV;Eletrônicos;2026-02-19;3.0;R$ 1136,58
2684;103;Gaveteiro;Móveis;2026-01-16;2.0;R$ 482,88
2685;101;Câmera;Eletrônicos;2026-01-15;6.0;R$ 4432,67
2686;102;Microfone;Periféricos;2026-03-03;4.0;R$ 67,26
2687;104;Capa Protetora;Acessórios;2026-01-05;8.0;R$ 269,14
2688;105;Microfone;Periféricos;2026-02-14;6.0;R$ 208,14
2689;105;Mouse;Periféricos;2026-01-04;;R$ 240,21
2690;104;Hub USB;Acessórios;2026-01-14;8.0;R$ 305,71
2691;102;Filtro de Linha;Acessórios;2026-02-11;6.0;R$ 92,8
2692;103;Hub USB;Acessórios;2026-02-20;8.0;R$ 342,55
2693;104;Teclado;Periféricos;2026-02-27;10.0;R$ 115,03
2694;102;Cadeira Gamer;Móveis;2026-02-19;3.0;R$ 2435,53
2695;101;Microfone;Periféricos;2026-01-28;7.0;R$ 272,75
2696;102;Microfone;Periféricos;2026-02-23;1.0;R$ 222,58
2697;103;Mouse;Periféricos;2026-01-19;2.0;R$ 119,38
2698;102;Teclado;Periféricos;2026-02-16;8.0;R$ 201,53
2699;101;Suporte Monitor;Móveis;2026-02-24;10.0;R$ 1320,01
2700;103;Smartphone;Eletrônicos;2026-01-07;4.0;R$ 3853,73
2701;102;Teclado;Periféricos;2026-02-21;3.0;R$ 248,83
2702;101;Carregador;Acessórios;2026-02-25;8.0;R$ 23,88
2703;105;   filtro de linha  ;Acessórios;2026-01-04;2.0;R$ 346,19
2704;101;Suporte Monitor;Móveis;2026-01-13;5.0;R$ 2001,12
2705;102;Carregador;Acessórios;2026-03-19;7.0;R$ 27,57
2706;105;Carregador;Acessórios;2026-03-24;2.0;R$ 250,11
2707;103;Gaveteiro;Móveis;2026-03-05;1.0;R$ 1537,04
2708;101;Monitor;Eletrônicos;2026-01-09;10.0;R$ 2537,08
2709;103;Câmera;Eletrônicos;2026-01-03;2.0;R$ 5024,93
2710;105;Smart TV;Eletrônicos;2026-01-07;9.0;R$ 4248,62
2711;103;Cadeira Gamer;Móveis;2026-01-10;;R$ 898,27
2712;103;Câmera;Eletrônicos;2026-01-27;6.0;R$ 1697,38
2713;102;   hub usb  ;Acessórios;2026-02-11;6.0;R$ 186,88
2714;104;   gaveteiro  ;Móveis;2026-02-15;2.0;R$ 1371,53
2715;105;Monitor;Eletrônicos;2026-02-26;2.0;R$ 2702,55
2716;102;Cabo HDMI;Acessórios;2026-02-03;2.0;R$ 140,72
2717;104;Notebook;Eletrônicos;2026-03-19;8.0;R$ 4685,03
2718;105;Microfone;Periféricos;2026-01-06;7.0;R$ 41,67
2719;103;Headset;Periféricos;2026-01-09;;R$ 232,4
2720;102;Mesa de Escritório;Móveis;2026-02-08;4.0;R$ 1572,71
2721;102;Carregador;Acessórios;2026-03-05;2.0;R$ 174,48
2722;101;Suporte Monitor;;2026-02-14;9.0;R$ 1366,73
2723;102;Monitor;Eletrônicos;2026-03-11;4.0;R$ 1540,67
2724;104;   headset  ;Periféricos;2026-02-03;6.0;R$ 287,63
2725;105;Suporte Monitor;Móveis;2026-02-04;4.0;R$ 309,72
2726;101;Filtro de Linha;Acessórios;2026-03-27;1.0;R$ 230,84
2727;102;Carregador;Acessórios;2026-02-15;2.0;R$ 59,89
2728;104;   filtro de linha  ;Acessórios;2026-01-25;10.0;R$ 40,29
2729;102;Mesa de Escritório;Móveis;2026-01-10;5.0;R$ 1375,49
2730;104;Carregador;Acessórios;2026-01-25;10.0;R$ 295,29
2731;105;Cabo HDMI;Acessórios;2026-02-12;10.0;R$ 163,39
2732;103;Smart TV;Eletrônicos;2026-03-24;7.0;R$ 3262,87
2733;101;Mesa de Escritório;Móveis;2026-01-27;5.0;R$ 2378,95
2734;102;Capa Protetora;Acessórios;2026-01-23;;R$ 61,97
2735;105;   smartphone  ;Eletrônicos;2026-01-12;5.0;R$ 3047,73
2736;104;Notebook;Eletrônicos;2026-02-02;2.0;R$ 1006,12
2737;101;Smart TV;Eletrônicos;2026-01-05;7.0;R$ 2438,65
2738;104;Gaveteiro;Móveis;2026-03-28;4.0;R$ 785,45
2739;104;Smart TV;Eletrônicos;2026-01-04;5.0;R$ 3481,14
2740;102;Carregador;Acessórios;2026-02-22;;R$ 288,06
2741;104;Microfone;Periféricos;2026-02-14;6.0;R$ 68,26
2742;103;Microfone;;2026-02-22;;R$ 115,73
2743;102;   smart tv  ;Eletrônicos;2026-02-22;1.0;R$ 1205,9
2744;101;Smart TV;Eletrônicos;2026-02-09;4.0;R$ 4672,34
2745;102;Câmera;Eletrônicos;2026-03-24;4.0;R$ 5445,25
2746;102;Capa Protetora;Acessórios;2026-03-25;;R$ 287,9
2747;105;   smart tv  ;Eletrônicos;2026-03-19;4.0;R$ 1110,04
2748;103;Monitor;Eletrônicos;2026-03-21;4.0;R$ 2378,83
2749;105;Webcam;Periféricos;2026-03-02;;R$ 264,07
2750;104;Carregador;Acessórios;2026-01-08;7.0;R$ 149,99
2751;101;Teclado;Periféricos;2026-03-21;7.0;R$ 191,57
2752;103;Hub USB;Acessórios;2026-02-28;1.0;R$ 307,7
2753;101;Tablet;;2026-03-18;4.0;R$ 3969,41
2754;104;Webcam;Periféricos;2026-02-20;9.0;R$ 115,77
2755;103;Microfone;Periféricos;2026-02-20;4.0;R$ 176,54
2756;101;   carregador  ;Acessórios;2026-02-16;2.0;R$ 188,0
2757;105;   mousepad  ;Periféricos;2026-01-14;9.0;R$ 193,57
2758;104;Mousepad;Periféricos;2026-02-06;10.0;R$ 72,44
2759;105;Smart TV;Eletrônicos;2026-03-23;4.0;R$ 2903,47
2760;103;   teclado  ;Periféricos;2026-03-21;10.0;R$ 243,07
2761;103;Headset;Periféricos;2026-03-18;2.0;R$ 64,74
2762;104;Gaveteiro;Móveis;2026-02-10;1.0;R$ 1507,9
2763;105;Tablet;Eletrônicos;2026-01-03;5.0;R$ 1386,55
2764;103;Capa Protetora;Acessórios;2026-03-07;10.0;R$ 43,09
2765;103;Hub USB;Acessórios;2026-01-18;9.0;R$ 165,66
2766;104;Notebook;Eletrônicos;2026-03-12;1.0;R$ 820,51
2767;102;Capa Protetora;Acessórios;2026-02-12;8.0;R$ 347,5
2768;105;Mouse;Periféricos;2026-01-04;;R$ 132,17
2769;101;Hub USB;Acessórios;2026-01-19;1.0;R$ 152,5
2770;102;Teclado;;2026-02-20;4.0;R$ 290,88
2771;101;Smartphone;Eletrônicos;2026-03-07;1.0;R$ 5219,97
2772;104;Headset;Periféricos;2026-03-26;10.0;R$ 168,91
2773;103;Câmera;Eletrônicos;2026-02-16;2.0;R$ 4591,77
2774;105;Gaveteiro;Móveis;2026-03-25;8.0;R$ 862,57
2775;102;Suporte Monitor;Móveis;2026-02-12;4.0;R$ 859,65
2776;105;Hub USB;Acessórios;2026-03-07;5.0;R$ 187,2
2777;103;Filtro de Linha;Acessórios;2026-02-27;8.0;R$ 91,23
2778;102;Mouse;;2026-03-26;8.0;R$ 176,01
2779;105;Mesa de Escritório;Móveis;2026-01-25;7.0;R$ 1997,2
2780;103;   mesa de escritório  ;;2026-03-14;10.0;R$ 1819,12
2781;103;Cadeira Gamer;Móveis;2026-02-24;1.0;R$ 1610,94
2782;101;Smartphone;Eletrônicos;2026-01-09;3.0;R$ 5113,5
2783;104;Filtro de Linha;Acessórios;2026-03-16;3.0;R$ 298,7
2784;103;   monitor  ;Eletrônicos;2026-03-01;2.0;R$ 2782,04
2785;101;Microfone;Periféricos;2026-03-21;1.0;R$ 118,97
2786;101;Mesa de Escritório;Móveis;2026-02-08;2.0;R$ 606,39
2787;102;   mousepad  ;Periféricos;2026-03-28;6.0;R$ 82,07
2788;102;Microfone;Periféricos;2026-02-19;1.0;R$ 110,67
2789;104;Mesa de Escritório;Móveis;2026-03-14;7.0;R$ 2293,44
2790;105;Gaveteiro;Móveis;2026-01-17;4.0;R$ 1518,82
2791;101;Gaveteiro;Móveis;2026-01-26;10.0;R$ 2112,35
2792;101;Hub USB;Acessórios;2026-02-27;6.0;R$ 123,18
2793;104;Mousepad;Periféricos;2026-01-18;2.0;R$ 157,19
2794;102;Câmera;Eletrônicos;2026-02-27;8.0;R$ 2560,39
2795;102;Hub USB;Acessórios;2026-01-06;7.0;R$ 29,49
2796;104;Filtro de Linha;Acessórios;2026-01-19;10.0;R$ 327,86
2797;104;Mouse;Periféricos;2026-01-20;;R$ 130,89
2798;103;   cadeira gamer  ;Móveis;2026-03-11;10.0;R$ 2107,31
2799;104;Filtro de Linha;Acessórios;2026-03-26;2.0;R$ 332,72
2800;105;Tablet;Eletrônicos;2026-03-12;2.0;R$ 3890,58
2801;102;Hub USB;Acessórios;2026-02-02;3.0;R$ 202,48
2802;102;Hub USB;Acessórios;2026-02-15;7.0;R$ 173,96
2803;103;Câmera;Eletrônicos;2026-02-21;;R$ 1712,19
2804;103;Mousepad;;2026-03-12;;R$ 322,07
2805;102;   carregador  ;Acessórios;2026-01-22;2.0;R$ 125,83
2806;104;   mousepad  ;Periféricos;2026-02-26;2.0;R$ 320,2
2807;104;Microfone;Periféricos;2026-03-03;1.0;R$ 261,28
2808;101;Mousepad;Periféricos;2026-03-03;6.0;R$ 166,08
2809;101;Mesa de Escritório;Móveis;2026-03-17;8.0;R$ 1372,11
2810;105;Tablet;Eletrônicos;2026-01-02;;R$ 2088,57
2811;102;Capa Protetora;Acessórios;2026-01-18;;R$ 203,13
2812;103;Monitor;;2026-03-11;9.0;R$ 2678,9
2813;101;Cadeira Gamer;Móveis;2026-03-25;4.0;R$ 900,91
2814;101;Teclado;Periféricos;2026-02-18;;R$ 51,77
2815;102;   filtro de linha  ;Acessórios;2026-01-02;6.0;R$ 53,04
2816;103;Teclado;Periféricos;2026-01-04;4.0;R$ 196,69
2817;101;Microfone;Periféricos;2026-03-03;7.0;R$ 192,58
2818;101;Webcam;Periféricos;2026-03-22;2.0;R$ 234,01
2819;105;Smartphone;Eletrônicos;2026-03-17;10.0;R$ 4120,22
2820;101;Tablet;Eletrônicos;2026-01-03;;R$ 4084,12
2821;101;Cabo HDMI;;2026-02-08;5.0;R$ 205,01
2822;105;Cadeira Gamer;Móveis;2026-01-07;8.0;R$ 314,12
2823;105;Smart TV;Eletrônicos;2026-02-26;5.0;R$ 2500,49
2824;105;Hub USB;Acessórios;2026-02-13;2.0;R$ 218,01
2825;104;Câmera;Eletrônicos;2026-03-17;9.0;R$ 2751,79
2826;104;   monitor  ;Eletrônicos;2026-03-13;7.0;R$ 5141,23
2827;103;Filtro de Linha;Acessórios;2026-02-04;4.0;R$ 199,68
2828;101;Microfone;Periféricos;2026-01-07;5.0;R$ 240,18
2829;104;Mousepad;Periféricos;2026-02-07;4.0;R$ 20,28
2830;104;Câmera;Eletrônicos;2026-02-06;2.0;R$ 2560,59
2831;105;Filtro de Linha;Acessórios;2026-02-09;8.0;R$ 28,98
2832;105;Capa Protetora;Acessórios;2026-03-16;1.0;R$ 91,43
2833;101;Mesa de Escritório;Móveis;2026-02-22;10.0;R$ 2325,18
2834;101;   mesa de escritório  ;Móveis;2026-03-05;10.0;R$ 549,95
2835;103;Headset;Periféricos;2026-01-02;5.0;R$ 36,46
2836;101;   filtro de linha  ;Acessórios;2026-01-17;3.0;R$ 112,65
2837;101;Capa Protetora;Acessórios;2026-02-21;1.0;R$ 299,83
2838;105;Gaveteiro;Móveis;2026-02-19;10.0;R$ 1287,35
2839;102;Smartphone;Eletrônicos;2026-01-04;5.0;R$ 3367,54
2840;105;   smart tv  ;;2026-03-18;2.0;R$ 5476,03
2841;102;Gaveteiro;Móveis;2026-01-04;;R$ 740,26
2842;103;Gaveteiro;Móveis;2026-01-24;7.0;R$ 527,38
2843;105;Notebook;Eletrônicos;2026-03-27;4.0;R$ 3270,11
2844;105;Smartphone;Eletrônicos;2026-03-06;1.0;R$ 1334,99
2845;104;Hub USB;Acessórios;2026-01-26;3.0;R$ 57,92
2846;101;   mouse  ;Periféricos;2026-02-20;9.0;R$ 128,71
2847;105;Monitor;Eletrônicos;2026-02-22;3.0;R$ 3626,47
2848;105;Headset;Periféricos;2026-03-14;4.0;R$ 244,43
2849;102;Hub USB;Acessórios;2026-03-07;10.0;R$ 228,6
2850;103;Smartphone;Eletrônicos;2026-02-03;10.0;R$ 4092,65
2851;103;Carregador;;2026-01-04;3.0;R$ 253,2
2852;104;Webcam;Periféricos;2026-03-09;6.0;R$ 105,21
2853;103;Mouse;;2026-02-13;4.0;R$ 276,07
2854;104;Capa Protetora;Acessórios;2026-03-24;6.0;R$ 275,81
2855;103;Gaveteiro;Móveis;2026-01-21;;R$ 2312,27
2856;102;Smartphone;Eletrônicos;2026-02-21;4.0;R$ 2344,52
2857;105;Notebook;Eletrônicos;2026-01-07;10.0;R$ 3011,2
2858;102;   smartphone  ;Eletrônicos;2026-03-08;5.0;R$ 5380,72
2859;102;Microfone;Periféricos;2026-02-04;10.0;R$ 193,32
2860;101;Filtro de Linha;;2026-01-24;4.0;R$ 163,18
2861;101;Suporte Monitor;Móveis;2026-02-06;5.0;R$ 1973,71
2862;101;Microfone;Periféricos;2026-02-08;6.0;R$ 22,42
2863;101;Câmera;Eletrônicos;2026-03-17;7.0;R$ 3889,64
2864;105;Cadeira Gamer;Móveis;2026-02-16;6.0;R$ 723,29
2865;104;Tablet;Eletrônicos;2026-02-27;3.0;R$ 2210,39
2866;101;Mousepad;Periféricos;2026-01-22;2.0;R$ 28,96
2867;102;Mouse;Periféricos;2026-03-06;4.0;R$ 178,49
2868;104;   teclado  ;Periféricos;2026-03-12;4.0;R$ 96,47
2869;101;Webcam;Periféricos;2026-03-01;10.0;R$ 281,71
2870;102;Cadeira Gamer;Móveis;2026-02-14;3.0;R$ 1427,25
2871;103;Teclado;Periféricos;2026-02-07;8.0;R$ 142,41
2872;105;Cadeira Gamer;Móveis;2026-03-14;6.0;R$ 2086,26
2873;104;   webcam  ;Periféricos;2026-02-11;1.0;R$ 168,42
2874;103;Webcam;Periféricos;2026-03-17;10.0;R$ 346,27
2875;101;Webcam;Periféricos;2026-02-26;10.0;R$ 308,3
2876;101;   carregador  ;Acessórios;2026-02-02;5.0;R$ 171,11
2877;105;Suporte Monitor;Móveis;2026-01-18;9.0;R$ 2388,99
2878;105;Carregador;Acessórios;2026-03-14;7.0;R$ 168,49
2879;104;   smartphone  ;Eletrônicos;2026-03-28;1.0;R$ 4899,26
2880;103;Cabo HDMI;Acessórios;2026-01-01;4.0;R$ 283,48
2881;104;Tablet;;2026-02-16;6.0;R$ 2768,51
2882;105;Cabo HDMI;Acessórios;2026-03-04;7.0;R$ 182,16
2883;102;Headset;Periféricos;2026-03-07;6.0;R$ 221,53
2884;101;Suporte Monitor;Móveis;2026-01-21;6.0;R$ 2019,39
2885;102;Hub USB;Acessórios;2026-02-02;3.0;R$ 292,19
2886;105;   cabo hdmi  ;Acessórios;2026-02-27;9.0;R$ 213,98
2887;101;Headset;Periféricos;2026-01-28;4.0;R$ 197,84
2888;102;Hub USB;Acessórios;2026-03-26;2.0;R$ 227,63
2889;105;Microfone;Periféricos;2026-02-28;9.0;R$ 306,5
2890;102;Câmera;Eletrônicos;2026-01-01;2.0;R$ 4795,72
2891;103;Smart TV;Eletrônicos;2026-03-07;1.0;R$ 4367,73
2892;104;   hub usb  ;Acessórios;2026-03-13;8.0;R$ 36,09
2893;102;Filtro de Linha;Acessórios;2026-02-10;5.0;R$ 89,72
2894;104;Teclado;Periféricos;2026-01-18;2.0;R$ 242,51
2895;104;Smartphone;Eletrônicos;2026-03-27;1.0;R$ 2907,92
2896;103;Gaveteiro;Móveis;2026-02-14;3.0;R$ 1785,44
2897;104;Cadeira Gamer;Móveis;2026-03-20;9.0;R$ 2312,63
2898;104;   suporte monitor  ;Móveis;2026-03-10;4.0;R$ 2370,09
2899;103;Mousepad;Periféricos;2026-03-15;5.0;R$ 309,8
2900;104;Carregador;Acessórios;2026-02-18;8.0;R$ 112,86
2901;104;   carregador  ;Acessórios;2026-02-03;5.0;R$ 216,94
2902;104;   microfone  ;Periféricos;2026-01-02;10.0;R$ 214,16
2903;103;Smartphone;Eletrônicos;2026-02-13;6.0;R$ 4212,07
2904;103;Webcam;Periféricos;2026-02-21;7.0;R$ 140,6
2905;102;Carregador;Acessórios;2026-01-21;;R$ 304,36
2906;105;Notebook;Eletrônicos;2026-01-24;4.0;R$ 4630,18
2907;104;Notebook;Eletrônicos;2026-03-23;10.0;R$ 3158,76
2908;101;Smart TV;Eletrônicos;2026-01-22;6.0;R$ 3161,2
2909;104;Cabo HDMI;Acessórios;2026-02-24;5.0;R$ 175,23
2910;104;Cabo HDMI;Acessórios;2026-02-24;8.0;R$ 261,92
2911;104;Microfone;Periféricos;2026-03-01;6.0;R$ 254,96
2912;103;Smart TV;Eletrônicos;2026-03-20;2.0;R$ 2098,26
2913;102;Mousepad;Periféricos;2026-02-10;1.0;R$ 124,13
2914;104;Teclado;Periféricos;2026-01-09;1.0;R$ 137,0
2915;101;Gaveteiro;Móveis;2026-02-15;4.0;R$ 769,07
2916;105;Mesa de Escritório;;2026-02-15;5.0;R$ 2202,44
2917;103;Cadeira Gamer;Móveis;2026-01-24;3.0;R$ 2315,91
2918;103;Smart TV;Eletrônicos;2026-03-22;7.0;R$ 2744,01
2919;101;Mouse;Periféricos;2026-01-12;2.0;R$ 186,81
2920;102;Gaveteiro;Móveis;2026-02-18;2.0;R$ 1068,38
2921;103;Microfone;Periféricos;2026-01-16;9.0;R$ 218,76
2922;105;Cadeira Gamer;Móveis;2026-01-18;7.0;R$ 1026,64
2923;101;   carregador  ;Acessórios;2026-02-25;10.0;R$ 78,68
2924;102;   cadeira gamer  ;Móveis;2026-03-23;1.0;R$ 1911,15
2925;103;   filtro de linha  ;Acessórios;2026-02-05;10.0;R$ 344,07
2926;105;Gaveteiro;Móveis;2026-03-27;4.0;R$ 2451,76
2927;101;   mouse  ;Periféricos;2026-03-11;3.0;R$ 175,82
2928;104;   monitor  ;Eletrônicos;2026-01-03;6.0;R$ 4948,47
2929;101;Mesa de Escritório;Móveis;2026-01-07;1.0;R$ 2078,63
2930;101;Smart TV;Eletrônicos;2026-03-14;6.0;R$ 3685,38
2931;104;Filtro de Linha;Acessórios;2026-03-26;5.0;R$ 127,43
2932;102;Monitor;Eletrônicos;2026-02-20;10.0;R$ 2054,43
2933;105;   notebook  ;Eletrônicos;2026-02-04;7.0;R$ 5416,35
2934;105;Teclado;Periféricos;2026-03-09;3.0;R$ 284,02
2935;105;Teclado;Periféricos;2026-03-03;8.0;R$ 137,43
2936;105;Filtro de Linha;Acessórios;2026-01-17;4.0;R$ 228,37
2937;101;Tablet;Eletrônicos;2026-03-08;3.0;R$ 3911,63
2938;103;   filtro de linha  ;Acessórios;2026-01-18;8.0;R$ 36,22
2939;104;   suporte monitor  ;Móveis;2026-03-16;3.0;R$ 858,99
2940;105;Cadeira Gamer;Móveis;2026-02-11;3.0;R$ 2282,13
2941;101;Microfone;Periféricos;2026-03-13;;R$ 285,98
2942;102;Cadeira Gamer;Móveis;2026-02-26;6.0;R$ 2163,84
2943;104;Cadeira Gamer;Móveis;2026-03-19;;R$ 865,79
2944;105;Gaveteiro;Móveis;2026-02-23;;R$ 749,32
2945;103;Filtro de Linha;Acessórios;2026-01-17;9.0;R$ 182,41
2946;104;Gaveteiro;Móveis;2026-03-20;;R$ 2125,09
2947;104;Teclado;Periféricos;2026-03-01;2.0;R$ 347,46
2948;101;   gaveteiro  ;Móveis;2026-03-09;;R$ 2285,61
2949;105;Monitor;Eletrônicos;2026-02-04;5.0;R$ 4827,14
2950;102;Microfone;Periféricos;2026-03-10;5.0;R$ 44,23
2951;105;   tablet  ;Eletrônicos;2026-01-10;8.0;R$ 1402,29
2952;104;Filtro de Linha;Acessórios;2026-03-02;10.0;R$ 129,36
2953;101;   gaveteiro  ;Móveis;2026-03-17;7.0;R$ 2136,37
2954;102;   mesa de escritório  ;Móveis;2026-01-17;3.0;R$ 1877,19
2955;102;Teclado;Periféricos;2026-02-07;1.0;R$ 164,14
2956;103;Carregador;Acessórios;2026-02-21;8.0;R$ 185,79
2957;105;   mousepad  ;Periféricos;2026-02-24;5.0;R$ 209,6
2958;102;Mesa de Escritório;Móveis;2026-01-16;6.0;R$ 2273,89
2959;102;Hub USB;Acessórios;2026-03-23;;R$ 338,57
2960;103;Filtro de Linha;Acessórios;2026-02-15;6.0;R$ 271,0
2961;105;   carregador  ;Acessórios;2026-02-11;4.0;R$ 108,51
2962;103;Hub USB;Acessórios;2026-01-20;7.0;R$ 165,4
2963;101;Headset;Periféricos;2026-03-17;3.0;R$ 40,14
2964;101;Gaveteiro;Móveis;2026-03-21;3.0;R$ 679,61
2965;105;Headset;;2026-03-20;3.0;R$ 178,27
2966;103;Cabo HDMI;Acessórios;2026-01-26;9.0;R$ 340,37
2967;103;Notebook;Eletrônicos;2026-02-28;4.0;R$ 2861,58
2968;104;Cabo HDMI;Acessórios;2026-02-11;5.0;R$ 109,95
2969;104;Smart TV;Eletrônicos;2026-02-16;5.0;R$ 5177,56
2970;104;Mouse;Periféricos;2026-03-11;4.0;R$ 150,38
2971;101;Smart TV;Eletrônicos;2026-03-05;9.0;R$ 4658,75
2972;102;Cadeira Gamer;Móveis;2026-01-03;6.0;R$ 2433,67
2973;102;Mouse;Periféricos;2026-03-16;8.0;R$ 132,26
2974;104;Mousepad;Periféricos;2026-02-07;10.0;R$ 142,36
2975;104;Smartphone;Eletrônicos;2026-03-20;1.0;R$ 4706,59
2976;105;Smart TV;Eletrônicos;2026-03-03;8.0;R$ 3071,39
2977;103;Cadeira Gamer;Móveis;2026-02-20;3.0;R$ 1045,92
2978;105;Webcam;Periféricos;2026-03-25;4.0;R$ 190,73
2979;104;Carregador;;2026-02-13;;R$ 212,18
2980;105;Mesa de Escritório;Móveis;2026-03-27;5.0;R$ 789,84
2981;101;Gaveteiro;Móveis;2026-03-06;3.0;R$ 1897,03
2982;101;Carregador;Acessórios;2026-03-08;5.0;R$ 305,49
2983;101;Câmera;Eletrônicos;2026-01-04;2.0;R$ 5263,81
2984;103;Mesa de Escritório;Móveis;2026-03-03;5.0;R$ 1827,32
2985;104;Gaveteiro;Móveis;2026-02-04;4.0;R$ 1053,74
2986;101;Capa Protetora;Acessórios;2026-02-21;6.0;R$ 174,31
2987;102;Suporte Monitor;Móveis;2026-02-18;1.0;R$ 2134,78
2988;103;Capa Protetora;Acessórios;2026-02-27;8.0;R$ 139,5
2989;102;Cadeira Gamer;Móveis;2026-01-14;3.0;R$ 824,34
2990;103;Cabo HDMI;Acessórios;2026-02-01;8.0;R$ 53,58
2991;101;Gaveteiro;Móveis;2026-03-19;8.0;R$ 1884,8
2992;101;Suporte Monitor;Móveis;2026-03-11;1.0;R$ 1440,04
2993;104;Notebook;;2026-02-01;4.0;R$ 3659,87
2994;105;Câmera;Eletrônicos;2026-01-25;;R$ 2860,15
2995;103;   smartphone  ;Eletrônicos;2026-03-14;10.0;R$ 1637,06
2996;102;Câmera;Eletrônicos;2026-02-19;4.0;R$ 3923,54
2997;104;Headset;Periféricos;2026-01-26;7.0;R$ 180,65
2998;105;Cabo HDMI;Acessórios;2026-02-02;8.0;R$ 62,27
2999;102;Headset;Periféricos;2026-01-25;;R$ 221,99
3000;103;Mousepad;Periféricos;2026-03-10;10.0;R$ 94,81
3001;104;Carregador;Acessórios;2026-01-23;;R$ 191,65
3002;101;Smartphone;Eletrônicos;2026-03-24;4.0;R$ 4581,59
3003;102;Cabo HDMI;Acessórios;2026-03-06;6.0;R$ 79,89
3004;104;Cadeira Gamer;Móveis;2026-01-17;9.0;R$ 1158,75
3005;102;Teclado;Periféricos;2026-01-09;3.0;R$ 126,35
3006;105;Capa Protetora;Acessórios;2026-03-26;3.0;R$ 298,16
3007;103;Hub USB;Acessórios;2026-03-21;5.0;R$ 144,59
3008;103;Suporte Monitor;Móveis;2026-01-04;9.0;R$ 514,62
3009;103;   monitor  ;Eletrônicos;2026-02-15;;R$ 3202,68
3010;105;Câmera;Eletrônicos;2026-03-07;8.0;R$ 4736,26
3011;105;Gaveteiro;Móveis;2026-01-09;7.0;R$ 1775,67
3012;105;Teclado;Periféricos;2026-01-11;5.0;R$ 341,68
3013;105;Mousepad;Periféricos;2026-01-07;1.0;R$ 187,69
3014;104;Câmera;Eletrônicos;2026-03-01;7.0;R$ 3908,58
3015;104;Filtro de Linha;Acessórios;2026-03-20;6.0;R$ 20,85
3016;104;Mouse;Periféricos;2026-02-05;1.0;R$ 113,04
3017;103;Smart TV;Eletrônicos;2026-02-27;10.0;R$ 1845,14
3018;103;Gaveteiro;Móveis;2026-02-20;7.0;R$ 1327,99
3019;103;   webcam  ;Periféricos;2026-03-01;7.0;R$ 278,93
3020;105;Cabo HDMI;Acessórios;2026-01-10;3.0;R$ 130,98
3021;104;Notebook;Eletrônicos;2026-03-03;;R$ 3425,67
3022;105;   carregador  ;Acessórios;2026-01-15;5.0;R$ 77,8
3023;102;Filtro de Linha;Acessórios;2026-02-06;7.0;R$ 282,64
3024;101;Hub USB;Acessórios;2026-02-17;1.0;R$ 66,72
3025;103;Webcam;Periféricos;2026-02-07;;R$ 230,8
3026;103;Smartphone;Eletrônicos;2026-02-11;5.0;R$ 2573,69
3027;101;Microfone;Periféricos;2026-01-10;1.0;R$ 319,42
3028;102;Smart TV;Eletrônicos;2026-02-12;9.0;R$ 5272,11
3029;102;   gaveteiro  ;;2026-01-16;8.0;R$ 479,18
3030;104;   cabo hdmi  ;Acessórios;2026-03-10;2.0;R$ 62,76
3031;101;Hub USB;Acessórios;2026-03-26;4.0;R$ 271,05
3032;104;Capa Protetora;Acessórios;2026-02-04;9.0;R$ 169,67
3033;104;Notebook;Eletrônicos;2026-02-09;4.0;R$ 2257,77
3034;105;Filtro de Linha;Acessórios;2026-01-21;;R$ 270,9
3035;104;Hub USB;Acessórios;2026-02-09;;R$ 58,38
3036;101;Gaveteiro;Móveis;2026-03-26;4.0;R$ 2156,13
3037;103;Mesa de Escritório;Móveis;2026-02-02;8.0;R$ 1607,57
3038;105;Gaveteiro;Móveis;2026-02-27;;R$ 531,41
3039;104;Gaveteiro;Móveis;2026-02-10;6.0;R$ 1220,32
3040;102;Mousepad;Periféricos;2026-03-19;4.0;R$ 117,69
3041;102;Smart TV;Eletrônicos;2026-03-09;7.0;R$ 3283,6
3042;104;Microfone;Periféricos;2026-03-28;7.0;R$ 42,33
3043;104;Smart TV;;2026-02-15;8.0;R$ 2863,45
3044;105;Filtro de Linha;Acessórios;2026-02-08;8.0;R$ 174,58
3045;104;Câmera;Eletrônicos;2026-01-02;8.0;R$ 4368,66
3046;104;Teclado;Periféricos;2026-03-26;1.0;R$ 154,27
3047;102;Teclado;Periféricos;2026-01-22;4.0;R$ 37,12
3048;103;Gaveteiro;Móveis;2026-01-26;7.0;R$ 2091,67
3049;104;Mesa de Escritório;Móveis;2026-03-01;7.0;R$ 1646,34
3050;104;Mesa de Escritório;Móveis;2026-03-10;2.0;R$ 600,39
3051;101;Hub USB;Acessórios;2026-02-17;9.0;R$ 130,99
3052;101;Smart TV;Eletrônicos;2026-03-25;9.0;R$ 4481,52
3053;102;Tablet;Eletrônicos;2026-01-15;7.0;R$ 4372,62
3054;101;Capa Protetora;Acessórios;2026-02-18;9.0;R$ 230,39
3055;101;   microfone  ;Periféricos;2026-03-05;3.0;R$ 60,37
3056;101;Gaveteiro;Móveis;2026-02-07;10.0;R$ 2006,51
3057;105;Filtro de Linha;Acessórios;2026-03-16;4.0;R$ 292,7
3058;103;Gaveteiro;Móveis;2026-01-19;2.0;R$ 1342,56
3059;104;   monitor  ;Eletrônicos;2026-01-25;3.0;R$ 3346,94
3060;101;   monitor  ;Eletrônicos;2026-03-16;;R$ 2390,83
3061;102;Notebook;Eletrônicos;2026-03-16;6.0;R$ 2198,52
3062;104;Microfone;Periféricos;2026-03-03;1.0;R$ 306,59
3063;103;Notebook;Eletrônicos;2026-02-06;7.0;R$ 4000,45
3064;101;Microfone;Periféricos;2026-02-02;8.0;R$ 196,4
3065;102;Mouse;Periféricos;2026-03-12;9.0;R$ 334,27
3066;104;Smartphone;Eletrônicos;2026-01-26;2.0;R$ 4862,81
3067;102;Carregador;Acessórios;2026-01-09;9.0;R$ 132,94
3068;101;Cadeira Gamer;Móveis;2026-03-04;10.0;R$ 1251,03
3069;102;Smart TV;Eletrônicos;2026-01-12;;R$ 3485,85
3070;103;Teclado;;2026-01-23;3.0;R$ 339,95
3071;102;Capa Protetora;Acessórios;2026-02-17;3.0;R$ 215,82
3072;103;Cadeira Gamer;Móveis;2026-01-14;4.0;R$ 2064,56
3073;101;Hub USB;Acessórios;2026-02-10;2.0;R$ 348,32
3074;104;Webcam;Periféricos;2026-02-06;7.0;R$ 62,99
3075;101;Headset;Periféricos;2026-03-19;8.0;R$ 260,11
3076;104;Filtro de Linha;Acessórios;2026-02-10;4.0;R$ 229,67
3077;105;Capa Protetora;Acessórios;2026-02-06;10.0;R$ 341,58
3078;104;Mesa de Escritório;Móveis;2026-03-28;1.0;R$ 2136,82
3079;102;   cadeira gamer  ;Móveis;2026-03-10;3.0;R$ 944,63
3080;101;Smart TV;Eletrônicos;2026-02-01;10.0;R$ 1109,33
3081;102;   mesa de escritório  ;Móveis;2026-02-13;3.0;R$ 576,96
3082;104;Mouse;Periféricos;2026-03-25;2.0;R$ 256,88
3083;101;Mesa de Escritório;Móveis;2026-02-08;2.0;R$ 2377,29
3084;104;   cadeira gamer  ;;2026-02-16;6.0;R$ 1226,43
3085;101;Mesa de Escritório;Móveis;2026-03-26;4.0;R$ 778,34
3086;104;Mesa de Escritório;Móveis;2026-01-19;9.0;R$ 1702,22
3087;103;Carregador;Acessórios;2026-03-16;;R$ 283,09
3088;101;Teclado;Periféricos;2026-02-25;3.0;R$ 264,78
3089;101;Câmera;Eletrônicos;2026-01-05;10.0;R$ 3445,01
3090;104;Gaveteiro;Móveis;2026-02-03;5.0;R$ 962,43
3091;103;Suporte Monitor;Móveis;2026-03-02;5.0;R$ 687,28
3092;102;Câmera;Eletrônicos;2026-02-15;6.0;R$ 4613,7
3093;103;Microfone;Periféricos;2026-03-13;10.0;R$ 26,34
3094;105;Microfone;Periféricos;2026-02-06;9.0;R$ 174,71
3095;105;Monitor;Eletrônicos;2026-01-01;8.0;R$ 1892,48
3096;102;Monitor;Eletrônicos;2026-01-14;5.0;R$ 1276,91
3097;103;Câmera;Eletrônicos;2026-03-18;6.0;R$ 1697,12
3098;103;Tablet;Eletrônicos;2026-01-13;1.0;R$ 1389,91
3099;104;Tablet;Eletrônicos;2026-02-11;;R$ 4838,24
3100;101;Mesa de Escritório;Móveis;2026-01-21;5.0;R$ 2381,87
3101;102;Suporte Monitor;;2026-01-05;6.0;R$ 811,65
3102;105;Smart TV;Eletrônicos;2026-01-28;4.0;R$ 4664,79
3103;103;Microfone;Periféricos;2026-03-10;10.0;R$ 337,13
3104;104;Tablet;Eletrônicos;2026-03-16;6.0;R$ 2482,33
3105;102;Webcam;;2026-03-21;3.0;R$ 343,62
3106;101;Filtro de Linha;Acessórios;2026-01-22;9.0;R$ 236,85
3107;102;Notebook;Eletrônicos;2026-02-14;2.0;R$ 2269,51
3108;104;Gaveteiro;Móveis;2026-03-15;8.0;R$ 2229,98
3109;104;Smart TV;Eletrônicos;2026-01-24;;R$ 978,33
3110;104;Notebook;Eletrônicos;2026-03-07;10.0;R$ 1499,36
3111;105;Mouse;Periféricos;2026-02-26;7.0;R$ 236,63
3112;104;Capa Protetora;Acessórios;2026-03-12;2.0;R$ 194,06
3113;101;Cadeira Gamer;Móveis;2026-03-19;7.0;R$ 1034,96
3114;104;Filtro de Linha;Acessórios;2026-03-02;1.0;R$ 178,13
3115;105;Câmera;Eletrônicos;2026-03-28;5.0;R$ 2902,91
3116;103;Smartphone;Eletrônicos;2026-03-08;1.0;R$ 5309,31
3117;105;Cadeira Gamer;Móveis;2026-03-09;6.0;R$ 2449,27
3118;101;Gaveteiro;Móveis;2026-02-09;10.0;R$ 377,7
3119;104;Cadeira Gamer;Móveis;2026-03-11;;R$ 2265,07
3120;103;Gaveteiro;;2026-01-10;;R$ 2337,48
3121;104;Webcam;Periféricos;2026-01-01;1.0;R$ 64,45
3122;102;Mousepad;Periféricos;2026-03-16;;R$ 282,22
3123;105;Cabo HDMI;Acessórios;2026-03-26;3.0;R$ 297,08
3124;102;Notebook;Eletrônicos;2026-01-09;1.0;R$ 1450,93
3125;101;Tablet;;2026-02-19;1.0;R$ 3184,22
3126;105;Webcam;Periféricos;2026-02-13;8.0;R$ 98,18
3127;104;   mouse  ;Periféricos;2026-01-26;5.0;R$ 102,08
3128;105;   tablet  ;Eletrônicos;2026-01-11;3.0;R$ 3690,91
3129;103;Smartphone;Eletrônicos;2026-03-19;7.0;R$ 2276,23
3130;105;Filtro de Linha;Acessórios;2026-02-04;9.0;R$ 219,86
3131;103;Cabo HDMI;Acessórios;2026-01-06;3.0;R$ 102,44
3132;103;Carregador;Acessórios;2026-02-28;;R$ 80,87
3133;101;Cadeira Gamer;Móveis;2026-03-28;3.0;R$ 1998,85
3134;104;   carregador  ;Acessórios;2026-01-23;9.0;R$ 284,34
3135;105;Suporte Monitor;Móveis;2026-02-21;10.0;R$ 374,02
3136;103;Mousepad;Periféricos;2026-02-20;6.0;R$ 293,61
3137;103;Mouse;Periféricos;2026-01-06;5.0;R$ 249,05
3138;102;   monitor  ;Eletrônicos;2026-02-08;8.0;R$ 1161,0
3139;101;Câmera;Eletrônicos;2026-01-13;7.0;R$ 3767,1
3140;105;Microfone;Periféricos;2026-03-14;;R$ 146,47
3141;101;Notebook;Eletrônicos;2026-03-26;10.0;R$ 1388,41
3142;105;   headset  ;Periféricos;2026-03-16;7.0;R$ 204,87
3143;101;Headset;Periféricos;2026-01-09;;R$ 85,34
3144;105;   tablet  ;Eletrônicos;2026-01-11;2.0;R$ 4077,82
3145;105;Tablet;Eletrônicos;2026-02-15;1.0;R$ 3160,94
3146;101;   carregador  ;;2026-01-10;9.0;R$ 171,39
3147;103;Hub USB;Acessórios;2026-02-16;3.0;R$ 332,3
3148;105;Cadeira Gamer;Móveis;2026-02-24;5.0;R$ 360,11
3149;103;Cabo HDMI;Acessórios;2026-03-08;4.0;R$ 220,79
3150;105;   cadeira gamer  ;Móveis;2026-01-27;;R$ 2419,64
3151;102;Carregador;Acessórios;2026-02-08;2.0;R$ 251,93
3152;104;Mouse;Periféricos;2026-03-27;1.0;R$ 46,8
3153;103;   cabo hdmi  ;Acessórios;2026-01-11;4.0;R$ 150,73
3154;104;Gaveteiro;Móveis;2026-02-20;5.0;R$ 2228,99
3155;105;   suporte monitor  ;Móveis;2026-03-03;8.0;R$ 326,66
3156;101;Carregador;Acessórios;2026-01-25;2.0;R$ 166,69
3157;104;   suporte monitor  ;Móveis;2026-03-07;4.0;R$ 2094,92
3158;101;   cabo hdmi  ;Acessórios;2026-03-23;7.0;R$ 294,61
3159;101;Suporte Monitor;Móveis;2026-02-03;6.0;R$ 1035,21
3160;102;Gaveteiro;Móveis;2026-03-11;6.0;R$ 2368,27
3161;101;Microfone;Periféricos;2026-01-12;4.0;R$ 319,27
3162;105;Mousepad;Periféricos;2026-03-13;6.0;R$ 90,77
3163;104;Filtro de Linha;Acessórios;2026-01-15;4.0;R$ 337,3
3164;102;Gaveteiro;Móveis;2026-03-24;3.0;R$ 2344,01
3165;103;Hub USB;Acessórios;2026-03-08;10.0;R$ 70,63
3166;101;Cadeira Gamer;Móveis;2026-01-09;10.0;R$ 741,67
3167;104;Cabo HDMI;Acessórios;2026-02-01;6.0;R$ 140,07
3168;103;Capa Protetora;Acessórios;2026-01-04;2.0;R$ 148,23
3169;105;Headset;Periféricos;2026-02-13;5.0;R$ 152,21
3170;101;Tablet;Eletrônicos;2026-03-21;;R$ 2494,91
3171;102;Mesa de Escritório;Móveis;2026-02-23;2.0;R$ 1893,46
3172;102;Suporte Monitor;Móveis;2026-01-20;1.0;R$ 1024,39
3173;101;Câmera;Eletrônicos;2026-01-26;2.0;R$ 3935,95
3174;101;Cabo HDMI;Acessórios;2026-03-15;4.0;R$ 205,41
3175;105;   monitor  ;Eletrônicos;2026-01-28;4.0;R$ 805,67
3176;102;Gaveteiro;Móveis;2026-03-20;1.0;R$ 1981,16
3177;105;   carregador  ;Acessórios;2026-01-07;4.0;R$ 44,28
3178;104;   microfone  ;Periféricos;2026-02-28;6.0;R$ 339,91
3179;101;Teclado;Periféricos;2026-01-14;4.0;R$ 267,72
3180;101;Carregador;Acessórios;2026-01-21;4.0;R$ 293,4
3181;104;Mousepad;Periféricos;2026-03-07;6.0;R$ 321,31
3182;104;Cadeira Gamer;Móveis;2026-01-05;4.0;R$ 2019,42
3183;102;Mesa de Escritório;Móveis;2026-03-05;7.0;R$ 2071,1
3184;102;Capa Protetora;Acessórios;2026-02-20;10.0;R$ 207,33
3185;102;Hub USB;Acessórios;2026-02-10;9.0;R$ 111,88
3186;104;   capa protetora  ;Acessórios;2026-01-28;2.0;R$ 44,55
3187;103;Smart TV;Eletrônicos;2026-03-17;1.0;R$ 2306,23
3188;103;   câmera  ;Eletrônicos;2026-02-23;3.0;R$ 4465,99
3189;103;   câmera  ;Eletrônicos;2026-01-01;5.0;R$ 5286,29
3190;102;Carregador;Acessórios;2026-03-01;4.0;R$ 68,1
3191;101;Webcam;Periféricos;2026-02-12;10.0;R$ 214,51
3192;104;Webcam;Periféricos;2026-02-16;10.0;R$ 124,23
3193;102;Gaveteiro;Móveis;2026-02-22;2.0;R$ 461,68
3194;104;Monitor;Eletrônicos;2026-03-17;7.0;R$ 1497,56
3195;104;   notebook  ;Eletrônicos;2026-01-12;9.0;R$ 2170,82
3196;101;Tablet;Eletrônicos;2026-02-08;1.0;R$ 4292,64
3197;103;Webcam;Periféricos;2026-02-08;;R$ 283,79
3198;105;Mouse;Periféricos;2026-01-21;8.0;R$ 95,74
3199;105;   mesa de escritório  ;Móveis;2026-01-01;;R$ 594,22
3200;103;Webcam;Periféricos;2026-02-09;2.0;R$ 164,16
3201;102;Hub USB;Acessórios;2026-01-06;10.0;R$ 261,35
3202;101;Tablet;Eletrônicos;2026-01-02;9.0;R$ 1339,67
3203;102;   mousepad  ;Periféricos;2026-01-07;1.0;R$ 24,25
3204;102;Cadeira Gamer;Móveis;2026-01-24;9.0;R$ 808,01
3205;102;   mesa de escritório  ;Móveis;2026-02-11;4.0;R$ 1563,49
3206;105;Smart TV;Eletrônicos;2026-01-28;7.0;R$ 4134,48
3207;104;Capa Protetora;;2026-02-24;5.0;R$ 23,05
3208;103;Notebook;;2026-02-04;7.0;R$ 2637,53
3209;103;Suporte Monitor;Móveis;2026-03-01;2.0;R$ 1024,24
3210;105;Filtro de Linha;Acessórios;2026-03-01;;R$ 62,77
3211;101;Capa Protetora;Acessórios;2026-03-23;7.0;R$ 52,58
3212;102;Suporte Monitor;Móveis;2026-01-23;4.0;R$ 1831,89
3213;101;Mesa de Escritório;Móveis;2026-02-21;8.0;R$ 1699,11
3214;103;   carregador  ;Acessórios;2026-01-11;;R$ 216,62
3215;103;Headset;Periféricos;2026-02-17;7.0;R$ 295,49
3216;102;   cabo hdmi  ;Acessórios;2026-01-03;8.0;R$ 111,2
3217;103;Câmera;Eletrônicos;2026-03-16;2.0;R$ 4732,82
3218;103;Teclado;Periféricos;2026-03-08;6.0;R$ 335,9
3219;103;Mouse;Periféricos;2026-02-24;6.0;R$ 205,97
3220;101;Câmera;Eletrônicos;2026-01-26;8.0;R$ 5450,36
3221;103;Carregador;Acessórios;2026-01-15;5.0;R$ 127,3
3222;101;Gaveteiro;Móveis;2026-01-26;2.0;R$ 2232,03
3223;102;Mousepad;Periféricos;2026-03-17;;R$ 276,36
3224;104;Cabo HDMI;Acessórios;2026-01-22;9.0;R$ 229,75
3225;101;Hub USB;Acessórios;2026-02-04;2.0;R$ 266,74
3226;104;Mousepad;Periféricos;2026-01-21;6.0;R$ 249,66
3227;102;   webcam  ;Periféricos;2026-03-16;9.0;R$ 311,04
3228;103;Capa Protetora;Acessórios;2026-03-04;9.0;R$ 275,08
3229;104;Mouse;Periféricos;2026-03-19;1.0;R$ 232,87
3230;105;Suporte Monitor;Móveis;2026-02-15;5.0;R$ 2213,01
3231;104;Capa Protetora;Acessórios;2026-01-24;7.0;R$ 64,69
3232;102;Gaveteiro;Móveis;2026-02-19;;R$ 1816,61
3233;103;Webcam;Periféricos;2026-03-11;10.0;R$ 264,45
3234;104;Suporte Monitor;Móveis;2026-02-17;4.0;R$ 2328,25
3235;105;   smartphone  ;Eletrônicos;2026-02-17;5.0;R$ 5481,19
3236;102;Smartphone;Eletrônicos;2026-03-22;2.0;R$ 4589,94
3237;102;Cadeira Gamer;Móveis;2026-03-21;1.0;R$ 1382,24
3238;102;Microfone;Periféricos;2026-03-17;6.0;R$ 113,23
3239;105;Mesa de Escritório;Móveis;2026-03-11;1.0;R$ 1901,7
3240;104;   mesa de escritório  ;Móveis;2026-01-15;4.0;R$ 989,84
3241;105;Filtro de Linha;Acessórios;2026-02-20;1.0;R$ 82,16
3242;101;Gaveteiro;Móveis;2026-03-11;1.0;R$ 1587,35
3243;104;Monitor;Eletrônicos;2026-01-02;7.0;R$ 1333,67
3244;103;Suporte Monitor;Móveis;2026-02-26;7.0;R$ 544,55
3245;105;Câmera;Eletrônicos;2026-01-16;1.0;R$ 4760,87
3246;102;Teclado;Periféricos;2026-03-21;4.0;R$ 236,55
3247;104;Mesa de Escritório;Móveis;2026-03-01;5.0;R$ 1116,15
3248;101;Mousepad;Periféricos;2026-01-23;6.0;R$ 161,47
3249;103;Teclado;Periféricos;2026-03-05;8.0;R$ 155,28
3250;103;Cabo HDMI;Acessórios;2026-01-17;3.0;R$ 249,11
3251;102;Capa Protetora;Acessórios;2026-01-06;3.0;R$ 69,39
3252;101;   cabo hdmi  ;Acessórios;2026-02-25;10.0;R$ 32,25
3253;101;Cadeira Gamer;Móveis;2026-01-02;1.0;R$ 755,85
3254;104;Capa Protetora;Acessórios;2026-02-06;2.0;R$ 146,19
3255;102;Webcam;Periféricos;2026-03-21;2.0;R$ 264,41
3256;105;Mouse;Periféricos;2026-01-28;6.0;R$ 94,03
3257;101;Smart TV;Eletrônicos;2026-01-05;9.0;R$ 1895,92
3258;101;Suporte Monitor;Móveis;2026-03-18;6.0;R$ 1380,19
3259;105;Mouse;Periféricos;2026-02-07;3.0;R$ 72,4
3260;101;Monitor;Eletrônicos;2026-02-19;9.0;R$ 1049,17
3261;105;Mesa de Escritório;Móveis;2026-03-09;8.0;R$ 1198,37
3262;101;Hub USB;Acessórios;2026-02-05;5.0;R$ 322,55
3263;104;Hub USB;Acessórios;2026-02-16;9.0;R$ 319,03
3264;105;   gaveteiro  ;Móveis;2026-02-16;8.0;R$ 1307,93
3265;105;Filtro de Linha;Acessórios;2026-03-10;;R$ 151,63
3266;102;Cabo HDMI;;2026-03-21;7.0;R$ 104,86
3267;104;Câmera;Eletrônicos;2026-03-14;1.0;R$ 2373,04
3268;102;Câmera;Eletrônicos;2026-03-13;7.0;R$ 2236,39
3269;101;Mousepad;Periféricos;2026-03-17;4.0;R$ 316,2
3270;102;Mesa de Escritório;;2026-02-22;5.0;R$ 483,05
3271;101;Cadeira Gamer;;2026-03-15;1.0;R$ 2348,12
3272;104;   cabo hdmi  ;Acessórios;2026-02-06;1.0;R$ 178,25
3273;103;Tablet;Eletrônicos;2026-01-08;7.0;R$ 5382,7
3274;104;   microfone  ;Periféricos;2026-02-14;2.0;R$ 241,0
3275;105;   notebook  ;Eletrônicos;2026-03-16;1.0;R$ 4631,64
3276;102;Tablet;Eletrônicos;2026-01-05;6.0;R$ 3926,08
3277;102;Mouse;Periféricos;2026-01-01;3.0;R$ 224,63
3278;105;Hub USB;Acessórios;2026-03-15;6.0;R$ 231,2
3279;104;Suporte Monitor;Móveis;2026-01-12;3.0;R$ 1143,87
3280;102;Tablet;Eletrônicos;2026-01-13;5.0;R$ 1331,13
3281;103;Monitor;Eletrônicos;2026-01-15;10.0;R$ 4406,55
3282;104;Carregador;Acessórios;2026-03-04;;R$ 273,15
3283;101;Hub USB;Acessórios;2026-03-22;1.0;R$ 283,98
3284;105;Tablet;Eletrônicos;2026-02-19;;R$ 963,84
3285;105;   filtro de linha  ;Acessórios;2026-02-24;1.0;R$ 242,37
3286;105;Filtro de Linha;Acessórios;2026-01-09;6.0;R$ 272,4
3287;101;Notebook;Eletrônicos;2026-01-23;1.0;R$ 5081,91
3288;105;Gaveteiro;Móveis;2026-03-14;9.0;R$ 1641,31
3289;102;Monitor;Eletrônicos;2026-02-27;10.0;R$ 2736,63
3290;104;   microfone  ;Periféricos;2026-02-23;9.0;R$ 22,74
3291;104;Mesa de Escritório;Móveis;2026-02-20;8.0;R$ 1757,94
3292;105;Webcam;Periféricos;2026-03-28;8.0;R$ 324,06
3293;101;   gaveteiro  ;Móveis;2026-03-09;10.0;R$ 1903,46
3294;102;Mousepad;Periféricos;2026-01-16;9.0;R$ 323,22
3295;101;Gaveteiro;Móveis;2026-01-15;3.0;R$ 1397,88
3296;102;Mousepad;Periféricos;2026-02-28;7.0;R$ 224,49
3297;105;Carregador;Acessórios;2026-02-10;5.0;R$ 128,7
3298;101;Headset;Periféricos;2026-01-04;10.0;R$ 325,65
3299;102;Cabo HDMI;Acessórios;2026-03-11;10.0;R$ 163,54
3300;105;Headset;Periféricos;2026-02-08;9.0;R$ 218,93
3301;105;   suporte monitor  ;Móveis;2026-02-20;4.0;R$ 1228,25
3302;101;Gaveteiro;Móveis;2026-03-26;7.0;R$ 599,43
3303;101;Cabo HDMI;Acessórios;2026-03-14;6.0;R$ 222,39
3304;101;   cabo hdmi  ;Acessórios;2026-01-23;3.0;R$ 168,34
3305;104;Microfone;Periféricos;2026-03-25;8.0;R$ 42,24
3306;104;Gaveteiro;Móveis;2026-01-28;2.0;R$ 2059,56
3307;101;Capa Protetora;Acessórios;2026-01-18;8.0;R$ 198,06
3308;103;Suporte Monitor;Móveis;2026-03-28;9.0;R$ 1028,92
3309;103;Smart TV;Eletrônicos;2026-01-06;9.0;R$ 3999,11
3310;105;Carregador;Acessórios;2026-03-02;6.0;R$ 295,28
3311;105;Mesa de Escritório;Móveis;2026-03-17;3.0;R$ 2485,78
3312;101;Mesa de Escritório;Móveis;2026-01-08;2.0;R$ 1773,67
3313;105;Cabo HDMI;;2026-03-25;3.0;R$ 89,17
3314;104;   hub usb  ;Acessórios;2026-01-26;8.0;R$ 326,72
3315;105;Mesa de Escritório;;2026-02-05;9.0;R$ 1318,09
3316;101;Carregador;Acessórios;2026-03-08;;R$ 164,42
3317;105;Teclado;Periféricos;2026-02-21;6.0;R$ 288,38
3318;103;Filtro de Linha;Acessórios;2026-02-14;3.0;R$ 83,65
3319;104;Cabo HDMI;Acessórios;2026-01-09;6.0;R$ 90,28
3320;101;Mousepad;Periféricos;2026-01-24;3.0;R$ 76,17
3321;101;Mesa de Escritório;Móveis;2026-02-02;3.0;R$ 1028,35
3322;102;Carregador;Acessórios;2026-03-02;5.0;R$ 54,41
3323;101;Gaveteiro;Móveis;2026-03-26;5.0;R$ 1179,41
3324;103;Capa Protetora;Acessórios;2026-01-10;5.0;R$ 189,92
3325;104;Teclado;Periféricos;2026-01-23;;R$ 225,79
3326;105;Suporte Monitor;Móveis;2026-03-15;8.0;R$ 363,82
3327;105;Suporte Monitor;Móveis;2026-03-27;10.0;R$ 1790,48
3328;104;Cabo HDMI;Acessórios;2026-03-18;;R$ 126,6
3329;102;Webcam;Periféricos;2026-03-01;2.0;R$ 99,64
3330;104;Webcam;Periféricos;2026-01-08;6.0;R$ 160,02
3331;101;Smart TV;Eletrônicos;2026-03-01;2.0;R$ 2520,08
3332;102;Gaveteiro;Móveis;2026-02-01;3.0;R$ 1698,95
3333;101;Gaveteiro;Móveis;2026-02-20;7.0;R$ 1752,11
3334;103;Gaveteiro;Móveis;2026-02-19;6.0;R$ 1645,53
3335;103;Microfone;Periféricos;2026-03-13;3.0;R$ 205,84
3336;103;Cadeira Gamer;Móveis;2026-03-08;10.0;R$ 1058,94
3337;103;   mouse  ;Periféricos;2026-02-22;9.0;R$ 232,93
3338;103;Notebook;Eletrônicos;2026-03-21;3.0;R$ 1234,9
3339;103;Mesa de Escritório;Móveis;2026-01-26;4.0;R$ 388,79
3340;105;   gaveteiro  ;Móveis;2026-01-01;9.0;R$ 1907,43
3341;103;   teclado  ;Periféricos;2026-03-03;3.0;R$ 263,48
3342;102;   mousepad  ;Periféricos;2026-01-10;;R$ 210,04
3343;105;   tablet  ;Eletrônicos;2026-03-27;3.0;R$ 2461,83
3344;101;Gaveteiro;Móveis;2026-03-09;2.0;R$ 599,85
3345;103;Cabo HDMI;Acessórios;2026-01-18;10.0;R$ 48,7
3346;102;Suporte Monitor;Móveis;2026-02-03;4.0;R$ 771,55
3347;104;Capa Protetora;Acessórios;2026-02-03;3.0;R$ 182,88
3348;102;Monitor;;2026-03-03;4.0;R$ 3161,75
3349;103;   monitor  ;Eletrônicos;2026-03-17;10.0;R$ 1038,47
3350;104;Hub USB;Acessórios;2026-02-06;4.0;R$ 58,62
3351;101;Mouse;Periféricos;2026-03-07;4.0;R$ 125,91
3352;101;Filtro de Linha;Acessórios;2026-01-25;7.0;R$ 310,73
3353;101;   cabo hdmi  ;Acessórios;2026-01-28;4.0;R$ 247,96
3354;105;   hub usb  ;Acessórios;2026-01-11;1.0;R$ 56,96
3355;102;Suporte Monitor;Móveis;2026-03-12;7.0;R$ 361,2
3356;104;Cadeira Gamer;Móveis;2026-03-16;8.0;R$ 1062,86
3357;104;Teclado;Periféricos;2026-01-27;7.0;R$ 269,45
3358;104;Notebook;Eletrônicos;2026-03-28;1.0;R$ 2282,65
3359;101;   webcam  ;Periféricos;2026-03-13;4.0;R$ 39,94
3360;105;   gaveteiro  ;Móveis;2026-03-28;7.0;R$ 1173,87
3361;102;Microfone;Periféricos;2026-02-02;1.0;R$ 182,74
3362;101;Cabo HDMI;Acessórios;2026-02-21;1.0;R$ 204,61
3363;101;Hub USB;Acessórios;2026-03-25;8.0;R$ 116,74
3364;102;   teclado  ;Periféricos;2026-02-11;10.0;R$ 261,63
3365;103;   microfone  ;Periféricos;2026-02-18;6.0;R$ 265,09
3366;105;Smart TV;Eletrônicos;2026-02-26;1.0;R$ 5330,12
3367;102;Carregador;Acessórios;2026-03-18;4.0;R$ 200,78
3368;102;Teclado;Periféricos;2026-03-01;1.0;R$ 105,17
3369;103;Carregador;Acessórios;2026-02-17;7.0;R$ 263,56
3370;104;Monitor;Eletrônicos;2026-01-13;4.0;R$ 1296,55
3371;104;Cabo HDMI;Acessórios;2026-01-09;;R$ 189,42
3372;103;Cadeira Gamer;Móveis;2026-02-15;3.0;R$ 1496,91
3373;101;Smartphone;;2026-03-13;2.0;R$ 1279,29
3374;104;Notebook;Eletrônicos;2026-03-20;3.0;R$ 2678,44
3375;103;Hub USB;Acessórios;2026-02-06;7.0;R$ 185,26
3376;102;Carregador;Acessórios;2026-01-09;1.0;R$ 85,47
3377;103;   suporte monitor  ;Móveis;2026-03-12;;R$ 2033,44
3378;101;Smart TV;Eletrônicos;2026-02-21;3.0;R$ 1515,28
3379;104;Hub USB;Acessórios;2026-03-05;2.0;R$ 235,04
3380;102;Capa Protetora;Acessórios;2026-01-18;6.0;R$ 237,18
3381;104;Smart TV;Eletrônicos;2026-01-09;1.0;R$ 4470,19
3382;103;Smart TV;Eletrônicos;2026-01-03;4.0;R$ 2735,76
3383;101;Headset;Periféricos;2026-03-21;5.0;R$ 205,45
3384;104;Notebook;Eletrônicos;2026-03-14;3.0;R$ 4609,21
3385;103;Tablet;Eletrônicos;2026-01-20;6.0;R$ 1998,89
3386;103;Mouse;Periféricos;2026-03-25;8.0;R$ 298,05
3387;104;Mesa de Escritório;Móveis;2026-03-01;1.0;R$ 546,94
3388;101;Filtro de Linha;Acessórios;2026-02-10;8.0;R$ 211,39
3389;102;Headset;Periféricos;2026-03-04;7.0;R$ 254,83
3390;105;Cabo HDMI;Acessórios;2026-03-22;1.0;R$ 37,5
3391;101;   microfone  ;Periféricos;2026-03-20;5.0;R$ 229,97
3392;102;Tablet;Eletrônicos;2026-03-10;9.0;R$ 2124,66
3393;102;Suporte Monitor;Móveis;2026-01-26;9.0;R$ 744,39
3394;104;Gaveteiro;Móveis;2026-03-16;10.0;R$ 2485,8
3395;104;Gaveteiro;Móveis;2026-02-21;8.0;R$ 2391,29
3396;105;Microfone;Periféricos;2026-03-03;9.0;R$ 305,55
3397;105;   cadeira gamer  ;Móveis;2026-03-01;8.0;R$ 1900,99
3398;103;Hub USB;Acessórios;2026-02-13;2.0;R$ 339,39
3399;105;Hub USB;Acessórios;2026-02-06;5.0;R$ 308,14
3400;105;Mesa de Escritório;Móveis;2026-01-16;8.0;R$ 2435,07
3401;104;Notebook;Eletrônicos;2026-02-18;9.0;R$ 4970,57
3402;101;Mouse;Periféricos;2026-03-24;9.0;R$ 293,34
3403;104;Smart TV;Eletrônicos;2026-02-22;;R$ 2736,09
3404;102;Webcam;Periféricos;2026-03-12;8.0;R$ 40,85
3405;102;Câmera;Eletrônicos;2026-01-27;1.0;R$ 1687,89
3406;105;Smartphone;Eletrônicos;2026-01-26;4.0;R$ 3090,87
3407;104;   capa protetora  ;Acessórios;2026-01-06;1.0;R$ 184,57
3408;105;Headset;Periféricos;2026-03-09;10.0;R$ 71,0
3409;105;Carregador;Acessórios;2026-03-06;;R$ 155,25
3410;103;   gaveteiro  ;Móveis;2026-02-15;3.0;R$ 1239,56
3411;105;Webcam;Periféricos;2026-01-15;10.0;R$ 109,58
3412;101;Headset;Periféricos;2026-02-25;;R$ 269,08
3413;105;Mouse;Periféricos;2026-01-05;7.0;R$ 238,89
3414;103;Filtro de Linha;Acessórios;2026-01-01;10.0;R$ 320,47
3415;103;   câmera  ;Eletrônicos;2026-02-08;6.0;R$ 1206,74
3416;104;Carregador;Acessórios;2026-02-04;3.0;R$ 133,06
3417;105;Notebook;Eletrônicos;2026-03-26;6.0;R$ 4750,64
3418;104;Teclado;Periféricos;2026-01-16;7.0;R$ 96,08
3419;103;Filtro de Linha;Acessórios;2026-03-08;8.0;R$ 66,14
3420;102;Headset;Periféricos;2026-03-07;2.0;R$ 31,66
3421;101;   smart tv  ;Eletrônicos;2026-03-19;5.0;R$ 1470,1
3422;104;Tablet;Eletrônicos;2026-01-07;4.0;R$ 4968,38
3423;105;Webcam;Periféricos;2026-02-12;7.0;R$ 229,42
3424;105;Tablet;Eletrônicos;2026-02-08;8.0;R$ 1274,83
3425;101;Carregador;Acessórios;2026-03-22;7.0;R$ 198,32
3426;103;Suporte Monitor;Móveis;2026-02-24;3.0;R$ 510,89
3427;104;Mousepad;Periféricos;2026-02-01;6.0;R$ 88,07
3428;105;Capa Protetora;Acessórios;2026-03-12;10.0;R$ 87,38
3429;102;Monitor;Eletrônicos;2026-03-15;10.0;R$ 5077,84
3430;102;Mouse;Periféricos;2026-03-12;;R$ 98,55
3431;104;Suporte Monitor;Móveis;2026-01-22;;R$ 581,09
3432;105;   cabo hdmi  ;Acessórios;2026-02-21;8.0;R$ 93,64
3433;103;   filtro de linha  ;Acessórios;2026-01-18;10.0;R$ 138,26
3434;105;Mesa de Escritório;Móveis;2026-02-05;8.0;R$ 1138,49
3435;104;Microfone;Periféricos;2026-02-10;4.0;R$ 209,01
3436;105;Suporte Monitor;Móveis;2026-01-07;9.0;R$ 1538,34
3437;104;Mesa de Escritório;Móveis;2026-01-16;1.0;R$ 1429,8
3438;101;Câmera;Eletrônicos;2026-01-24;8.0;R$ 5218,07
3439;102;Gaveteiro;Móveis;2026-03-26;8.0;R$ 750,75
3440;102;   gaveteiro  ;Móveis;2026-02-19;;R$ 1616,46
3441;101;Notebook;Eletrônicos;2026-03-01;5.0;R$ 3378,96
3442;104;Microfone;Periféricos;2026-01-14;5.0;R$ 120,39
3443;105;Microfone;Periféricos;2026-02-17;6.0;R$ 222,63
3444;104;Smart TV;Eletrônicos;2026-03-01;;R$ 1729,79
3445;103;Notebook;Eletrônicos;2026-02-12;8.0;R$ 4628,67
3446;103;Gaveteiro;Móveis;2026-01-23;4.0;R$ 1487,04
3447;103;Webcam;Periféricos;2026-03-01;6.0;R$ 148,37
3448;104;Gaveteiro;Móveis;2026-02-03;10.0;R$ 1463,06
3449;103;Headset;Periféricos;2026-02-02;10.0;R$ 290,41
3450;104;Microfone;Periféricos;2026-02-02;3.0;R$ 99,12
3451;104;Gaveteiro;Móveis;2026-03-21;3.0;R$ 883,48
3452;103;   capa protetora  ;Acessórios;2026-02-06;2.0;R$ 81,6
3453;102;Cabo HDMI;Acessórios;2026-01-17;9.0;R$ 34,85
3454;104;Cabo HDMI;Acessórios;2026-02-19;1.0;R$ 89,94
3455;105;   câmera  ;Eletrônicos;2026-03-03;7.0;R$ 1181,0
3456;102;Hub USB;Acessórios;2026-02-18;7.0;R$ 254,35
3457;101;Tablet;Eletrônicos;2026-01-11;9.0;R$ 3630,24
3458;104;Cabo HDMI;;2026-01-27;4.0;R$ 190,16
3459;102;   gaveteiro  ;Móveis;2026-01-26;9.0;R$ 325,44
3460;103;Gaveteiro;Móveis;2026-01-18;2.0;R$ 2304,69
3461;101;   cadeira gamer  ;Móveis;2026-01-13;6.0;R$ 379,6
3462;105;   webcam  ;Periféricos;2026-02-18;8.0;R$ 46,89
3463;101;Câmera;Eletrônicos;2026-02-20;3.0;R$ 3607,99
3464;105;Cadeira Gamer;Móveis;2026-02-23;;R$ 1620,36
3465;102;Monitor;Eletrônicos;2026-02-19;6.0;R$ 1567,01
3466;103;Câmera;Eletrônicos;2026-01-27;4.0;R$ 3046,6
3467;103;   gaveteiro  ;Móveis;2026-01-23;;R$ 860,75
3468;102;Filtro de Linha;Acessórios;2026-03-02;4.0;R$ 322,56
3469;101;Hub USB;Acessórios;2026-02-22;2.0;R$ 75,45
3470;101;Notebook;Eletrônicos;2026-03-24;3.0;R$ 4858,35
3471;105;Teclado;Periféricos;2026-01-06;6.0;R$ 137,87
3472;102;Smartphone;Eletrônicos;2026-01-08;2.0;R$ 4516,35
3473;105;Notebook;Eletrônicos;2026-03-23;7.0;R$ 3776,35
3474;103;Cadeira Gamer;Móveis;2026-02-06;2.0;R$ 443,22
3475;101;Smartphone;Eletrônicos;2026-02-25;2.0;R$ 5224,7
3476;104;Smart TV;;2026-03-03;10.0;R$ 3147,95
3477;102;Gaveteiro;;2026-03-11;5.0;R$ 917,08
3478;105;Cadeira Gamer;Móveis;2026-02-27;3.0;R$ 1823,08
3479;105;Microfone;Periféricos;2026-03-21;9.0;R$ 321,8
3480;102;Cadeira Gamer;Móveis;2026-02-05;10.0;R$ 1747,44
3481;104;Filtro de Linha;Acessórios;2026-02-28;4.0;R$ 242,58
3482;104;Smart TV;Eletrônicos;2026-02-07;1.0;R$ 1249,91
3483;105;   cabo hdmi  ;Acessórios;2026-02-10;7.0;R$ 313,75
3484;104;Webcam;Periféricos;2026-02-13;2.0;R$ 59,92
3485;104;Cabo HDMI;Acessórios;2026-01-10;10.0;R$ 192,29
3486;105;Carregador;Acessórios;2026-03-02;2.0;R$ 150,63
3487;103;   monitor  ;Eletrônicos;2026-01-12;8.0;R$ 5273,67
3488;102;   mesa de escritório  ;Móveis;2026-01-11;3.0;R$ 1051,46
3489;103;Gaveteiro;Móveis;2026-01-15;3.0;R$ 537,6
3490;101;Mesa de Escritório;Móveis;2026-02-07;2.0;R$ 714,52
3491;101;   mesa de escritório  ;Móveis;2026-02-22;3.0;R$ 832,84
3492;105;Monitor;Eletrônicos;2026-03-09;5.0;R$ 4978,8
3493;101;Cadeira Gamer;Móveis;2026-03-26;8.0;R$ 1426,39
3494;104;Capa Protetora;Acessórios;2026-03-05;5.0;R$ 34,89
3495;105;Teclado;Periféricos;2026-01-07;8.0;R$ 225,49
3496;101;Câmera;Eletrônicos;2026-01-02;10.0;R$ 2599,47
3497;104;Filtro de Linha;Acessórios;2026-03-11;6.0;R$ 186,3
3498;103;Mousepad;Periféricos;2026-01-25;5.0;R$ 185,75
3499;104;   headset  ;Periféricos;2026-02-10;3.0;R$ 62,33
3500;104;Webcam;Periféricos;2026-01-11;1.0;R$ 345,02
3501;105;Webcam;Periféricos;2026-02-06;1.0;R$ 345,71
3502;104;Smart TV;Eletrônicos;2026-01-18;9.0;R$ 5358,38
3503;104;Câmera;Eletrônicos;2026-03-05;1.0;R$ 3741,11
3504;102;Capa Protetora;Acessórios;2026-02-20;4.0;R$ 53,9
3505;101;Smartphone;Eletrônicos;2026-02-23;2.0;R$ 2007,55
3506;101;Smartphone;Eletrônicos;2026-01-09;5.0;R$ 2470,72
3507;103;Gaveteiro;Móveis;2026-02-09;4.0;R$ 769,77
3508;101;Mesa de Escritório;Móveis;2026-01-27;4.0;R$ 2251,76
3509;104;Cabo HDMI;Acessórios;2026-01-01;1.0;R$ 266,28
3510;105;Hub USB;Acessórios;2026-03-23;9.0;R$ 251,34
3511;105;   smartphone  ;Eletrônicos;2026-03-13;1.0;R$ 5255,74
3512;103;   mousepad  ;Periféricos;2026-03-09;4.0;R$ 170,59
3513;103;Monitor;Eletrônicos;2026-01-04;3.0;R$ 1586,68
3514;101;Cabo HDMI;Acessórios;2026-02-15;4.0;R$ 246,3
3515;105;   mousepad  ;Periféricos;2026-03-15;5.0;R$ 171,74
3516;101;Mousepad;Periféricos;2026-02-14;;R$ 152,73
3517;102;Webcam;Periféricos;2026-01-04;3.0;R$ 279,86
3518;102;Capa Protetora;Acessórios;2026-01-16;9.0;R$ 280,74
3519;102;Teclado;Periféricos;2026-01-10;6.0;R$ 232,47
3520;101;   carregador  ;Acessórios;2026-03-13;1.0;R$ 312,86
3521;102;Suporte Monitor;Móveis;2026-01-11;9.0;R$ 2085,02
3522;101;Gaveteiro;;2026-02-04;3.0;R$ 2427,12
3523;102;Capa Protetora;Acessórios;2026-03-03;;R$ 269,86
3524;102;Hub USB;Acessórios;2026-03-17;2.0;R$ 47,44
3525;103;   suporte monitor  ;Móveis;2026-01-03;10.0;R$ 842,84
3526;104;Microfone;Periféricos;2026-02-11;10.0;R$ 183,86
3527;104;Hub USB;Acessórios;2026-03-07;6.0;R$ 280,14
3528;101;   hub usb  ;Acessórios;2026-03-03;10.0;R$ 134,2
3529;105;   mesa de escritório  ;Móveis;2026-02-26;8.0;R$ 2180,92
3530;104;   cabo hdmi  ;Acessórios;2026-02-28;;R$ 30,94
3531;103;Tablet;Eletrônicos;2026-02-06;4.0;R$ 2739,68
3532;103;Notebook;Eletrônicos;2026-01-28;;R$ 5268,58
3533;103;Capa Protetora;Acessórios;2026-01-10;;R$ 208,33
3534;105;Smartphone;Eletrônicos;2026-02-20;10.0;R$ 2590,18
3535;101;Cabo HDMI;Acessórios;2026-01-26;3.0;R$ 271,35
3536;102;Tablet;Eletrônicos;2026-03-26;7.0;R$ 3467,78
3537;103;Cabo HDMI;Acessórios;2026-03-28;6.0;R$ 139,43
3538;104;Cabo HDMI;Acessórios;2026-01-04;6.0;R$ 121,72
3539;104;Microfone;Periféricos;2026-01-24;7.0;R$ 21,52
3540;105;Cabo HDMI;Acessórios;2026-01-25;9.0;R$ 133,2
3541;104;Capa Protetora;Acessórios;2026-02-27;4.0;R$ 333,13
3542;103;Cabo HDMI;Acessórios;2026-01-13;4.0;R$ 69,63
3543;103;Hub USB;Acessórios;2026-03-11;9.0;R$ 166,67
3544;105;Gaveteiro;Móveis;2026-03-03;6.0;R$ 1077,88
3545;104;Suporte Monitor;Móveis;2026-03-02;3.0;R$ 857,01
3546;105;Smart TV;Eletrônicos;2026-03-09;9.0;R$ 3672,36
3547;103;Monitor;;2026-02-26;6.0;R$ 2114,39
3548;105;Tablet;Eletrônicos;2026-01-18;4.0;R$ 1733,99
3549;102;Monitor;;2026-02-20;7.0;R$ 2223,84
3550;101;   filtro de linha  ;Acessórios;2026-02-07;1.0;R$ 339,3
3551;104;   teclado  ;Periféricos;2026-03-09;;R$ 123,69
3552;103;Webcam;Periféricos;2026-02-21;10.0;R$ 162,52
3553;103;Hub USB;Acessórios;2026-03-26;7.0;R$ 305,04
3554;102;   filtro de linha  ;Acessórios;2026-03-20;8.0;R$ 107,27
3555;105;Cadeira Gamer;;2026-01-03;1.0;R$ 693,89
3556;101;Cadeira Gamer;Móveis;2026-02-10;9.0;R$ 877,22
3557;102;Teclado;Periféricos;2026-01-14;2.0;R$ 106,98
3558;103;Gaveteiro;Móveis;2026-03-19;;R$ 2181,03
3559;102;Cabo HDMI;Acessórios;2026-01-25;8.0;R$ 29,57
3560;104;Smartphone;Eletrônicos;2026-01-21;9.0;R$ 3996,94
3561;104;Monitor;Eletrônicos;2026-03-04;3.0;R$ 1681,74
3562;105;Cadeira Gamer;Móveis;2026-03-24;4.0;R$ 2300,3
3563;101;Cadeira Gamer;Móveis;2026-02-19;2.0;R$ 1968,69
3564;103;Notebook;Eletrônicos;2026-02-09;1.0;R$ 3131,0
3565;103;Capa Protetora;Acessórios;2026-03-09;9.0;R$ 339,77
3566;103;Filtro de Linha;;2026-02-28;6.0;R$ 237,78
3567;103;Mousepad;Periféricos;2026-01-17;1.0;R$ 222,73
3568;105;Microfone;Periféricos;2026-02-26;5.0;R$ 101,08
3569;103;Suporte Monitor;Móveis;2026-02-02;9.0;R$ 1536,33
3570;102;Monitor;Eletrônicos;2026-01-21;1.0;R$ 2967,49
3571;103;Mousepad;Periféricos;2026-03-20;1.0;R$ 60,99
3572;101;Webcam;;2026-03-22;10.0;R$ 152,73
3573;102;Headset;;2026-02-12;5.0;R$ 339,79
3574;105;Tablet;Eletrônicos;2026-02-26;1.0;R$ 4580,26
3575;101;   microfone  ;Periféricos;2026-03-12;4.0;R$ 50,83
3576;102;Mouse;Periféricos;2026-03-18;3.0;R$ 250,93
3577;105;Mouse;Periféricos;2026-02-17;;R$ 277,98
3578;103;Suporte Monitor;Móveis;2026-03-15;4.0;R$ 2313,49
3579;104;Webcam;Periféricos;2026-03-24;3.0;R$ 109,4
3580;105;Tablet;Eletrônicos;2026-01-18;3.0;R$ 3084,29
3581;102;Hub USB;Acessórios;2026-01-19;;R$ 306,46
3582;103;Carregador;Acessórios;2026-03-26;;R$ 238,26
3583;102;Smart TV;Eletrônicos;2026-01-19;7.0;R$ 4221,27
3584;103;Carregador;Acessórios;2026-01-22;6.0;R$ 24,91
3585;105;Câmera;Eletrônicos;2026-02-24;1.0;R$ 3198,98
3586;103;Monitor;Eletrônicos;2026-02-01;8.0;R$ 5184,05
3587;103;   headset  ;Periféricos;2026-02-17;;R$ 45,67
3588;102;Carregador;Acessórios;2026-02-10;8.0;R$ 273,32
3589;103;Headset;Periféricos;2026-02-23;2.0;R$ 61,64
3590;105;Mousepad;Periféricos;2026-03-16;10.0;R$ 32,72
3591;103;Suporte Monitor;Móveis;2026-03-23;7.0;R$ 1316,06
3592;104;   filtro de linha  ;Acessórios;2026-01-22;10.0;R$ 132,5
3593;103;Mesa de Escritório;Móveis;2026-02-01;3.0;R$ 2008,35
3594;101;Hub USB;Acessórios;2026-01-26;3.0;R$ 320,72
3595;104;   mesa de escritório  ;Móveis;2026-01-10;6.0;R$ 2386,56
3596;101;Tablet;Eletrônicos;2026-02-12;6.0;R$ 3411,72
3597;103;Gaveteiro;Móveis;2026-01-04;7.0;R$ 2482,63
3598;104;Carregador;Acessórios;2026-03-02;9.0;R$ 290,72
3599;105;Notebook;Eletrônicos;2026-03-14;;R$ 2180,4
3600;104;Mesa de Escritório;Móveis;2026-01-21;10.0;R$ 1304,94
3601;101;Mouse;Periféricos;2026-03-22;7.0;R$ 31,9
3602;105;   cadeira gamer  ;Móveis;2026-01-02;6.0;R$ 1117,97
3603;101;Mesa de Escritório;Móveis;2026-01-02;;R$ 1192,97
3604;102;Webcam;;2026-02-08;8.0;R$ 213,85
3605;102;Capa Protetora;Acessórios;2026-01-21;2.0;R$ 204,67
3606;104;Smartphone;Eletrônicos;2026-02-14;7.0;R$ 1967,79
3607;101;Headset;Periféricos;2026-03-23;2.0;R$ 81,25
3608;104;Mesa de Escritório;Móveis;2026-03-27;7.0;R$ 975,3
3609;102;Mousepad;Periféricos;2026-03-27;7.0;R$ 154,13
3610;101;Carregador;Acessórios;2026-02-09;10.0;R$ 206,94
3611;103;Gaveteiro;Móveis;2026-03-07;10.0;R$ 1656,53
3612;104;Hub USB;Acessórios;2026-03-05;;R$ 222,97
3613;105;Smart TV;Eletrônicos;2026-03-26;7.0;R$ 2060,86
3614;105;Notebook;Eletrônicos;2026-03-18;3.0;R$ 4746,98
3615;102;Gaveteiro;Móveis;2026-03-16;;R$ 708,63
3616;105;Cadeira Gamer;Móveis;2026-02-22;2.0;R$ 748,26
3617;105;Gaveteiro;Móveis;2026-03-08;1.0;R$ 2342,13
3618;103;Carregador;Acessórios;2026-03-27;6.0;R$ 292,47
3619;101;Suporte Monitor;Móveis;2026-01-28;3.0;R$ 2316,44
3620;103;Mesa de Escritório;Móveis;2026-02-08;3.0;R$ 1327,16
3621;103;Headset;Periféricos;2026-02-06;1.0;R$ 40,28
3622;104;Gaveteiro;Móveis;2026-03-04;6.0;R$ 602,03
3623;105;Cadeira Gamer;Móveis;2026-02-14;6.0;R$ 1680,17
3624;103;Smart TV;Eletrônicos;2026-01-21;5.0;R$ 5447,79
3625;105;Carregador;Acessórios;2026-02-23;4.0;R$ 81,44
3626;103;Teclado;Periféricos;2026-01-18;;R$ 20,52
3627;105;Câmera;Eletrônicos;2026-02-02;1.0;R$ 2509,06
3628;104;Gaveteiro;Móveis;2026-02-20;10.0;R$ 346,05
3629;103;Cabo HDMI;Acessórios;2026-01-26;5.0;R$ 91,14
3630;103;Câmera;Eletrônicos;2026-02-16;;R$ 1380,46
3631;102;Mouse;Periféricos;2026-02-18;10.0;R$ 170,41
3632;101;Gaveteiro;Móveis;2026-01-27;3.0;R$ 396,2
3633;102;Monitor;Eletrônicos;2026-02-14;7.0;R$ 2451,53
3634;101;Hub USB;Acessórios;2026-02-17;1.0;R$ 158,11
3635;102;   carregador  ;Acessórios;2026-01-02;4.0;R$ 153,71
3636;103;Notebook;Eletrônicos;2026-01-12;;R$ 3384,34
3637;101;Monitor;Eletrônicos;2026-01-23;9.0;R$ 1229,15
3638;102;Headset;;2026-01-19;4.0;R$ 270,88
3639;103;Suporte Monitor;Móveis;2026-01-28;7.0;R$ 1027,86
3640;102;Mouse;Periféricos;2026-03-17;4.0;R$ 30,58
3641;105;Suporte Monitor;Móveis;2026-03-04;10.0;R$ 354,01
3642;101;Suporte Monitor;Móveis;2026-03-17;;R$ 2013,93
3643;104;Mesa de Escritório;Móveis;2026-01-14;;R$ 1980,7
3644;103;   mousepad  ;Periféricos;2026-03-28;1.0;R$ 20,96
3645;103;Mousepad;Periféricos;2026-02-02;3.0;R$ 51,64
3646;104;Notebook;Eletrônicos;2026-01-11;10.0;R$ 1597,2
3647;102;Cabo HDMI;Acessórios;2026-02-21;9.0;R$ 143,46
3648;103;Tablet;Eletrônicos;2026-03-04;8.0;R$ 5273,65
3649;101;Notebook;Eletrônicos;2026-03-12;6.0;R$ 4994,66
3650;105;Teclado;Periféricos;2026-03-21;2.0;R$ 181,08
3651;104;Smart TV;Eletrônicos;2026-03-23;;R$ 4196,61
3652;103;Mesa de Escritório;Móveis;2026-03-11;10.0;R$ 745,79
3653;104;Cadeira Gamer;Móveis;2026-03-09;;R$ 695,84
3654;104;   microfone  ;Periféricos;2026-03-06;8.0;R$ 56,52
3655;102;   cabo hdmi  ;Acessórios;2026-01-18;7.0;R$ 189,14
3656;105;Mousepad;;2026-01-19;2.0;R$ 214,56
3657;104;Notebook;Eletrônicos;2026-01-05;8.0;R$ 4044,39
3658;105;Carregador;Acessórios;2026-02-28;;R$ 279,02
3659;104;Mouse;Periféricos;2026-01-19;6.0;R$ 160,84
3660;103;Cabo HDMI;Acessórios;2026-02-15;4.0;R$ 229,79
3661;105;Smart TV;Eletrônicos;2026-01-05;1.0;R$ 2464,28
3662;103;Filtro de Linha;Acessórios;2026-03-27;10.0;R$ 328,14
3663;105;Headset;Periféricos;2026-01-02;8.0;R$ 137,79
3664;105;Carregador;Acessórios;2026-01-12;9.0;R$ 59,81
3665;103;Hub USB;Acessórios;2026-02-15;10.0;R$ 98,79
3666;103;   mesa de escritório  ;Móveis;2026-03-08;6.0;R$ 1150,58
3667;103;Mouse;Periféricos;2026-01-20;4.0;R$ 40,32
3668;101;Mousepad;Periféricos;2026-02-04;10.0;R$ 49,39
3669;103;   microfone  ;Periféricos;2026-01-07;2.0;R$ 100,95
3670;104;Webcam;Periféricos;2026-03-24;8.0;R$ 143,39
3671;102;Monitor;Eletrônicos;2026-03-22;5.0;R$ 4445,09
3672;101;Webcam;Periféricos;2026-01-13;10.0;R$ 301,98
3673;104;Webcam;Periféricos;2026-01-26;3.0;R$ 65,36
3674;104;Cadeira Gamer;Móveis;2026-01-19;5.0;R$ 1808,45
3675;101;Suporte Monitor;Móveis;2026-02-23;8.0;R$ 1894,5
3676;102;Monitor;Eletrônicos;2026-03-10;4.0;R$ 2218,5
3677;101;Câmera;Eletrônicos;2026-02-16;6.0;R$ 948,79
3678;101;Cadeira Gamer;Móveis;2026-03-26;4.0;R$ 1137,18
3679;104;Webcam;Periféricos;2026-02-07;4.0;R$ 210,28
3680;104;Smart TV;Eletrônicos;2026-03-11;6.0;R$ 877,89
3681;105;Suporte Monitor;Móveis;2026-01-02;2.0;R$ 334,41
3682;104;Mesa de Escritório;;2026-02-09;10.0;R$ 630,56
3683;101;Capa Protetora;Acessórios;2026-03-21;2.0;R$ 90,66
3684;102;   gaveteiro  ;Móveis;2026-02-07;9.0;R$ 974,71
3685;103;Cabo HDMI;Acessórios;2026-01-10;;R$ 141,91
3686;104;Mesa de Escritório;Móveis;2026-02-06;5.0;R$ 2130,77
3687;102;Monitor;Eletrônicos;2026-01-27;4.0;R$ 2405,91
3688;102;Microfone;Periféricos;2026-01-19;5.0;R$ 21,31
3689;103;Headset;Periféricos;2026-02-13;1.0;R$ 323,05
3690;103;Cabo HDMI;Acessórios;2026-03-22;1.0;R$ 157,65
3691;101;Smartphone;Eletrônicos;2026-03-25;6.0;R$ 1309,27
3692;101;Mouse;Periféricos;2026-01-06;5.0;R$ 228,93
3693;101;   gaveteiro  ;Móveis;2026-02-22;2.0;R$ 1463,32
3694;102;Mousepad;Periféricos;2026-02-12;1.0;R$ 66,36
3695;101;Gaveteiro;Móveis;2026-03-25;6.0;R$ 1514,24
3696;104;Webcam;Periféricos;2026-01-23;6.0;R$ 78,63
3697;105;Câmera;Eletrônicos;2026-03-04;5.0;R$ 1552,15
3698;103;Tablet;Eletrônicos;2026-01-25;2.0;R$ 1817,08
3699;105;Webcam;Periféricos;2026-01-10;3.0;R$ 156,02
3700;101;Smartphone;Eletrônicos;2026-02-02;3.0;R$ 1042,71
3701;104;Carregador;Acessórios;2026-02-20;5.0;R$ 199,44
3702;105;   monitor  ;Eletrônicos;2026-03-13;8.0;R$ 4968,5
3703;104;Suporte Monitor;Móveis;2026-03-21;10.0;R$ 572,26
3704;101;Notebook;Eletrônicos;2026-01-07;1.0;R$ 3231,7
3705;105;   teclado  ;;2026-02-06;9.0;R$ 102,73
3706;103;Filtro de Linha;Acessórios;2026-02-16;2.0;R$ 227,81
3707;103;Headset;Periféricos;2026-01-08;9.0;R$ 159,89
3708;101;Mesa de Escritório;Móveis;2026-03-24;4.0;R$ 1733,99
3709;105;Carregador;Acessórios;2026-03-13;8.0;R$ 119,79
3710;104;Filtro de Linha;Acessórios;2026-01-02;8.0;R$ 234,6
3711;101;Teclado;Periféricos;2026-03-02;;R$ 301,98
3712;105;Filtro de Linha;Acessórios;2026-02-26;8.0;R$ 285,43
3713;103;Smartphone;Eletrônicos;2026-03-26;9.0;R$ 3585,27
3714;104;Webcam;Periféricos;2026-03-11;3.0;R$ 92,45
3715;105;Mousepad;Periféricos;2026-03-07;3.0;R$ 276,43
3716;104;Tablet;Eletrônicos;2026-01-21;4.0;R$ 2455,72
3717;105;Mesa de Escritório;Móveis;2026-01-27;2.0;R$ 1896,03
3718;102;Mesa de Escritório;Móveis;2026-02-23;8.0;R$ 1883,81
3719;101;Carregador;Acessórios;2026-02-01;9.0;R$ 202,02
3720;105;Filtro de Linha;Acessórios;2026-02-15;7.0;R$ 186,51
3721;102;Tablet;Eletrônicos;2026-03-12;2.0;R$ 3671,17
3722;103;Teclado;Periféricos;2026-02-19;6.0;R$ 131,09
3723;101;   cadeira gamer  ;Móveis;2026-02-10;2.0;R$ 1580,04
3724;101;Smart TV;Eletrônicos;2026-02-16;5.0;R$ 2410,34
3725;104;Mousepad;Periféricos;2026-02-24;10.0;R$ 23,24
3726;104;Mousepad;Periféricos;2026-01-05;4.0;R$ 106,07
3727;104;Câmera;Eletrônicos;2026-01-27;3.0;R$ 1817,45
3728;104;Smart TV;Eletrônicos;2026-03-21;10.0;R$ 4325,55
3729;103;Mouse;Periféricos;2026-01-06;8.0;R$ 267,24
3730;104;   mouse  ;Periféricos;2026-01-10;10.0;R$ 297,62
3731;101;Filtro de Linha;Acessórios;2026-01-02;7.0;R$ 261,56
3732;101;Monitor;Eletrônicos;2026-03-04;9.0;R$ 4565,48
3733;103;Câmera;Eletrônicos;2026-01-02;3.0;R$ 1118,29
3734;105;Smartphone;Eletrônicos;2026-01-05;9.0;R$ 2030,42
3735;105;Filtro de Linha;Acessórios;2026-01-25;2.0;R$ 112,91
3736;101;Microfone;Periféricos;2026-01-01;5.0;R$ 81,94
3737;102;   suporte monitor  ;;2026-01-04;;R$ 1204,99
3738;104;Notebook;Eletrônicos;2026-01-21;5.0;R$ 1319,47
3739;104;   mesa de escritório  ;Móveis;2026-01-24;8.0;R$ 1971,65
3740;102;   gaveteiro  ;Móveis;2026-03-15;3.0;R$ 1745,26
3741;105;   capa protetora  ;Acessórios;2026-02-16;7.0;R$ 177,12
3742;105;Carregador;Acessórios;2026-03-03;3.0;R$ 280,65
3743;102;Filtro de Linha;Acessórios;2026-01-09;;R$ 177,26
3744;103;Gaveteiro;Móveis;2026-03-26;2.0;R$ 1719,44
3745;101;Smartphone;;2026-03-22;7.0;R$ 4460,64
3746;101;Gaveteiro;Móveis;2026-02-17;6.0;R$ 1663,6
3747;103;Microfone;Periféricos;2026-02-24;3.0;R$ 30,88
3748;102;Mousepad;Periféricos;2026-01-22;;R$ 124,35
3749;104;Cabo HDMI;Acessórios;2026-01-02;;R$ 337,97
3750;103;Mouse;Periféricos;2026-03-12;6.0;R$ 245,21
3751;103;Suporte Monitor;Móveis;2026-01-15;9.0;R$ 1858,05
3752;105;   microfone  ;Periféricos;2026-03-24;3.0;R$ 341,74
3753;101;Filtro de Linha;Acessórios;2026-03-22;;R$ 325,44
3754;101;Monitor;Eletrônicos;2026-02-13;2.0;R$ 4033,99
3755;103;Notebook;Eletrônicos;2026-03-10;9.0;R$ 2809,36
3756;103;Mousepad;Periféricos;2026-01-25;5.0;R$ 119,2
3757;105;   carregador  ;Acessórios;2026-01-04;1.0;R$ 343,29
3758;102;Headset;Periféricos;2026-02-25;1.0;R$ 248,67
3759;104;Teclado;Periféricos;2026-02-27;7.0;R$ 237,6
3760;104;   cadeira gamer  ;Móveis;2026-01-21;1.0;R$ 873,72
3761;104;Capa Protetora;Acessórios;2026-03-24;9.0;R$ 328,05
3762;102;   gaveteiro  ;Móveis;2026-01-10;9.0;R$ 566,67
3763;105;Hub USB;Acessórios;2026-01-05;4.0;R$ 47,63
3764;103;   smart tv  ;Eletrônicos;2026-01-06;;R$ 2525,86
3765;102;Mesa de Escritório;Móveis;2026-02-09;4.0;R$ 1903,44
3766;104;Cadeira Gamer;Móveis;2026-03-11;4.0;R$ 1135,87
3767;102;Notebook;Eletrônicos;2026-02-09;2.0;R$ 3793,84
3768;102;   smartphone  ;Eletrônicos;2026-01-16;2.0;R$ 1964,88
3769;101;Mesa de Escritório;Móveis;2026-01-03;5.0;R$ 882,51
3770;102;Mesa de Escritório;Móveis;2026-03-09;3.0;R$ 995,12
3771;103;Suporte Monitor;Móveis;2026-03-05;;R$ 2042,63
3772;103;Mousepad;Periféricos;2026-02-18;3.0;R$ 152,49
3773;105;Tablet;Eletrônicos;2026-03-19;5.0;R$ 5347,19
3774;105;Mesa de Escritório;Móveis;2026-02-17;1.0;R$ 1826,06
3775;102;Tablet;Eletrônicos;2026-01-26;8.0;R$ 2285,92
3776;105;Filtro de Linha;Acessórios;2026-02-09;5.0;R$ 320,98
3777;104;   carregador  ;Acessórios;2026-02-10;5.0;R$ 206,61
3778;104;   cadeira gamer  ;Móveis;2026-01-14;1.0;R$ 1150,37
3779;103;Filtro de Linha;Acessórios;2026-03-22;8.0;R$ 140,17
3780;102;Suporte Monitor;Móveis;2026-03-26;7.0;R$ 345,53
3781;103;Smartphone;Eletrônicos;2026-01-28;6.0;R$ 1990,42
3782;101;Smartphone;Eletrônicos;2026-01-19;10.0;R$ 4815,84
3783;103;Cabo HDMI;Acessórios;2026-02-19;3.0;R$ 151,06
3784;101;Hub USB;Acessórios;2026-01-04;7.0;R$ 275,37
3785;102;Mesa de Escritório;Móveis;2026-03-21;10.0;R$ 1418,73
3786;104;Mesa de Escritório;Móveis;2026-03-08;7.0;R$ 499,77
3787;104;Suporte Monitor;Móveis;2026-02-20;6.0;R$ 1864,76
3788;101;Mousepad;Periféricos;2026-03-07;2.0;R$ 182,69
3789;102;   cabo hdmi  ;Acessórios;2026-03-08;3.0;R$ 300,5
3790;102;Mousepad;Periféricos;2026-03-05;8.0;R$ 147,86
3791;101;Cadeira Gamer;Móveis;2026-02-24;7.0;R$ 1039,98
3792;102;Notebook;Eletrônicos;2026-01-12;1.0;R$ 5207,3
3793;105;Mouse;Periféricos;2026-02-25;5.0;R$ 244,13
3794;105;Mousepad;Periféricos;2026-02-16;8.0;R$ 282,21
3795;103;Teclado;Periféricos;2026-03-15;4.0;R$ 261,36
3796;105;Capa Protetora;Acessórios;2026-01-03;;R$ 59,5
3797;102;Tablet;Eletrônicos;2026-01-21;5.0;R$ 5282,67
3798;104;   mesa de escritório  ;Móveis;2026-02-03;6.0;R$ 2285,73
3799;102;Smart TV;;2026-03-18;4.0;R$ 1107,82
3800;103;   smartphone  ;Eletrônicos;2026-03-07;4.0;R$ 2995,24
3801;102;Filtro de Linha;Acessórios;2026-02-03;;R$ 190,67
3802;104;Cadeira Gamer;Móveis;2026-03-05;;R$ 1497,04
3803;102;Smart TV;Eletrônicos;2026-03-21;8.0;R$ 1201,34
3804;103;Mesa de Escritório;Móveis;2026-01-20;6.0;R$ 1554,52
3805;103;Hub USB;Acessórios;2026-01-15;6.0;R$ 167,01
3806;105;Smartphone;;2026-01-20;5.0;R$ 5213,11
3807;103;Monitor;Eletrônicos;2026-01-02;8.0;R$ 3212,21
3808;104;Suporte Monitor;Móveis;2026-03-18;;R$ 2388,88
3809;103;Cadeira Gamer;Móveis;2026-02-20;8.0;R$ 687,15
3810;104;Mousepad;Periféricos;2026-01-17;7.0;R$ 335,29
3811;102;Tablet;Eletrônicos;2026-01-21;9.0;R$ 2070,83
3812;103;Filtro de Linha;Acessórios;2026-01-16;7.0;R$ 106,06
3813;105;Cadeira Gamer;Móveis;2026-02-26;7.0;R$ 1288,09
3814;105;Capa Protetora;Acessórios;2026-03-24;6.0;R$ 195,86
3815;101;Smartphone;Eletrônicos;2026-03-26;7.0;R$ 2951,33
3816;105;Capa Protetora;Acessórios;2026-01-21;10.0;R$ 168,51
3817;101;Monitor;Eletrônicos;2026-02-19;4.0;R$ 4930,43
3818;105;Headset;Periféricos;2026-01-15;9.0;R$ 24,81
3819;105;Mousepad;Periféricos;2026-02-03;9.0;R$ 296,54
3820;104;Mouse;Periféricos;2026-01-22;3.0;R$ 174,98
3821;102;Gaveteiro;;2026-02-06;2.0;R$ 639,46
3822;104;Cadeira Gamer;Móveis;2026-02-08;3.0;R$ 1852,41
3823;101;Tablet;;2026-02-26;9.0;R$ 1800,43
3824;101;   headset  ;Periféricos;2026-01-27;4.0;R$ 291,2
3825;105;Gaveteiro;Móveis;2026-03-18;5.0;R$ 1656,37
3826;104;Câmera;Eletrônicos;2026-02-26;;R$ 2803,09
3827;103;Teclado;Periféricos;2026-02-02;1.0;R$ 278,7
3828;104;Suporte Monitor;Móveis;2026-01-13;9.0;R$ 1262,9
3829;104;Webcam;Periféricos;2026-03-15;;R$ 81,53
3830;104;   cadeira gamer  ;Móveis;2026-03-11;5.0;R$ 2438,92
3831;102;Gaveteiro;Móveis;2026-02-03;5.0;R$ 674,75
3832;103;Câmera;Eletrônicos;2026-03-20;9.0;R$ 3152,68
3833;105;Mouse;Periféricos;2026-03-06;3.0;R$ 87,63
3834;105;Mouse;Periféricos;2026-02-19;1.0;R$ 24,72
3835;102;Tablet;Eletrônicos;2026-03-09;9.0;R$ 2015,27
3836;104;Tablet;Eletrônicos;2026-03-09;2.0;R$ 4250,21
3837;103;Gaveteiro;Móveis;2026-03-19;4.0;R$ 1568,81
3838;103;Gaveteiro;Móveis;2026-03-13;8.0;R$ 2325,38
3839;104;   gaveteiro  ;Móveis;2026-03-14;7.0;R$ 1181,92
3840;103;Mouse;Periféricos;2026-03-22;6.0;R$ 300,46
3841;103;Mouse;Periféricos;2026-02-12;1.0;R$ 114,88
3842;105;   filtro de linha  ;;2026-02-12;5.0;R$ 264,33
3843;105;Cadeira Gamer;Móveis;2026-02-20;3.0;R$ 1608,81
3844;105;Hub USB;Acessórios;2026-01-02;7.0;R$ 284,13
3845;102;Monitor;Eletrônicos;2026-01-26;;R$ 2007,63
3846;105;Teclado;Periféricos;2026-01-03;2.0;R$ 324,19
3847;104;Suporte Monitor;Móveis;2026-03-18;6.0;R$ 1054,9
3848;103;Webcam;Periféricos;2026-02-04;6.0;R$ 44,69
3849;103;Capa Protetora;Acessórios;2026-01-11;2.0;R$ 329,36
3850;105;Cabo HDMI;Acessórios;2026-03-08;6.0;R$ 135,2
3851;102;Webcam;Periféricos;2026-03-26;10.0;R$ 137,28
3852;101;Capa Protetora;Acessórios;2026-01-11;7.0;R$ 318,31
3853;101;Filtro de Linha;Acessórios;2026-02-28;7.0;R$ 328,31
3854;102;   mousepad  ;Periféricos;2026-03-18;5.0;R$ 65,34
3855;105;   filtro de linha  ;Acessórios;2026-02-16;10.0;R$ 259,87
3856;101;Microfone;Periféricos;2026-02-27;;R$ 220,22
3857;102;Monitor;Eletrônicos;2026-03-22;8.0;R$ 1546,57
3858;103;Smart TV;Eletrônicos;2026-01-21;5.0;R$ 5025,47
3859;103;Filtro de Linha;Acessórios;2026-01-02;2.0;R$ 148,93
3860;105;   microfone  ;Periféricos;2026-02-02;9.0;R$ 71,37
3861;102;Tablet;Eletrônicos;2026-01-08;1.0;R$ 3823,06
3862;105;Cadeira Gamer;Móveis;2026-03-09;3.0;R$ 434,83
3863;103;Smartphone;Eletrônicos;2026-02-12;1.0;R$ 4371,84
3864;102;   smart tv  ;Eletrônicos;2026-03-19;;R$ 4518,72
3865;102;Notebook;Eletrônicos;2026-03-01;8.0;R$ 3075,82
3866;102;Mousepad;Periféricos;2026-02-21;4.0;R$ 181,54
3867;104;Mousepad;Periféricos;2026-02-16;4.0;R$ 131,39
3868;101;Mousepad;Periféricos;2026-02-14;2.0;R$ 132,06
3869;105;Webcam;Periféricos;2026-02-06;8.0;R$ 253,57
3870;101;Headset;Periféricos;2026-01-21;4.0;R$ 207,9
3871;105;Mesa de Escritório;Móveis;2026-02-26;8.0;R$ 1340,94
3872;102;Monitor;Eletrônicos;2026-02-04;10.0;R$ 1315,32
3873;103;Gaveteiro;Móveis;2026-03-03;;R$ 2064,49
3874;102;Mouse;Periféricos;2026-03-13;;R$ 217,35
3875;102;Hub USB;Acessórios;2026-01-13;5.0;R$ 115,73
3876;104;Tablet;Eletrônicos;2026-01-06;1.0;R$ 3768,24
3877;104;Capa Protetora;Acessórios;2026-01-11;;R$ 172,4
3878;104;Gaveteiro;Móveis;2026-01-02;10.0;R$ 2315,2
3879;101;Smart TV;Eletrônicos;2026-01-02;7.0;R$ 1795,02
3880;104;Carregador;Acessórios;2026-02-10;7.0;R$ 141,99
3881;103;Cabo HDMI;Acessórios;2026-01-10;5.0;R$ 285,13
3882;104;Gaveteiro;Móveis;2026-03-10;2.0;R$ 1035,21
3883;104;Gaveteiro;Móveis;2026-01-11;2.0;R$ 2098,78
3884;104;Capa Protetora;Acessórios;2026-03-13;6.0;R$ 252,2
3885;104;Notebook;Eletrônicos;2026-03-25;4.0;R$ 4115,09
3886;104;   suporte monitor  ;Móveis;2026-03-05;2.0;R$ 319,15
3887;101;Suporte Monitor;Móveis;2026-02-16;10.0;R$ 1694,57
3888;102;Carregador;Acessórios;2026-02-02;5.0;R$ 43,13
3889;102;   cabo hdmi  ;Acessórios;2026-03-03;4.0;R$ 280,72
3890;101;Headset;Periféricos;2026-03-25;3.0;R$ 122,76
3891;105;   cadeira gamer  ;Móveis;2026-01-23;5.0;R$ 1549,08
3892;104;Mesa de Escritório;Móveis;2026-03-02;9.0;R$ 1329,24
3893;104;Carregador;Acessórios;2026-03-20;1.0;R$ 36,6
3894;104;Carregador;Acessórios;2026-02-20;5.0;R$ 246,98
3895;105;Mesa de Escritório;Móveis;2026-03-14;9.0;R$ 649,29
3896;105;Suporte Monitor;Móveis;2026-03-06;6.0;R$ 2031,69
3897;104;Capa Protetora;Acessórios;2026-01-07;3.0;R$ 128,04
3898;103;Capa Protetora;Acessórios;2026-03-20;;R$ 176,28
3899;102;Headset;Periféricos;2026-03-09;7.0;R$ 157,34
3900;103;Cabo HDMI;Acessórios;2026-03-02;7.0;R$ 307,13
3901;105;Capa Protetora;Acessórios;2026-01-09;5.0;R$ 219,34
3902;105;Cadeira Gamer;Móveis;2026-03-14;10.0;R$ 1856,01
3903;103;   smart tv  ;Eletrônicos;2026-03-08;4.0;R$ 4883,49
3904;105;Headset;Periféricos;2026-02-14;10.0;R$ 42,48
3905;104;Capa Protetora;Acessórios;2026-01-21;;R$ 201,84
3906;102;Notebook;;2026-02-07;2.0;R$ 3155,52
3907;102;Tablet;Eletrônicos;2026-01-07;2.0;R$ 5162,45
3908;102;Tablet;;2026-01-19;9.0;R$ 1633,94
3909;105;Carregador;;2026-01-02;2.0;R$ 80,37
3910;102;   câmera  ;Eletrônicos;2026-02-16;6.0;R$ 2674,61
3911;101;Câmera;Eletrônicos;2026-03-21;2.0;R$ 5270,72
3912;102;Headset;Periféricos;2026-02-17;4.0;R$ 104,87
3913;104;   tablet  ;Eletrônicos;2026-01-11;5.0;R$ 4178,28
3914;101;Cabo HDMI;;2026-01-16;3.0;R$ 195,9
3915;101;Microfone;Periféricos;2026-03-24;9.0;R$ 23,19
3916;105;Monitor;;2026-01-06;2.0;R$ 2588,07
3917;102;Headset;Periféricos;2026-03-03;9.0;R$ 97,03
3918;104;Filtro de Linha;Acessórios;2026-02-05;;R$ 311,74
3919;105;   suporte monitor  ;Móveis;2026-01-17;4.0;R$ 668,42
3920;101;Carregador;Acessórios;2026-03-04;2.0;R$ 285,06
3921;105;Filtro de Linha;Acessórios;2026-03-01;3.0;R$ 125,55
3922;102;   carregador  ;Acessórios;2026-01-25;;R$ 76,31
3923;103;Microfone;Periféricos;2026-01-10;1.0;R$ 139,13
3924;101;Câmera;Eletrônicos;2026-02-01;8.0;R$ 2315,05
3925;102;Gaveteiro;Móveis;2026-02-15;1.0;R$ 811,91
3926;104;Câmera;Eletrônicos;2026-01-18;4.0;R$ 5482,09
3927;101;Mesa de Escritório;Móveis;2026-02-11;1.0;R$ 485,26
3928;105;Filtro de Linha;Acessórios;2026-03-05;;R$ 81,84
3929;102;   mouse  ;Periféricos;2026-02-04;;R$ 267,96
3930;102;   capa protetora  ;Acessórios;2026-01-03;10.0;R$ 216,86
3931;103;   notebook  ;Eletrônicos;2026-03-16;5.0;R$ 4822,55
3932;101;Hub USB;Acessórios;2026-03-12;8.0;R$ 207,02
3933;101;   headset  ;Periféricos;2026-01-15;10.0;R$ 28,33
3934;102;Smart TV;Eletrônicos;2026-01-04;2.0;R$ 5484,93
3935;104;Carregador;Acessórios;2026-02-15;7.0;R$ 317,7
3936;104;Notebook;Eletrônicos;2026-02-02;;R$ 1520,41
3937;104;Cabo HDMI;Acessórios;2026-01-05;4.0;R$ 203,19
3938;103;   capa protetora  ;Acessórios;2026-01-15;8.0;R$ 236,85
3939;105;Mesa de Escritório;Móveis;2026-03-09;9.0;R$ 1540,86
3940;104;Mousepad;Periféricos;2026-01-20;10.0;R$ 309,21
3941;104;Monitor;Eletrônicos;2026-03-09;1.0;R$ 5003,12
3942;104;Microfone;Periféricos;2026-03-26;9.0;R$ 121,75
3943;104;   webcam  ;Periféricos;2026-03-08;6.0;R$ 258,54
3944;102;Smart TV;Eletrônicos;2026-03-18;7.0;R$ 3909,11
3945;102;   mesa de escritório  ;Móveis;2026-01-28;5.0;R$ 2268,9
3946;101;   carregador  ;Acessórios;2026-01-08;5.0;R$ 277,25
3947;103;Filtro de Linha;Acessórios;2026-02-23;6.0;R$ 78,43
3948;105;Filtro de Linha;Acessórios;2026-01-07;6.0;R$ 171,59
3949;101;Mesa de Escritório;Móveis;2026-02-28;;R$ 2354,83
3950;105;Suporte Monitor;Móveis;2026-03-11;8.0;R$ 1711,4
3951;105;   mesa de escritório  ;Móveis;2026-03-25;5.0;R$ 1132,84
3952;105;Notebook;Eletrônicos;2026-02-09;8.0;R$ 3815,9
3953;102;Filtro de Linha;Acessórios;2026-02-15;4.0;R$ 126,66
3954;104;Cadeira Gamer;Móveis;2026-02-08;1.0;R$ 434,54
3955;101;Headset;;2026-02-19;3.0;R$ 322,74
3956;105;   headset  ;Periféricos;2026-02-24;;R$ 349,22
3957;104;Mesa de Escritório;Móveis;2026-03-16;9.0;R$ 1707,9
3958;102;Câmera;Eletrônicos;2026-01-09;7.0;R$ 862,26
3959;101;Capa Protetora;Acessórios;2026-03-14;4.0;R$ 267,48
3960;102;Smart TV;Eletrônicos;2026-02-20;;R$ 2613,06
3961;104;Tablet;;2026-03-01;2.0;R$ 1305,16
3962;102;Smartphone;Eletrônicos;2026-01-01;5.0;R$ 4379,24
3963;105;Capa Protetora;Acessórios;2026-01-21;3.0;R$ 57,23
3964;103;Mesa de Escritório;Móveis;2026-02-02;8.0;R$ 1660,65
3965;104;Mesa de Escritório;Móveis;2026-01-02;2.0;R$ 929,02
3966;101;Filtro de Linha;Acessórios;2026-02-06;4.0;R$ 252,83
3967;103;Mesa de Escritório;Móveis;2026-03-23;6.0;R$ 1927,71
3968;103;Carregador;Acessórios;2026-01-25;8.0;R$ 251,77
3969;103;Gaveteiro;Móveis;2026-02-19;8.0;R$ 1752,17
3970;104;Carregador;Acessórios;2026-01-16;;R$ 257,56
3971;103;Tablet;Eletrônicos;2026-01-25;5.0;R$ 4641,35
3972;104;Monitor;Eletrônicos;2026-03-12;9.0;R$ 3773,56
3973;101;Filtro de Linha;Acessórios;2026-02-10;8.0;R$ 319,38
3974;101;Mouse;Periféricos;2026-01-03;9.0;R$ 116,02
3975;103;Smart TV;Eletrônicos;2026-01-26;3.0;R$ 4816,65
3976;105;Headset;Periféricos;2026-02-12;4.0;R$ 131,0
3977;104;Cadeira Gamer;Móveis;2026-02-24;7.0;R$ 2326,53
3978;102;Hub USB;Acessórios;2026-03-26;6.0;R$ 260,05
3979;103;Gaveteiro;Móveis;2026-02-26;;R$ 2160,54
3980;102;Mousepad;Periféricos;2026-03-25;3.0;R$ 224,98
3981;103;Teclado;Periféricos;2026-03-13;8.0;R$ 104,08
3982;101;Mouse;;2026-01-22;;R$ 132,01
3983;101;Cadeira Gamer;Móveis;2026-01-10;3.0;R$ 1212,67
3984;105;Cadeira Gamer;Móveis;2026-03-07;10.0;R$ 2215,64
3985;103;Cabo HDMI;Acessórios;2026-02-05;;R$ 266,79
3986;101;Filtro de Linha;Acessórios;2026-01-09;7.0;R$ 45,16
3987;104;Webcam;Periféricos;2026-01-21;7.0;R$ 317,64
3988;102;Tablet;Eletrônicos;2026-01-23;;R$ 1110,0
3989;102;Microfone;Periféricos;2026-03-08;1.0;R$ 186,52
3990;103;Mousepad;;2026-03-26;7.0;R$ 37,89
3991;102;   monitor  ;Eletrônicos;2026-02-18;9.0;R$ 1026,91
3992;102;Carregador;Acessórios;2026-03-24;7.0;R$ 184,56
3993;104;Gaveteiro;Móveis;2026-02-10;6.0;R$ 1066,91
3994;105;   smart tv  ;Eletrônicos;2026-02-26;5.0;R$ 1749,6
3995;101;Mousepad;Periféricos;2026-03-07;10.0;R$ 123,99
3996;102;Microfone;Periféricos;2026-01-07;2.0;R$ 87,91
3997;105;Suporte Monitor;Móveis;2026-03-26;1.0;R$ 1321,92
3998;104;Smartphone;Eletrônicos;2026-02-10;2.0;R$ 2303,18
3999;105;Carregador;Acessórios;2026-01-04;7.0;R$ 336,53
4000;102;Capa Protetora;Acessórios;2026-02-08;1.0;R$ 77,51
4001;104;Headset;Periféricos;2026-01-22;1.0;R$ 72,04
4002;105;Mousepad;Periféricos;2026-02-25;2.0;R$ 73,07
4003;105;Smart TV;Eletrônicos;2026-03-27;10.0;R$ 5282,47
4004;104;Cadeira Gamer;Móveis;2026-03-23;10.0;R$ 907,86
4005;103;Hub USB;Acessórios;2026-02-05;;R$ 292,14
4006;102;Mesa de Escritório;Móveis;2026-03-17;7.0;R$ 1390,13
4007;101;Carregador;Acessórios;2026-03-22;6.0;R$ 272,28
4008;101;Mousepad;Periféricos;2026-02-05;6.0;R$ 318,22
4009;101;Cadeira Gamer;Móveis;2026-02-16;1.0;R$ 2123,04
4010;101;Mouse;Periféricos;2026-02-04;;R$ 239,0
4011;101;Hub USB;Acessórios;2026-02-16;6.0;R$ 298,2
4012;105;   teclado  ;Periféricos;2026-03-25;7.0;R$ 181,66
4013;103;Smartphone;Eletrônicos;2026-02-17;9.0;R$ 1130,11
4014;103;Carregador;Acessórios;2026-01-28;7.0;R$ 156,81
4015;105;Mousepad;Periféricos;2026-03-08;7.0;R$ 102,79
4016;103;Câmera;Eletrônicos;2026-02-04;2.0;R$ 1829,69
4017;102;   suporte monitor  ;Móveis;2026-01-17;3.0;R$ 1121,02
4018;102;Capa Protetora;Acessórios;2026-02-28;5.0;R$ 204,15
4019;105;   gaveteiro  ;Móveis;2026-03-25;9.0;R$ 1680,44
4020;104;Mouse;Periféricos;2026-02-06;8.0;R$ 226,9
4021;102;   headset  ;;2026-03-24;2.0;R$ 159,25
4022;104;Gaveteiro;Móveis;2026-03-23;1.0;R$ 543,31
4023;101;Filtro de Linha;Acessórios;2026-02-22;1.0;R$ 296,16
4024;101;Filtro de Linha;Acessórios;2026-01-07;1.0;R$ 156,37
4025;103;Carregador;Acessórios;2026-02-13;10.0;R$ 261,37
4026;101;   tablet  ;Eletrônicos;2026-01-27;1.0;R$ 1820,31
4027;102;Mesa de Escritório;Móveis;2026-03-15;5.0;R$ 2202,72
4028;102;Headset;Periféricos;2026-02-03;2.0;R$ 203,74
4029;105;   câmera  ;Eletrônicos;2026-02-28;10.0;R$ 2348,72
4030;101;Mesa de Escritório;Móveis;2026-03-22;;R$ 1862,38
4031;101;Carregador;Acessórios;2026-03-01;4.0;R$ 230,39
4032;105;Gaveteiro;Móveis;2026-01-17;2.0;R$ 1730,1
4033;105;Suporte Monitor;;2026-01-07;4.0;R$ 2449,79
4034;105;Cadeira Gamer;Móveis;2026-01-16;6.0;R$ 781,16
4035;102;Microfone;Periféricos;2026-02-24;6.0;R$ 61,63
4036;104;   smart tv  ;Eletrônicos;2026-03-11;1.0;R$ 4622,47
4037;104;Capa Protetora;Acessórios;2026-01-15;2.0;R$ 61,51
4038;105;Cadeira Gamer;Móveis;2026-03-12;3.0;R$ 2058,51
4039;102;Câmera;Eletrônicos;2026-01-11;2.0;R$ 2099,72
4040;101;   mousepad  ;Periféricos;2026-03-03;7.0;R$ 302,85
4041;102;Microfone;Periféricos;2026-02-04;10.0;R$ 236,32
4042;101;Webcam;Periféricos;2026-02-18;5.0;R$ 211,53
4043;103;Gaveteiro;Móveis;2026-02-27;;R$ 2199,57
4044;105;Hub USB;Acessórios;2026-03-11;1.0;R$ 276,39
4045;105;   câmera  ;Eletrônicos;2026-02-20;6.0;R$ 4185,24
4046;102;Mesa de Escritório;Móveis;2026-02-26;1.0;R$ 2332,1
4047;104;Smartphone;Eletrônicos;2026-02-04;9.0;R$ 4442,51
4048;104;Smartphone;Eletrônicos;2026-01-01;3.0;R$ 936,62
4049;102;Notebook;Eletrônicos;2026-01-01;10.0;R$ 3703,69
4050;104;Mouse;Periféricos;2026-01-21;8.0;R$ 93,77
4051;104;Gaveteiro;Móveis;2026-02-01;8.0;R$ 1709,32
4052;103;Hub USB;Acessórios;2026-01-19;;R$ 181,41
4053;102;Mouse;Periféricos;2026-02-09;10.0;R$ 21,86
4054;104;Filtro de Linha;Acessórios;2026-03-22;1.0;R$ 269,17
4055;101;Headset;Periféricos;2026-01-04;3.0;R$ 339,31
4056;102;Suporte Monitor;Móveis;2026-02-25;9.0;R$ 2268,09
4057;103;Notebook;Eletrônicos;2026-02-13;2.0;R$ 4710,32
4058;101;Notebook;Eletrônicos;2026-03-22;1.0;R$ 5341,03
4059;103;Gaveteiro;Móveis;2026-02-25;4.0;R$ 1687,77
4060;105;Webcam;Periféricos;2026-03-02;9.0;R$ 219,45
4061;105;Carregador;;2026-01-17;4.0;R$ 67,34
4062;105;   mesa de escritório  ;Móveis;2026-02-21;2.0;R$ 527,84
4063;103;Cadeira Gamer;Móveis;2026-03-10;3.0;R$ 1756,03
4064;104;Câmera;Eletrônicos;2026-03-08;3.0;R$ 1960,44
4065;104;Carregador;Acessórios;2026-01-21;7.0;R$ 294,36
4066;101;Headset;Periféricos;2026-01-21;4.0;R$ 206,18
4067;104;Suporte Monitor;Móveis;2026-03-23;;R$ 346,96
4068;105;Microfone;Periféricos;2026-03-28;8.0;R$ 252,86
4069;102;Smartphone;Eletrônicos;2026-01-12;5.0;R$ 3428,43
4070;101;Smartphone;Eletrônicos;2026-03-14;1.0;R$ 2403,26
4071;101;   microfone  ;Periféricos;2026-03-18;9.0;R$ 220,24
4072;102;Hub USB;Acessórios;2026-02-09;1.0;R$ 137,98
4073;101;Mousepad;Periféricos;2026-01-13;8.0;R$ 181,31
4074;103;Filtro de Linha;Acessórios;2026-02-11;6.0;R$ 267,71
4075;105;Carregador;Acessórios;2026-02-23;6.0;R$ 51,27
4076;102;   gaveteiro  ;Móveis;2026-03-10;5.0;R$ 1791,43
4077;103;Microfone;Periféricos;2026-02-21;;R$ 209,24
4078;101;Notebook;Eletrônicos;2026-02-24;7.0;R$ 3038,72
4079;101;Gaveteiro;Móveis;2026-02-10;;R$ 1387,78
4080;105;Smart TV;Eletrônicos;2026-03-07;9.0;R$ 4255,59
4081;104;Cadeira Gamer;Móveis;2026-01-25;8.0;R$ 1004,08
4082;103;Gaveteiro;Móveis;2026-01-23;4.0;R$ 2179,04
4083;105;Mesa de Escritório;Móveis;2026-02-25;6.0;R$ 1294,55
4084;103;Capa Protetora;Acessórios;2026-03-05;7.0;R$ 83,48
4085;102;Mesa de Escritório;Móveis;2026-02-03;7.0;R$ 542,22
4086;105;Capa Protetora;Acessórios;2026-02-24;5.0;R$ 178,86
4087;102;Cabo HDMI;Acessórios;2026-01-22;9.0;R$ 133,7
4088;102;Capa Protetora;Acessórios;2026-01-19;4.0;R$ 322,94
4089;103;Câmera;;2026-01-23;4.0;R$ 1455,64
4090;104;Headset;Periféricos;2026-01-22;10.0;R$ 102,73
4091;103;Suporte Monitor;Móveis;2026-01-27;9.0;R$ 1648,42
4092;102;Tablet;Eletrônicos;2026-01-02;4.0;R$ 2431,64
4093;105;Mousepad;;2026-02-07;6.0;R$ 240,35
4094;105;Hub USB;Acessórios;2026-02-04;7.0;R$ 293,35
4095;101;Teclado;Periféricos;2026-03-26;6.0;R$ 39,7
4096;105;Gaveteiro;Móveis;2026-02-21;4.0;R$ 955,72
4097;105;Teclado;Periféricos;2026-01-19;3.0;R$ 300,84
4098;103;Carregador;Acessórios;2026-03-07;7.0;R$ 89,08
4099;103;Cabo HDMI;Acessórios;2026-01-16;3.0;R$ 265,59
4100;102;Microfone;Periféricos;2026-02-10;10.0;R$ 36,2
4101;104;Cadeira Gamer;Móveis;2026-03-03;7.0;R$ 2075,43
4102;101;Mouse;Periféricos;2026-01-23;2.0;R$ 148,1
4103;102;Suporte Monitor;Móveis;2026-02-10;;R$ 938,23
4104;104;Teclado;;2026-03-12;2.0;R$ 272,06
4105;104;Notebook;Eletrônicos;2026-02-24;7.0;R$ 4313,05
4106;104;Tablet;Eletrônicos;2026-02-19;1.0;R$ 3794,57
4107;105;Câmera;Eletrônicos;2026-02-27;3.0;R$ 5037,17
4108;104;Suporte Monitor;Móveis;2026-02-28;4.0;R$ 2166,41
4109;102;Mesa de Escritório;Móveis;2026-01-25;9.0;R$ 1558,92
4110;101;Cabo HDMI;Acessórios;2026-01-21;1.0;R$ 246,72
4111;102;Microfone;Periféricos;2026-03-01;6.0;R$ 230,77
4112;101;Suporte Monitor;Móveis;2026-01-08;4.0;R$ 2007,65
4113;103;Suporte Monitor;Móveis;2026-03-26;2.0;R$ 675,55
4114;103;Teclado;Periféricos;2026-01-27;3.0;R$ 187,52
4115;102;Smart TV;Eletrônicos;2026-03-28;6.0;R$ 1451,85
4116;101;   mousepad  ;Periféricos;2026-03-14;;R$ 130,27
4117;102;Headset;Periféricos;2026-03-20;2.0;R$ 96,46
4118;102;Cadeira Gamer;Móveis;2026-03-25;3.0;R$ 1369,96
4119;102;Webcam;Periféricos;2026-02-10;1.0;R$ 270,37
4120;102;Carregador;Acessórios;2026-02-09;4.0;R$ 216,72
4121;103;Monitor;Eletrônicos;2026-01-01;9.0;R$ 2731,17
4122;102;Webcam;Periféricos;2026-03-02;;R$ 125,38
4123;103;Cabo HDMI;Acessórios;2026-02-19;1.0;R$ 295,97
4124;104;Mouse;Periféricos;2026-01-20;1.0;R$ 179,49
4125;105;   câmera  ;Eletrônicos;2026-01-16;2.0;R$ 3076,8
4126;103;Gaveteiro;Móveis;2026-03-22;9.0;R$ 1813,17
4127;104;Mousepad;Periféricos;2026-02-25;5.0;R$ 217,63
4128;102;   carregador  ;Acessórios;2026-03-02;5.0;R$ 300,9
4129;105;Smart TV;Eletrônicos;2026-01-07;7.0;R$ 3228,76
4130;102;   cadeira gamer  ;Móveis;2026-02-07;10.0;R$ 843,55
4131;105;Gaveteiro;Móveis;2026-02-12;3.0;R$ 1817,87
4132;101;Microfone;Periféricos;2026-03-04;7.0;R$ 84,78
4133;103;Monitor;Eletrônicos;2026-02-08;8.0;R$ 2611,73
4134;105;Webcam;Periféricos;2026-01-01;4.0;R$ 335,59
4135;102;Cabo HDMI;Acessórios;2026-03-21;9.0;R$ 343,96
4136;104;Headset;Periféricos;2026-03-28;1.0;R$ 50,69
4137;103;Hub USB;Acessórios;2026-02-24;8.0;R$ 86,56
4138;103;Smart TV;Eletrônicos;2026-02-15;9.0;R$ 1118,91
4139;103;Carregador;Acessórios;2026-01-20;7.0;R$ 51,05
4140;103;Tablet;Eletrônicos;2026-02-07;7.0;R$ 3344,74
4141;105;Tablet;Eletrônicos;2026-01-23;8.0;R$ 5341,97
4142;102;Smartphone;Eletrônicos;2026-03-06;2.0;R$ 5019,86
4143;104;Câmera;Eletrônicos;2026-03-14;10.0;R$ 3564,51
4144;104;Headset;Periféricos;2026-01-04;1.0;R$ 107,02
4145;104;   cabo hdmi  ;Acessórios;2026-01-13;6.0;R$ 287,04
4146;102;Monitor;Eletrônicos;2026-02-25;9.0;R$ 3731,83
4147;102;Cadeira Gamer;Móveis;2026-03-13;1.0;R$ 1703,99
4148;105;Suporte Monitor;Móveis;2026-01-15;4.0;R$ 435,77
4149;102;   smart tv  ;Eletrônicos;2026-02-12;10.0;R$ 2696,73
4150;105;Suporte Monitor;;2026-03-23;2.0;R$ 896,16
4151;103;   smartphone  ;Eletrônicos;2026-02-14;1.0;R$ 1500,29
4152;104;Cadeira Gamer;Móveis;2026-02-25;10.0;R$ 1369,79
4153;105;Suporte Monitor;Móveis;2026-01-15;4.0;R$ 1933,81
4154;105;Headset;Periféricos;2026-01-26;10.0;R$ 178,55
4155;103;Gaveteiro;Móveis;2026-03-12;9.0;R$ 2282,94
4156;102;Cabo HDMI;Acessórios;2026-01-27;6.0;R$ 81,88
4157;105;Smartphone;Eletrônicos;2026-03-26;8.0;R$ 2960,08
4158;101;Hub USB;Acessórios;2026-01-23;1.0;R$ 104,87
4159;101;Tablet;Eletrônicos;2026-01-07;2.0;R$ 2722,34
4160;104;   smartphone  ;Eletrônicos;2026-01-05;8.0;R$ 3505,57
4161;104;Microfone;Periféricos;2026-02-01;7.0;R$ 308,2
4162;102;Câmera;Eletrônicos;2026-02-07;9.0;R$ 3374,46
4163;104;Teclado;Periféricos;2026-02-02;3.0;R$ 263,62
4164;102;   tablet  ;Eletrônicos;2026-03-10;7.0;R$ 2081,73
4165;103;Carregador;;2026-03-06;1.0;R$ 245,08
4166;101;Suporte Monitor;Móveis;2026-01-22;;R$ 1164,32
4167;104;Mouse;Periféricos;2026-01-05;1.0;R$ 289,13
4168;103;Cadeira Gamer;Móveis;2026-02-08;3.0;R$ 910,98
4169;104;   mesa de escritório  ;Móveis;2026-02-08;3.0;R$ 2379,1
4170;105;Tablet;Eletrônicos;2026-03-03;4.0;R$ 5387,19
4171;102;Monitor;Eletrônicos;2026-02-25;8.0;R$ 4829,11
4172;103;Suporte Monitor;Móveis;2026-02-05;7.0;R$ 542,47
4173;103;Gaveteiro;Móveis;2026-01-12;3.0;R$ 1670,37
4174;103;Cadeira Gamer;Móveis;2026-01-25;4.0;R$ 1056,08
4175;105;Filtro de Linha;Acessórios;2026-02-18;7.0;R$ 216,91
4176;101;Filtro de Linha;Acessórios;2026-02-22;;R$ 40,76
4177;104;   cadeira gamer  ;Móveis;2026-03-07;8.0;R$ 2230,49
4178;102;Filtro de Linha;Acessórios;2026-02-25;5.0;R$ 286,39
4179;105;Carregador;Acessórios;2026-03-06;2.0;R$ 85,13
4180;104;   tablet  ;Eletrônicos;2026-01-23;7.0;R$ 4419,1
4181;103;Cabo HDMI;Acessórios;2026-03-22;9.0;R$ 51,28
4182;101;Webcam;;2026-03-15;2.0;R$ 223,09
4183;105;Mesa de Escritório;Móveis;2026-02-25;5.0;R$ 1518,37
4184;101;   mousepad  ;;2026-03-04;8.0;R$ 268,85
4185;101;Cadeira Gamer;;2026-02-28;9.0;R$ 391,96
4186;101;Cadeira Gamer;Móveis;2026-03-27;2.0;R$ 1828,73
4187;102;Gaveteiro;Móveis;2026-03-19;1.0;R$ 1696,48
4188;101;Carregador;Acessórios;2026-03-10;7.0;R$ 27,27
4189;103;Carregador;Acessórios;2026-02-25;5.0;R$ 67,58
4190;103;Mousepad;Periféricos;2026-01-02;8.0;R$ 290,02
4191;103;   cadeira gamer  ;Móveis;2026-01-13;1.0;R$ 2196,35
4192;103;Hub USB;Acessórios;2026-02-22;6.0;R$ 183,49
4193;103;Capa Protetora;Acessórios;2026-03-04;4.0;R$ 27,49
4194;103;   webcam  ;Periféricos;2026-03-22;7.0;R$ 115,93
4195;104;Microfone;Periféricos;2026-03-19;6.0;R$ 82,71
4196;101;Filtro de Linha;Acessórios;2026-02-24;9.0;R$ 322,76
4197;101;Microfone;Periféricos;2026-03-12;6.0;R$ 181,7
4198;101;Mesa de Escritório;Móveis;2026-03-08;;R$ 2245,93
4199;103;   microfone  ;Periféricos;2026-03-16;9.0;R$ 195,03
4200;102;Smartphone;Eletrônicos;2026-03-13;6.0;R$ 2590,19
4201;104;Mousepad;Periféricos;2026-02-23;3.0;R$ 65,82
4202;104;Mesa de Escritório;Móveis;2026-02-04;9.0;R$ 752,89
4203;103;Capa Protetora;Acessórios;2026-03-25;1.0;R$ 73,13
4204;102;Notebook;Eletrônicos;2026-02-16;;R$ 3986,34
4205;101;Microfone;Periféricos;2026-02-22;10.0;R$ 114,47
4206;103;Câmera;Eletrônicos;2026-02-23;;R$ 3720,04
4207;101;Carregador;Acessórios;2026-02-28;10.0;R$ 230,26
4208;103;Carregador;Acessórios;2026-03-21;3.0;R$ 267,88
4209;101;Cadeira Gamer;Móveis;2026-03-08;9.0;R$ 850,71
4210;101;Câmera;Eletrônicos;2026-03-15;8.0;R$ 4144,38
4211;102;Mesa de Escritório;Móveis;2026-01-11;4.0;R$ 1601,24
4212;103;Carregador;Acessórios;2026-02-25;3.0;R$ 170,48
4213;102;Câmera;Eletrônicos;2026-03-17;;R$ 1677,5
4214;104;Monitor;Eletrônicos;2026-03-13;4.0;R$ 3296,85
4215;104;Mesa de Escritório;Móveis;2026-01-25;5.0;R$ 1316,67
4216;105;Headset;Periféricos;2026-03-17;10.0;R$ 122,65
4217;102;Webcam;Periféricos;2026-02-08;;R$ 232,92
4218;103;Cabo HDMI;Acessórios;2026-02-23;8.0;R$ 215,38
4219;104;Smart TV;Eletrônicos;2026-03-17;7.0;R$ 1811,67
4220;105;Suporte Monitor;Móveis;2026-03-11;10.0;R$ 597,15
4221;104;Teclado;Periféricos;2026-03-11;1.0;R$ 48,84
4222;104;Mousepad;Periféricos;2026-03-07;9.0;R$ 322,04
4223;105;Carregador;Acessórios;2026-03-03;8.0;R$ 202,81
4224;101;Smart TV;Eletrônicos;2026-03-21;;R$ 909,23
4225;104;Capa Protetora;Acessórios;2026-01-13;3.0;R$ 125,51
4226;103;Smart TV;Eletrônicos;2026-03-13;8.0;R$ 1261,33
4227;105;Notebook;Eletrônicos;2026-03-09;6.0;R$ 3219,77
4228;102;   hub usb  ;Acessórios;2026-03-23;10.0;R$ 336,34
4229;103;   mouse  ;Periféricos;2026-02-04;8.0;R$ 61,02
4230;102;Mesa de Escritório;Móveis;2026-01-11;4.0;R$ 2378,0
4231;104;Filtro de Linha;Acessórios;2026-02-24;3.0;R$ 148,04
4232;103;   monitor  ;Eletrônicos;2026-03-03;1.0;R$ 2207,92
4233;101;   carregador  ;Acessórios;2026-01-21;;R$ 306,26
4234;105;Smartphone;Eletrônicos;2026-02-13;7.0;R$ 4970,73
4235;103;Filtro de Linha;Acessórios;2026-03-03;8.0;R$ 59,5
4236;104;Capa Protetora;Acessórios;2026-03-26;4.0;R$ 278,27
4237;102;Capa Protetora;Acessórios;2026-02-23;3.0;R$ 311,58
4238;104;   filtro de linha  ;Acessórios;2026-02-24;1.0;R$ 176,6
4239;104;Webcam;Periféricos;2026-03-08;10.0;R$ 118,19
4240;104;Monitor;Eletrônicos;2026-03-13;2.0;R$ 2023,45
4241;104;Mouse;Periféricos;2026-03-13;3.0;R$ 304,01
4242;103;Webcam;Periféricos;2026-01-19;6.0;R$ 41,0
4243;104;Mouse;Periféricos;2026-01-21;7.0;R$ 86,28
4244;101;Cadeira Gamer;Móveis;2026-02-09;1.0;R$ 1279,73
4245;101;Cadeira Gamer;Móveis;2026-01-07;6.0;R$ 1983,33
4246;104;Webcam;Periféricos;2026-02-12;3.0;R$ 179,3
4247;103;Carregador;Acessórios;2026-02-16;1.0;R$ 130,43
4248;101;Cabo HDMI;Acessórios;2026-01-23;10.0;R$ 323,58
4249;103;Mesa de Escritório;Móveis;2026-02-01;1.0;R$ 1745,09
4250;101;Teclado;Periféricos;2026-02-17;10.0;R$ 84,36
4251;102;Capa Protetora;Acessórios;2026-03-10;2.0;R$ 138,7
4252;101;Mesa de Escritório;Móveis;2026-03-21;6.0;R$ 438,87
4253;104;Hub USB;Acessórios;2026-02-18;10.0;R$ 71,65
4254;105;   gaveteiro  ;Móveis;2026-03-01;7.0;R$ 728,91
4255;102;Teclado;Periféricos;2026-02-05;9.0;R$ 301,77
4256;102;Gaveteiro;Móveis;2026-02-16;3.0;R$ 1203,18
4257;104;Suporte Monitor;Móveis;2026-02-02;8.0;R$ 1805,79
4258;101;Cadeira Gamer;Móveis;2026-03-18;1.0;R$ 2356,19
4259;103;   câmera  ;Eletrônicos;2026-03-11;;R$ 1322,24
4260;105;Carregador;Acessórios;2026-03-16;5.0;R$ 103,7
4261;105;Carregador;Acessórios;2026-01-27;7.0;R$ 279,32
4262;102;Headset;Periféricos;2026-02-15;5.0;R$ 265,44
4263;105;   teclado  ;Periféricos;2026-03-14;3.0;R$ 185,66
4264;102;Hub USB;Acessórios;2026-01-18;8.0;R$ 100,81
4265;101;Cadeira Gamer;Móveis;2026-02-21;1.0;R$ 855,5
4266;105;Filtro de Linha;Acessórios;2026-03-03;5.0;R$ 137,28
4267;104;Cabo HDMI;Acessórios;2026-03-18;6.0;R$ 211,6
4268;104;Mousepad;Periféricos;2026-02-12;4.0;R$ 222,62
4269;103;Suporte Monitor;Móveis;2026-02-04;4.0;R$ 549,11
4270;103;Cabo HDMI;Acessórios;2026-02-08;10.0;R$ 125,64
4271;103;Mousepad;Periféricos;2026-03-06;2.0;R$ 66,73
4272;104;Smart TV;Eletrônicos;2026-01-18;10.0;R$ 4713,25
4273;105;Teclado;Periféricos;2026-03-06;10.0;R$ 33,36
4274;101;Suporte Monitor;Móveis;2026-02-24;2.0;R$ 1263,93
4275;103;Smart TV;Eletrônicos;2026-01-09;5.0;R$ 5150,12
4276;104;Monitor;Eletrônicos;2026-01-20;4.0;R$ 1960,73
4277;104;Mesa de Escritório;Móveis;2026-01-12;4.0;R$ 2228,92
4278;105;Smart TV;Eletrônicos;2026-02-26;3.0;R$ 3167,71
4279;101;   capa protetora  ;Acessórios;2026-02-25;6.0;R$ 228,85
4280;104;Mousepad;Periféricos;2026-02-08;1.0;R$ 214,04
4281;105;Mousepad;Periféricos;2026-02-14;1.0;R$ 207,84
4282;103;Cadeira Gamer;;2026-01-22;5.0;R$ 910,37
4283;105;Filtro de Linha;Acessórios;2026-03-24;;R$ 246,47
4284;102;   mousepad  ;Periféricos;2026-02-05;8.0;R$ 190,54
4285;105;Cadeira Gamer;Móveis;2026-03-12;;R$ 1399,73
4286;105;Filtro de Linha;Acessórios;2026-02-26;6.0;R$ 202,69
4287;105;Cabo HDMI;Acessórios;2026-03-22;9.0;R$ 120,37
4288;105;Tablet;Eletrônicos;2026-01-24;7.0;R$ 2392,04
4289;105;Cadeira Gamer;Móveis;2026-02-24;1.0;R$ 1068,24
4290;104;Filtro de Linha;Acessórios;2026-01-25;3.0;R$ 196,46
4291;101;Mousepad;Periféricos;2026-03-11;4.0;R$ 168,43
4292;103;Headset;Periféricos;2026-01-08;8.0;R$ 54,13
4293;102;Smart TV;Eletrônicos;2026-02-17;4.0;R$ 956,69
4294;104;   smartphone  ;Eletrônicos;2026-02-06;4.0;R$ 3317,93
4295;104;Carregador;Acessórios;2026-02-12;10.0;R$ 137,39
4296;103;   cadeira gamer  ;Móveis;2026-01-11;8.0;R$ 1359,06
4297;101;   headset  ;Periféricos;2026-03-27;9.0;R$ 234,83
4298;105;Suporte Monitor;Móveis;2026-03-15;3.0;R$ 764,71
4299;104;   mouse  ;Periféricos;2026-03-01;3.0;R$ 115,08
4300;101;Hub USB;Acessórios;2026-03-08;;R$ 154,0
4301;101;   tablet  ;Eletrônicos;2026-03-12;;R$ 5355,27
4302;103;   hub usb  ;Acessórios;2026-01-02;1.0;R$ 307,65
4303;105;   teclado  ;Periféricos;2026-03-16;1.0;R$ 154,03
4304;104;Suporte Monitor;Móveis;2026-03-08;6.0;R$ 1261,61
4305;105;   câmera  ;Eletrônicos;2026-01-26;7.0;R$ 1792,48
4306;102;Suporte Monitor;;2026-02-25;;R$ 2315,87
4307;102;Cadeira Gamer;Móveis;2026-02-28;3.0;R$ 873,4
4308;104;Filtro de Linha;Acessórios;2026-03-20;1.0;R$ 274,24
4309;105;Tablet;Eletrônicos;2026-03-28;9.0;R$ 4878,57
4310;102;Cadeira Gamer;Móveis;2026-02-01;10.0;R$ 1128,26
4311;104;Mouse;Periféricos;2026-02-27;1.0;R$ 334,29
4312;104;Monitor;Eletrônicos;2026-01-08;9.0;R$ 2182,07
4313;103;Notebook;Eletrônicos;2026-02-09;6.0;R$ 2027,21
4314;102;Monitor;Eletrônicos;2026-02-08;7.0;R$ 1307,62
4315;102;Webcam;Periféricos;2026-02-16;10.0;R$ 330,8
4316;105;Cabo HDMI;Acessórios;2026-02-08;4.0;R$ 49,55
4317;101;   mesa de escritório  ;Móveis;2026-02-27;2.0;R$ 883,12
4318;104;Cadeira Gamer;Móveis;2026-02-09;2.0;R$ 1113,95
4319;105;Webcam;Periféricos;2026-02-24;10.0;R$ 114,32
4320;105;Monitor;Eletrônicos;2026-03-27;8.0;R$ 3421,21
4321;102;Smart TV;Eletrônicos;2026-01-26;9.0;R$ 4597,48
4322;102;Mesa de Escritório;Móveis;2026-02-22;7.0;R$ 305,35
4323;103;Hub USB;Acessórios;2026-02-01;3.0;R$ 163,66
4324;103;Suporte Monitor;Móveis;2026-02-03;9.0;R$ 734,41
4325;101;Webcam;Periféricos;2026-02-04;6.0;R$ 133,74
4326;102;   mesa de escritório  ;Móveis;2026-02-11;1.0;R$ 1109,14
4327;103;Microfone;Periféricos;2026-01-15;3.0;R$ 175,37
4328;102;Mousepad;Periféricos;2026-03-04;4.0;R$ 69,98
4329;104;Mousepad;Periféricos;2026-02-24;7.0;R$ 164,86
4330;105;Smart TV;Eletrônicos;2026-03-28;5.0;R$ 4382,89
4331;103;Webcam;Periféricos;2026-02-09;10.0;R$ 221,49
4332;104;   microfone  ;Periféricos;2026-02-14;9.0;R$ 106,01
4333;103;Mousepad;Periféricos;2026-03-14;8.0;R$ 233,24
4334;104;Câmera;Eletrônicos;2026-03-25;4.0;R$ 4909,19
4335;103;Monitor;Eletrônicos;2026-03-22;9.0;R$ 1841,56
4336;101;   notebook  ;Eletrônicos;2026-02-13;;R$ 3340,59
4337;101;Smart TV;Eletrônicos;2026-01-17;9.0;R$ 4731,78
4338;102;Notebook;Eletrônicos;2026-02-09;4.0;R$ 3447,83
4339;103;Tablet;Eletrônicos;2026-03-26;2.0;R$ 901,0
4340;102;Microfone;Periféricos;2026-02-12;;R$ 115,6
4341;102;   headset  ;Periféricos;2026-02-18;10.0;R$ 63,5
4342;105;   mousepad  ;Periféricos;2026-03-04;4.0;R$ 131,33
4343;103;Notebook;Eletrônicos;2026-02-28;8.0;R$ 4768,45
4344;104;Microfone;Periféricos;2026-03-17;2.0;R$ 32,27
4345;104;Carregador;Acessórios;2026-02-02;9.0;R$ 90,76
4346;102;Tablet;Eletrônicos;2026-01-15;4.0;R$ 3013,91
4347;101;   mesa de escritório  ;Móveis;2026-03-01;4.0;R$ 1662,07
4348;101;Gaveteiro;Móveis;2026-01-13;1.0;R$ 1361,23
4349;104;Suporte Monitor;Móveis;2026-03-15;10.0;R$ 1451,56
4350;102;Mousepad;Periféricos;2026-01-18;2.0;R$ 313,62
4351;102;Teclado;;2026-03-15;3.0;R$ 338,14
4352;102;Gaveteiro;Móveis;2026-02-10;4.0;R$ 1709,94
4353;105;Gaveteiro;Móveis;2026-03-02;1.0;R$ 1346,21
4354;103;Filtro de Linha;Acessórios;2026-02-14;10.0;R$ 295,83
4355;103;Tablet;;2026-02-18;4.0;R$ 3336,41
4356;104;Smart TV;Eletrônicos;2026-03-02;4.0;R$ 1343,18
4357;102;Cadeira Gamer;Móveis;2026-02-07;4.0;R$ 820,25
4358;104;Cadeira Gamer;Móveis;2026-01-02;;R$ 987,24
4359;102;   mesa de escritório  ;Móveis;2026-01-28;7.0;R$ 666,04
4360;105;Mouse;Periféricos;2026-02-24;5.0;R$ 63,05
4361;101;Cabo HDMI;;2026-02-02;9.0;R$ 334,63
4362;104;Smart TV;;2026-03-10;6.0;R$ 2986,02
4363;105;Cadeira Gamer;Móveis;2026-03-03;;R$ 2271,17
4364;103;Carregador;Acessórios;2026-01-21;6.0;R$ 71,91
4365;101;Carregador;Acessórios;2026-01-12;3.0;R$ 107,03
4366;102;Carregador;;2026-01-02;7.0;R$ 156,69
4367;102;Headset;Periféricos;2026-02-15;8.0;R$ 114,89
4368;101;Hub USB;Acessórios;2026-01-05;3.0;R$ 255,41
4369;104;Mesa de Escritório;Móveis;2026-02-04;6.0;R$ 1459,23
4370;105;Smartphone;Eletrônicos;2026-03-18;4.0;R$ 1263,58
4371;101;Tablet;Eletrônicos;2026-01-24;5.0;R$ 1345,24
4372;103;Gaveteiro;Móveis;2026-02-07;2.0;R$ 2313,68
4373;104;Cadeira Gamer;Móveis;2026-03-01;7.0;R$ 1185,03
4374;101;Gaveteiro;Móveis;2026-03-27;;R$ 722,52
4375;101;   carregador  ;Acessórios;2026-01-15;1.0;R$ 147,69
4376;102;   filtro de linha  ;Acessórios;2026-03-08;2.0;R$ 239,34
4377;102;   monitor  ;Eletrônicos;2026-02-16;10.0;R$ 2589,2
4378;101;   câmera  ;Eletrônicos;2026-03-24;6.0;R$ 2166,62
4379;104;Headset;Periféricos;2026-01-04;7.0;R$ 307,12
4380;101;Tablet;Eletrônicos;2026-02-11;5.0;R$ 3896,73
4381;105;   teclado  ;Periféricos;2026-01-27;1.0;R$ 232,59
4382;101;Smartphone;Eletrônicos;2026-03-09;7.0;R$ 1057,63
4383;103;Câmera;Eletrônicos;2026-03-11;10.0;R$ 1499,4
4384;102;Smartphone;Eletrônicos;2026-02-14;5.0;R$ 2326,33
4385;103;Cadeira Gamer;Móveis;2026-02-02;6.0;R$ 1720,26
4386;104;Monitor;Eletrônicos;2026-03-22;5.0;R$ 3811,61
4387;101;Capa Protetora;Acessórios;2026-03-28;1.0;R$ 230,86
4388;103;Carregador;Acessórios;2026-01-04;9.0;R$ 284,24
4389;103;Suporte Monitor;Móveis;2026-02-10;8.0;R$ 828,98
4390;105;Filtro de Linha;Acessórios;2026-02-25;;R$ 177,68
4391;102;   mesa de escritório  ;Móveis;2026-01-22;8.0;R$ 2053,44
4392;105;Mousepad;Periféricos;2026-01-03;2.0;R$ 191,05
4393;103;Câmera;Eletrônicos;2026-03-12;3.0;R$ 3453,9
4394;101;Gaveteiro;Móveis;2026-03-05;9.0;R$ 448,33
4395;105;Smartphone;Eletrônicos;2026-01-24;10.0;R$ 3646,34
4396;101;Smart TV;Eletrônicos;2026-02-28;5.0;R$ 965,6
4397;104;Microfone;Periféricos;2026-02-17;10.0;R$ 28,56
4398;101;Capa Protetora;Acessórios;2026-01-03;2.0;R$ 69,53
4399;103;Webcam;Periféricos;2026-01-25;3.0;R$ 89,19
4400;104;Headset;Periféricos;2026-01-27;4.0;R$ 191,3
4401;104;Microfone;Periféricos;2026-02-23;2.0;R$ 336,13
4402;104;Filtro de Linha;Acessórios;2026-01-07;6.0;R$ 234,68
4403;101;Mesa de Escritório;Móveis;2026-01-20;5.0;R$ 707,3
4404;101;Gaveteiro;Móveis;2026-01-20;10.0;R$ 932,47
4405;105;Microfone;Periféricos;2026-02-08;1.0;R$ 304,96
4406;105;Carregador;Acessórios;2026-03-26;10.0;R$ 93,83
4407;104;Gaveteiro;Móveis;2026-01-08;;R$ 1887,65
4408;101;   webcam  ;Periféricos;2026-01-03;4.0;R$ 125,8
4409;102;Notebook;Eletrônicos;2026-01-16;6.0;R$ 1682,3
4410;103;   capa protetora  ;Acessórios;2026-02-17;5.0;R$ 254,78
4411;102;Teclado;Periféricos;2026-01-02;9.0;R$ 179,75
4412;104;   câmera  ;Eletrônicos;2026-03-10;4.0;R$ 3548,4
4413;105;   gaveteiro  ;Móveis;2026-03-07;8.0;R$ 1659,53
4414;105;Teclado;Periféricos;2026-02-21;1.0;R$ 190,24
4415;101;Cadeira Gamer;Móveis;2026-03-08;2.0;R$ 2335,9
4416;105;Webcam;Periféricos;2026-01-07;8.0;R$ 230,52
4417;102;Notebook;Eletrônicos;2026-01-26;4.0;R$ 2893,32
4418;103;Suporte Monitor;;2026-02-01;8.0;R$ 2183,91
4419;102;Suporte Monitor;Móveis;2026-03-17;9.0;R$ 586,37
4420;101;Câmera;Eletrônicos;2026-03-26;3.0;R$ 3453,86
4421;102;Gaveteiro;Móveis;2026-02-19;9.0;R$ 1980,29
4422;102;Cabo HDMI;Acessórios;2026-02-14;5.0;R$ 53,1
4423;101;Cabo HDMI;Acessórios;2026-02-14;7.0;R$ 244,75
4424;104;   teclado  ;Periféricos;2026-01-04;;R$ 280,29
4425;101;Suporte Monitor;Móveis;2026-03-08;1.0;R$ 1608,93
4426;103;Monitor;Eletrônicos;2026-02-16;10.0;R$ 1162,72
4427;105;Mouse;Periféricos;2026-02-04;9.0;R$ 211,63
4428;103;Mouse;Periféricos;2026-02-05;2.0;R$ 149,08
4429;102;Gaveteiro;Móveis;2026-03-09;8.0;R$ 836,44
4430;104;Mesa de Escritório;Móveis;2026-03-22;10.0;R$ 352,97
4431;104;   monitor  ;Eletrônicos;2026-01-27;8.0;R$ 5437,08
4432;103;Capa Protetora;Acessórios;2026-03-20;1.0;R$ 299,55
4433;105;Smart TV;Eletrônicos;2026-03-25;7.0;R$ 3336,15
4434;103;Hub USB;Acessórios;2026-03-15;9.0;R$ 277,33
4435;102;Tablet;Eletrônicos;2026-02-02;6.0;R$ 5049,67
4436;103;Carregador;Acessórios;2026-02-01;;R$ 279,73
4437;103;Mouse;Periféricos;2026-01-03;4.0;R$ 311,81
4438;103;Smartphone;Eletrônicos;2026-03-16;1.0;R$ 3483,28
4439;104;   suporte monitor  ;Móveis;2026-03-09;;R$ 2447,8
4440;103;Hub USB;Acessórios;2026-02-09;10.0;R$ 172,45
4441;105;Hub USB;Acessórios;2026-01-12;7.0;R$ 26,25
4442;103;   carregador  ;Acessórios;2026-01-11;;R$ 159,28
4443;104;Cadeira Gamer;Móveis;2026-01-17;2.0;R$ 675,4
4444;102;Cadeira Gamer;;2026-03-22;2.0;R$ 1109,9
4445;103;Smartphone;Eletrônicos;2026-01-25;8.0;R$ 2006,6
4446;104;Filtro de Linha;Acessórios;2026-01-21;1.0;R$ 247,96
4447;102;   smart tv  ;Eletrônicos;2026-02-13;8.0;R$ 1072,18
4448;105;Suporte Monitor;Móveis;2026-02-13;10.0;R$ 1222,72
4449;102;Suporte Monitor;Móveis;2026-01-22;9.0;R$ 801,45
4450;102;Filtro de Linha;Acessórios;2026-02-24;5.0;R$ 273,25
4451;105;Hub USB;Acessórios;2026-03-03;5.0;R$ 322,1
4452;103;Notebook;Eletrônicos;2026-03-22;5.0;R$ 2607,1
4453;104;Webcam;Periféricos;2026-01-21;5.0;R$ 204,92
4454;104;Mousepad;Periféricos;2026-02-22;8.0;R$ 157,96
4455;104;Tablet;Eletrônicos;2026-01-09;3.0;R$ 2447,87
4456;104;Webcam;Periféricos;2026-03-15;5.0;R$ 165,71
4457;104;Câmera;Eletrônicos;2026-03-03;10.0;R$ 1366,31
4458;103;Headset;Periféricos;2026-03-22;10.0;R$ 89,5
4459;101;Gaveteiro;Móveis;2026-02-11;10.0;R$ 556,91
4460;102;Carregador;Acessórios;2026-01-22;5.0;R$ 302,39
4461;101;   cadeira gamer  ;Móveis;2026-02-26;8.0;R$ 2160,91
4462;103;Câmera;Eletrônicos;2026-01-12;6.0;R$ 5324,74
4463;105;Gaveteiro;Móveis;2026-02-05;6.0;R$ 1156,77
4464;103;Suporte Monitor;Móveis;2026-02-24;6.0;R$ 1860,94
4465;104;Teclado;Periféricos;2026-02-23;;R$ 340,61
4466;105;Mesa de Escritório;Móveis;2026-01-22;8.0;R$ 653,21
4467;102;Carregador;Acessórios;2026-03-11;9.0;R$ 310,64
4468;103;Microfone;Periféricos;2026-03-14;7.0;R$ 27,54
4469;101;Mousepad;Periféricos;2026-02-22;5.0;R$ 107,19
4470;103;   microfone  ;Periféricos;2026-02-02;1.0;R$ 336,97
4471;103;   mousepad  ;Periféricos;2026-02-28;8.0;R$ 244,65
4472;103;Smart TV;Eletrônicos;2026-01-13;4.0;R$ 5240,77
4473;104;Headset;Periféricos;2026-03-06;6.0;R$ 31,9
4474;104;Smartphone;;2026-03-17;3.0;R$ 1778,35
4475;102;Microfone;Periféricos;2026-02-27;10.0;R$ 26,07
4476;102;Capa Protetora;;2026-03-06;;R$ 225,76
4477;105;   cadeira gamer  ;Móveis;2026-01-21;3.0;R$ 1559,2
4478;101;Smart TV;Eletrônicos;2026-01-18;8.0;R$ 5469,43
4479;105;Cadeira Gamer;Móveis;2026-01-21;3.0;R$ 360,49
4480;101;Gaveteiro;Móveis;2026-02-22;7.0;R$ 1721,87
4481;103;Webcam;Periféricos;2026-03-07;8.0;R$ 137,89
4482;102;Gaveteiro;Móveis;2026-01-16;8.0;R$ 830,91
4483;102;Câmera;Eletrônicos;2026-01-28;8.0;R$ 3032,02
4484;105;Mouse;Periféricos;2026-02-06;6.0;R$ 35,37
4485;104;Headset;Periféricos;2026-03-21;5.0;R$ 242,94
4486;104;Carregador;Acessórios;2026-03-08;9.0;R$ 310,3
4487;101;Webcam;Periféricos;2026-02-15;3.0;R$ 187,12
4488;105;Notebook;Eletrônicos;2026-02-01;8.0;R$ 2583,18
4489;105;Hub USB;Acessórios;2026-01-27;5.0;R$ 53,11
4490;101;   mouse  ;Periféricos;2026-02-01;5.0;R$ 45,57
4491;101;Webcam;Periféricos;2026-02-08;4.0;R$ 170,61
4492;105;Tablet;Eletrônicos;2026-03-13;4.0;R$ 4561,71
4493;102;Câmera;Eletrônicos;2026-01-01;2.0;R$ 4180,6
4494;102;Monitor;Eletrônicos;2026-02-02;1.0;R$ 4202,33
4495;103;   mouse  ;Periféricos;2026-02-12;7.0;R$ 334,02
4496;101;   filtro de linha  ;Acessórios;2026-02-07;4.0;R$ 295,16
4497;101;Câmera;Eletrônicos;2026-02-19;;R$ 2744,54
4498;102;Microfone;Periféricos;2026-03-09;1.0;R$ 344,33
4499;103;Carregador;Acessórios;2026-01-06;6.0;R$ 302,21
4500;101;Gaveteiro;Móveis;2026-01-03;;R$ 1864,68
4501;103;Notebook;Eletrônicos;2026-02-24;4.0;R$ 5136,8
4502;104;Monitor;Eletrônicos;2026-02-13;10.0;R$ 4468,16
4503;104;Capa Protetora;Acessórios;2026-02-14;1.0;R$ 299,62
4504;104;Headset;Periféricos;2026-02-12;1.0;R$ 296,34
4505;101;Capa Protetora;Acessórios;2026-02-22;9.0;R$ 156,96
4506;103;Câmera;Eletrônicos;2026-03-06;8.0;R$ 4452,73
4507;101;Cabo HDMI;Acessórios;2026-02-18;1.0;R$ 332,59
4508;103;Cabo HDMI;Acessórios;2026-03-06;7.0;R$ 182,33
4509;101;   suporte monitor  ;Móveis;2026-03-10;2.0;R$ 2285,08
4510;103;   microfone  ;Periféricos;2026-02-16;;R$ 194,91
4511;103;Monitor;Eletrônicos;2026-02-22;9.0;R$ 3892,25
4512;103;   cabo hdmi  ;Acessórios;2026-02-05;5.0;R$ 40,71
4513;102;Smartphone;;2026-02-22;9.0;R$ 1169,4
4514;103;Mousepad;Periféricos;2026-02-19;8.0;R$ 70,87
4515;104;   carregador  ;Acessórios;2026-03-04;1.0;R$ 123,25
4516;101;Smartphone;Eletrônicos;2026-02-01;2.0;R$ 4032,72
4517;105;Notebook;Eletrônicos;2026-02-16;9.0;R$ 1976,98
4518;104;   smart tv  ;Eletrônicos;2026-03-14;;R$ 3066,43
4519;101;   teclado  ;Periféricos;2026-03-25;4.0;R$ 118,8
4520;105;Mouse;Periféricos;2026-02-06;8.0;R$ 334,18
4521;102;Carregador;Acessórios;2026-02-26;1.0;R$ 315,45
4522;101;Suporte Monitor;Móveis;2026-02-23;8.0;R$ 1681,71
4523;105;Notebook;Eletrônicos;2026-01-22;3.0;R$ 2408,54
4524;104;Câmera;Eletrônicos;2026-01-28;9.0;R$ 3336,67
4525;101;Filtro de Linha;Acessórios;2026-03-02;7.0;R$ 257,03
4526;103;Cadeira Gamer;Móveis;2026-02-04;7.0;R$ 1263,85
4527;102;Hub USB;Acessórios;2026-03-28;7.0;R$ 324,82
4528;102;   mesa de escritório  ;Móveis;2026-02-17;8.0;R$ 713,62
4529;103;Suporte Monitor;Móveis;2026-01-26;9.0;R$ 2487,17
4530;105;Capa Protetora;Acessórios;2026-02-27;4.0;R$ 291,38
4531;101;Microfone;Periféricos;2026-02-04;1.0;R$ 344,14
4532;103;Mesa de Escritório;;2026-03-25;;R$ 809,16
4533;102;Gaveteiro;Móveis;2026-01-23;9.0;R$ 1640,28
4534;104;Mesa de Escritório;Móveis;2026-02-12;10.0;R$ 2052,96
4535;101;   mesa de escritório  ;Móveis;2026-01-09;8.0;R$ 332,46
4536;104;Hub USB;;2026-02-04;4.0;R$ 21,45
4537;101;Smart TV;Eletrônicos;2026-03-11;8.0;R$ 2343,5
4538;101;Mesa de Escritório;Móveis;2026-02-10;1.0;R$ 1142,18
4539;104;Headset;Periféricos;2026-02-08;3.0;R$ 24,34
4540;103;Cadeira Gamer;Móveis;2026-01-07;6.0;R$ 645,4
4541;105;Hub USB;Acessórios;2026-01-24;6.0;R$ 60,29
4542;105;   cadeira gamer  ;Móveis;2026-03-01;6.0;R$ 1947,05
4543;101;Hub USB;Acessórios;2026-03-02;5.0;R$ 262,54
4544;102;Teclado;Periféricos;2026-02-14;10.0;R$ 67,98
4545;105;Gaveteiro;Móveis;2026-01-17;8.0;R$ 2142,2
4546;103;Teclado;Periféricos;2026-03-02;7.0;R$ 342,99
4547;104;Monitor;Eletrônicos;2026-02-27;2.0;R$ 1756,85
4548;102;Cadeira Gamer;Móveis;2026-03-08;7.0;R$ 1156,62
4549;104;Mesa de Escritório;Móveis;2026-01-22;5.0;R$ 2282,48
4550;103;Gaveteiro;Móveis;2026-03-25;2.0;R$ 1109,95
4551;103;Filtro de Linha;Acessórios;2026-03-04;9.0;R$ 167,76
4552;102;Microfone;Periféricos;2026-01-05;4.0;R$ 22,59
4553;102;Mouse;;2026-03-19;7.0;R$ 21,34
4554;102;Cabo HDMI;Acessórios;2026-02-01;1.0;R$ 276,81
4555;104;Capa Protetora;Acessórios;2026-02-15;1.0;R$ 287,89
4556;104;   gaveteiro  ;Móveis;2026-03-17;10.0;R$ 1220,62
4557;102;Filtro de Linha;Acessórios;2026-03-02;9.0;R$ 275,63
4558;101;Cabo HDMI;Acessórios;2026-01-20;10.0;R$ 198,86
4559;104;Cadeira Gamer;Móveis;2026-03-23;;R$ 604,94
4560;104;Mousepad;Periféricos;2026-02-17;3.0;R$ 186,81
4561;105;   cabo hdmi  ;Acessórios;2026-01-13;7.0;R$ 301,66
4562;102;Capa Protetora;Acessórios;2026-01-10;3.0;R$ 141,93
4563;101;Capa Protetora;Acessórios;2026-01-22;8.0;R$ 216,94
4564;105;Capa Protetora;Acessórios;2026-02-01;4.0;R$ 60,69
4565;101;Suporte Monitor;Móveis;2026-02-17;;R$ 1512,16
4566;105;Teclado;Periféricos;2026-02-14;6.0;R$ 197,93
4567;102;Cabo HDMI;Acessórios;2026-01-04;4.0;R$ 43,18
4568;104;Hub USB;Acessórios;2026-01-11;10.0;R$ 311,77
4569;101;Capa Protetora;Acessórios;2026-01-27;4.0;R$ 166,89
4570;102;   cabo hdmi  ;Acessórios;2026-01-14;;R$ 194,08
4571;103;Capa Protetora;Acessórios;2026-03-04;4.0;R$ 228,47
4572;102;Smartphone;Eletrônicos;2026-03-11;7.0;R$ 5416,27
4573;103;Teclado;Periféricos;2026-01-16;9.0;R$ 72,49
4574;105;Carregador;Acessórios;2026-02-05;1.0;R$ 194,2
4575;103;Hub USB;Acessórios;2026-01-25;2.0;R$ 129,58
4576;101;Capa Protetora;Acessórios;2026-03-11;7.0;R$ 133,17
4577;103;Headset;Periféricos;2026-02-18;7.0;R$ 152,63
4578;104;   teclado  ;Periféricos;2026-03-14;;R$ 223,24
4579;103;Monitor;Eletrônicos;2026-03-06;8.0;R$ 4171,17
4580;105;Teclado;Periféricos;2026-03-05;4.0;R$ 295,32
4581;102;Suporte Monitor;Móveis;2026-02-21;9.0;R$ 1927,21
4582;101;Monitor;Eletrônicos;2026-02-13;6.0;R$ 3137,02
4583;102;Cabo HDMI;Acessórios;2026-03-10;10.0;R$ 73,11
4584;104;Notebook;Eletrônicos;2026-03-03;3.0;R$ 4663,04
4585;101;Cabo HDMI;;2026-02-20;1.0;R$ 206,97
4586;104;Hub USB;Acessórios;2026-03-19;6.0;R$ 121,94
4587;101;Smartphone;Eletrônicos;2026-03-28;5.0;R$ 4814,79
4588;103;Mouse;Periféricos;2026-03-11;3.0;R$ 291,04
4589;105;Filtro de Linha;Acessórios;2026-01-16;4.0;R$ 72,09
4590;104;Notebook;Eletrônicos;2026-03-15;1.0;R$ 3747,83
4591;101;   cabo hdmi  ;;2026-01-22;5.0;R$ 20,31
4592;103;Teclado;Periféricos;2026-02-14;5.0;R$ 100,92
4593;104;Mesa de Escritório;Móveis;2026-02-22;6.0;R$ 433,92
4594;104;Cadeira Gamer;Móveis;2026-01-14;1.0;R$ 645,32
4595;105;Hub USB;Acessórios;2026-02-20;9.0;R$ 182,87
4596;103;Câmera;Eletrônicos;2026-02-11;3.0;R$ 5322,63
4597;102;Mouse;Periféricos;2026-01-13;;R$ 260,42
4598;102;Carregador;Acessórios;2026-03-09;5.0;R$ 232,31
4599;102;Suporte Monitor;Móveis;2026-03-15;9.0;R$ 1242,89
4600;103;Tablet;Eletrônicos;2026-02-15;3.0;R$ 2030,59
4601;105;Filtro de Linha;Acessórios;2026-03-26;9.0;R$ 89,66
4602;104;Cabo HDMI;Acessórios;2026-01-02;10.0;R$ 208,86
4603;105;Webcam;Periféricos;2026-03-08;2.0;R$ 145,16
4604;104;Suporte Monitor;Móveis;2026-03-16;1.0;R$ 2428,52
4605;101;Tablet;Eletrônicos;2026-03-12;8.0;R$ 3449,64
4606;105;   mesa de escritório  ;Móveis;2026-02-22;6.0;R$ 2262,92
4607;102;Mesa de Escritório;;2026-02-09;1.0;R$ 1876,79
4608;104;Mouse;Periféricos;2026-03-08;10.0;R$ 128,5
4609;105;Suporte Monitor;Móveis;2026-03-01;8.0;R$ 760,4
4610;102;Câmera;Eletrônicos;2026-01-26;2.0;R$ 1657,69
4611;105;Tablet;Eletrônicos;2026-02-09;8.0;R$ 5380,98
4612;104;Smartphone;Eletrônicos;2026-01-12;1.0;R$ 2886,56
4613;104;Mousepad;Periféricos;2026-03-07;3.0;R$ 166,45
4614;102;   mousepad  ;Periféricos;2026-02-15;3.0;R$ 21,09
4615;104;Smartphone;Eletrônicos;2026-03-20;4.0;R$ 2872,37
4616;102;   webcam  ;Periféricos;2026-03-20;7.0;R$ 295,81
4617;105;Suporte Monitor;Móveis;2026-02-09;2.0;R$ 2206,0
4618;105;Gaveteiro;Móveis;2026-03-19;3.0;R$ 1460,08
4619;101;Hub USB;Acessórios;2026-01-11;10.0;R$ 258,75
4620;105;Cabo HDMI;Acessórios;2026-02-21;6.0;R$ 262,41
4621;104;   mouse  ;Periféricos;2026-03-07;5.0;R$ 289,7
4622;104;Smartphone;Eletrônicos;2026-02-12;1.0;R$ 1469,74
4623;102;Capa Protetora;Acessórios;2026-02-10;10.0;R$ 274,47
4624;104;   notebook  ;Eletrônicos;2026-02-04;3.0;R$ 5228,8
4625;104;Mouse;Periféricos;2026-03-23;1.0;R$ 129,2
4626;105;Teclado;Periféricos;2026-03-18;8.0;R$ 229,12
4627;104;Gaveteiro;Móveis;2026-01-06;7.0;R$ 2303,82
4628;101;Mesa de Escritório;Móveis;2026-03-09;4.0;R$ 1485,93
4629;104;Microfone;Periféricos;2026-01-10;5.0;R$ 102,86
4630;105;Hub USB;Acessórios;2026-02-22;10.0;R$ 340,5
4631;103;Webcam;Periféricos;2026-02-01;10.0;R$ 332,79
4632;101;Gaveteiro;Móveis;2026-01-22;;R$ 1461,47
4633;101;Headset;Periféricos;2026-01-21;2.0;R$ 280,8
4634;104;Mouse;Periféricos;2026-02-12;10.0;R$ 54,79
4635;101;   carregador  ;Acessórios;2026-03-15;7.0;R$ 282,75
4636;103;Headset;Periféricos;2026-01-25;2.0;R$ 20,33
4637;104;   gaveteiro  ;Móveis;2026-02-14;7.0;R$ 1098,06
4638;104;   hub usb  ;Acessórios;2026-01-25;1.0;R$ 131,4
4639;102;   teclado  ;Periféricos;2026-01-20;5.0;R$ 314,1
4640;104;Smartphone;Eletrônicos;2026-01-27;7.0;R$ 5268,63
4641;102;Tablet;Eletrônicos;2026-01-25;5.0;R$ 1575,1
4642;101;Filtro de Linha;Acessórios;2026-03-07;1.0;R$ 328,4
4643;101;Cabo HDMI;Acessórios;2026-01-14;7.0;R$ 60,18
4644;104;Tablet;Eletrônicos;2026-03-02;5.0;R$ 1356,54
4645;104;Capa Protetora;Acessórios;2026-02-22;4.0;R$ 54,29
4646;105;   cabo hdmi  ;Acessórios;2026-03-15;5.0;R$ 223,24
4647;105;Mouse;Periféricos;2026-03-22;8.0;R$ 198,55
4648;105;Headset;Periféricos;2026-01-15;6.0;R$ 225,17
4649;104;Mousepad;Periféricos;2026-02-17;3.0;R$ 329,81
4650;105;   cabo hdmi  ;Acessórios;2026-02-09;8.0;R$ 288,74
4651;102;Mousepad;Periféricos;2026-02-28;;R$ 259,85
4652;105;Tablet;Eletrônicos;2026-01-18;3.0;R$ 5059,58
4653;103;Câmera;Eletrônicos;2026-01-15;2.0;R$ 2774,66
4654;102;   microfone  ;Periféricos;2026-01-12;10.0;R$ 154,74
4655;102;Câmera;Eletrônicos;2026-03-03;6.0;R$ 1299,18
4656;105;Notebook;Eletrônicos;2026-02-15;10.0;R$ 1026,35
4657;101;Cadeira Gamer;Móveis;2026-02-04;10.0;R$ 1973,29
4658;105;Câmera;Eletrônicos;2026-03-03;10.0;R$ 5393,77
4659;101;Smart TV;Eletrônicos;2026-03-28;;R$ 5298,91
4660;101;Suporte Monitor;Móveis;2026-01-14;7.0;R$ 2216,39
4661;102;Mesa de Escritório;Móveis;2026-01-14;8.0;R$ 410,34
4662;103;Headset;Periféricos;2026-03-01;5.0;R$ 225,62
4663;103;Filtro de Linha;Acessórios;2026-02-01;1.0;R$ 96,06
4664;105;Cabo HDMI;Acessórios;2026-02-12;10.0;R$ 204,27
4665;105;Gaveteiro;Móveis;2026-02-09;2.0;R$ 1642,05
4666;102;Headset;Periféricos;2026-01-20;;R$ 32,51
4667;102;Headset;Periféricos;2026-03-27;3.0;R$ 344,49
4668;104;Smart TV;Eletrônicos;2026-02-19;5.0;R$ 4796,57
4669;103;Suporte Monitor;Móveis;2026-01-23;5.0;R$ 863,35
4670;101;Notebook;Eletrônicos;2026-02-21;6.0;R$ 3043,25
4671;103;Monitor;Eletrônicos;2026-03-18;6.0;R$ 5418,55
4672;102;Hub USB;Acessórios;2026-01-17;4.0;R$ 221,23
4673;103;Microfone;Periféricos;2026-03-08;3.0;R$ 111,99
4674;105;Gaveteiro;;2026-03-14;6.0;R$ 2374,91
4675;102;Cadeira Gamer;Móveis;2026-01-14;5.0;R$ 2184,71
4676;103;Webcam;Periféricos;2026-02-02;8.0;R$ 303,11
4677;103;Filtro de Linha;Acessórios;2026-03-07;8.0;R$ 27,69
4678;103;Filtro de Linha;Acessórios;2026-02-01;9.0;R$ 39,96
4679;104;   teclado  ;Periféricos;2026-03-22;2.0;R$ 340,75
4680;101;Mesa de Escritório;Móveis;2026-01-21;8.0;R$ 1943,98
4681;101;Gaveteiro;Móveis;2026-02-11;7.0;R$ 2172,6
4682;104;Monitor;;2026-02-19;;R$ 3324,5
4683;103;Webcam;Periféricos;2026-01-18;10.0;R$ 201,75
4684;102;Hub USB;Acessórios;2026-02-23;6.0;R$ 298,86
4685;103;   suporte monitor  ;Móveis;2026-01-06;6.0;R$ 2338,88
4686;102;Gaveteiro;Móveis;2026-02-22;5.0;R$ 2059,96
4687;101;Webcam;Periféricos;2026-01-15;2.0;R$ 204,47
4688;104;Webcam;Periféricos;2026-03-09;6.0;R$ 44,5
4689;105;Webcam;Periféricos;2026-01-03;7.0;R$ 68,08
4690;103;Mousepad;Periféricos;2026-03-12;8.0;R$ 282,35
4691;102;Tablet;Eletrônicos;2026-02-20;6.0;R$ 3861,3
4692;101;Capa Protetora;Acessórios;2026-02-03;3.0;R$ 90,7
4693;101;Cabo HDMI;Acessórios;2026-03-03;;R$ 311,85
4694;102;Microfone;;2026-02-01;4.0;R$ 277,39
4695;105;Suporte Monitor;Móveis;2026-02-07;8.0;R$ 595,53
4696;104;Carregador;Acessórios;2026-01-28;9.0;R$ 277,84
4697;101;Tablet;Eletrônicos;2026-01-17;;R$ 4082,61
4698;104;Gaveteiro;Móveis;2026-03-23;5.0;R$ 688,47
4699;101;   hub usb  ;Acessórios;2026-02-06;10.0;R$ 50,19
4700;102;Hub USB;Acessórios;2026-03-23;;R$ 122,03
4701;101;Mouse;Periféricos;2026-02-17;2.0;R$ 167,76
4702;102;Hub USB;Acessórios;2026-03-18;;R$ 50,32
4703;101;Filtro de Linha;Acessórios;2026-01-28;5.0;R$ 58,4
4704;104;   smart tv  ;Eletrônicos;2026-03-04;1.0;R$ 3501,54
4705;101;Capa Protetora;Acessórios;2026-03-27;;R$ 270,05
4706;102;   webcam  ;;2026-03-01;2.0;R$ 91,06
4707;105;Smart TV;Eletrônicos;2026-02-01;2.0;R$ 4868,22
4708;102;Cabo HDMI;Acessórios;2026-02-16;3.0;R$ 315,18
4709;101;Smartphone;Eletrônicos;2026-03-27;4.0;R$ 4042,5
4710;102;Cadeira Gamer;Móveis;2026-01-13;3.0;R$ 1226,67
4711;105;Gaveteiro;Móveis;2026-01-16;4.0;R$ 378,09
4712;103;Monitor;Eletrônicos;2026-01-22;3.0;R$ 937,8
4713;105;Headset;Periféricos;2026-01-16;5.0;R$ 50,81
4714;104;Hub USB;Acessórios;2026-01-08;10.0;R$ 36,46
4715;103;Hub USB;Acessórios;2026-01-08;10.0;R$ 53,39
4716;101;Cadeira Gamer;Móveis;2026-02-05;;R$ 1373,91
4717;102;Tablet;Eletrônicos;2026-02-12;1.0;R$ 5335,92
4718;103;Suporte Monitor;Móveis;2026-02-28;;R$ 1714,23
4719;105;Monitor;Eletrônicos;2026-01-06;1.0;R$ 1246,13
4720;105;Smartphone;Eletrônicos;2026-03-01;10.0;R$ 1326,83
4721;103;Câmera;Eletrônicos;2026-03-06;7.0;R$ 4629,35
4722;103;Cabo HDMI;Acessórios;2026-02-21;3.0;R$ 238,42
4723;103;Microfone;Periféricos;2026-03-22;7.0;R$ 134,11
4724;104;   mouse  ;Periféricos;2026-01-01;5.0;R$ 298,95
4725;101;Mousepad;Periféricos;2026-03-11;4.0;R$ 113,82
4726;102;Cabo HDMI;Acessórios;2026-03-19;8.0;R$ 329,43
4727;105;Suporte Monitor;Móveis;2026-01-18;1.0;R$ 409,43
4728;105;Suporte Monitor;Móveis;2026-02-07;6.0;R$ 1234,4
4729;102;Mesa de Escritório;;2026-02-21;2.0;R$ 383,65
4730;102;Suporte Monitor;Móveis;2026-01-21;9.0;R$ 556,14
4731;102;Mousepad;Periféricos;2026-01-15;;R$ 57,07
4732;103;Headset;Periféricos;2026-02-07;2.0;R$ 82,11
4733;102;Smart TV;;2026-02-10;2.0;R$ 3111,4
4734;104;Tablet;Eletrônicos;2026-03-09;9.0;R$ 1574,2
4735;105;Capa Protetora;Acessórios;2026-03-04;1.0;R$ 271,08
4736;105;Hub USB;Acessórios;2026-02-04;3.0;R$ 288,02
4737;103;Carregador;Acessórios;2026-02-09;8.0;R$ 203,15
4738;105;Suporte Monitor;Móveis;2026-01-24;2.0;R$ 1727,3
4739;105;   headset  ;Periféricos;2026-02-01;10.0;R$ 211,05
4740;105;Suporte Monitor;Móveis;2026-01-09;4.0;R$ 1463,17
4741;101;Teclado;Periféricos;2026-03-28;9.0;R$ 271,21
4742;101;Tablet;Eletrônicos;2026-01-17;4.0;R$ 4603,81
4743;103;Mouse;Periféricos;2026-02-16;4.0;R$ 313,55
4744;102;   cadeira gamer  ;Móveis;2026-01-24;7.0;R$ 1702,16
4745;101;   câmera  ;Eletrônicos;2026-01-11;1.0;R$ 4769,61
4746;103;Hub USB;Acessórios;2026-02-12;5.0;R$ 28,08
4747;103;   webcam  ;Periféricos;2026-02-26;7.0;R$ 175,37
4748;103;Gaveteiro;Móveis;2026-02-14;10.0;R$ 991,82
4749;102;Filtro de Linha;Acessórios;2026-01-23;8.0;R$ 92,09
4750;101;Microfone;Periféricos;2026-03-20;2.0;R$ 208,42
4751;103;Tablet;Eletrônicos;2026-01-22;;R$ 2248,5
4752;102;Webcam;Periféricos;2026-03-15;7.0;R$ 287,52
4753;101;Cadeira Gamer;Móveis;2026-03-04;8.0;R$ 2043,37
4754;104;Mousepad;Periféricos;2026-02-24;4.0;R$ 172,62
4755;105;Mesa de Escritório;Móveis;2026-02-03;4.0;R$ 1057,81
4756;105;Mousepad;Periféricos;2026-01-03;2.0;R$ 264,35
4757;101;Filtro de Linha;Acessórios;2026-02-15;9.0;R$ 178,89
4758;101;Suporte Monitor;Móveis;2026-02-26;7.0;R$ 2215,81
4759;101;Capa Protetora;Acessórios;2026-03-11;10.0;R$ 78,12
4760;101;Mesa de Escritório;Móveis;2026-03-07;1.0;R$ 574,07
4761;101;Hub USB;Acessórios;2026-02-01;;R$ 194,74
4762;101;Câmera;Eletrônicos;2026-01-10;5.0;R$ 5255,62
4763;102;Cabo HDMI;Acessórios;2026-02-07;;R$ 248,52
4764;102;Filtro de Linha;Acessórios;2026-01-09;;R$ 84,4
4765;102;Webcam;Periféricos;2026-03-07;;R$ 265,66
4766;101;Headset;Periféricos;2026-03-04;2.0;R$ 152,61
4767;104;Webcam;Periféricos;2026-03-14;9.0;R$ 287,26
4768;102;Microfone;Periféricos;2026-02-26;;R$ 54,08
4769;105;Headset;Periféricos;2026-03-17;9.0;R$ 102,19
4770;101;Cabo HDMI;Acessórios;2026-03-08;;R$ 186,21
4771;104;Cabo HDMI;Acessórios;2026-01-17;8.0;R$ 122,22
4772;103;   notebook  ;Eletrônicos;2026-02-23;;R$ 1966,45
4773;105;Mousepad;Periféricos;2026-03-21;4.0;R$ 218,57
4774;101;Teclado;Periféricos;2026-02-21;9.0;R$ 51,81
4775;102;Capa Protetora;Acessórios;2026-03-24;3.0;R$ 100,18
4776;103;Cabo HDMI;Acessórios;2026-03-03;6.0;R$ 162,5
4777;102;Mouse;Periféricos;2026-03-13;;R$ 202,34
4778;101;Tablet;Eletrônicos;2026-03-03;3.0;R$ 3438,39
4779;102;Smart TV;Eletrônicos;2026-01-25;7.0;R$ 1402,35
4780;102;Mousepad;Periféricos;2026-03-21;;R$ 160,49
4781;102;Carregador;Acessórios;2026-02-01;7.0;R$ 341,5
4782;101;   mousepad  ;Periféricos;2026-03-19;10.0;R$ 36,25
4783;104;Mesa de Escritório;Móveis;2026-02-13;4.0;R$ 1786,0
4784;101;Suporte Monitor;Móveis;2026-01-11;8.0;R$ 1296,35
4785;102;Suporte Monitor;Móveis;2026-03-08;7.0;R$ 462,16
4786;102;Hub USB;Acessórios;2026-02-18;10.0;R$ 318,31
4787;101;Mesa de Escritório;Móveis;2026-02-09;6.0;R$ 309,56
4788;101;Mouse;Periféricos;2026-02-26;9.0;R$ 77,11
4789;101;Cabo HDMI;Acessórios;2026-03-01;4.0;R$ 164,59
4790;101;Webcam;Periféricos;2026-03-01;5.0;R$ 90,58
4791;105;Smart TV;Eletrônicos;2026-03-13;6.0;R$ 2299,4
4792;101;Cabo HDMI;Acessórios;2026-02-28;9.0;R$ 88,3
4793;105;Cadeira Gamer;Móveis;2026-01-22;8.0;R$ 2047,55
4794;101;Hub USB;Acessórios;2026-02-12;6.0;R$ 125,38
4795;105;Notebook;Eletrônicos;2026-03-22;8.0;R$ 3947,3
4796;103;   gaveteiro  ;;2026-01-17;5.0;R$ 554,76
4797;104;Cabo HDMI;Acessórios;2026-02-26;2.0;R$ 237,8
4798;101;Headset;Periféricos;2026-02-23;6.0;R$ 144,28
4799;103;Teclado;Periféricos;2026-03-27;7.0;R$ 306,05
4800;103;   gaveteiro  ;Móveis;2026-01-13;9.0;R$ 719,18
4801;102;Webcam;Periféricos;2026-03-06;5.0;R$ 220,64
4802;101;Smart TV;Eletrônicos;2026-02-25;;R$ 3232,38
4803;102;Filtro de Linha;Acessórios;2026-02-17;8.0;R$ 105,83
4804;105;Mousepad;Periféricos;2026-03-02;3.0;R$ 72,19
4805;105;Suporte Monitor;Móveis;2026-01-03;3.0;R$ 486,49
4806;103;Capa Protetora;Acessórios;2026-03-20;1.0;R$ 323,5
4807;105;Filtro de Linha;Acessórios;2026-01-02;7.0;R$ 231,41
4808;102;Cabo HDMI;Acessórios;2026-03-22;6.0;R$ 56,02
4809;104;Carregador;Acessórios;2026-02-16;10.0;R$ 139,22
4810;102;Headset;Periféricos;2026-03-13;;R$ 91,98
4811;104;Monitor;;2026-01-27;10.0;R$ 2236,97
4812;105;Suporte Monitor;Móveis;2026-01-18;9.0;R$ 604,14
4813;101;Microfone;Periféricos;2026-02-13;8.0;R$ 108,95
4814;105;Capa Protetora;Acessórios;2026-01-17;8.0;R$ 191,01
4815;103;Smart TV;Eletrônicos;2026-03-08;6.0;R$ 3545,2
4816;101;Suporte Monitor;Móveis;2026-02-15;;R$ 709,77
4817;103;Mousepad;Periféricos;2026-03-14;2.0;R$ 40,1
4818;105;   hub usb  ;Acessórios;2026-01-15;6.0;R$ 343,45
4819;103;Cabo HDMI;Acessórios;2026-01-15;9.0;R$ 75,55
4820;104;Câmera;;2026-01-18;6.0;R$ 3314,22
4821;103;Notebook;Eletrônicos;2026-01-19;10.0;R$ 1812,82
4822;104;   capa protetora  ;Acessórios;2026-02-23;5.0;R$ 275,16
4823;104;Cabo HDMI;Acessórios;2026-03-13;3.0;R$ 154,09
4824;104;   smartphone  ;Eletrônicos;2026-01-26;4.0;R$ 4398,34
4825;101;Teclado;Periféricos;2026-03-26;7.0;R$ 62,84
4826;101;Gaveteiro;Móveis;2026-02-12;5.0;R$ 1547,45
4827;103;Mesa de Escritório;Móveis;2026-02-19;6.0;R$ 931,98
4828;101;Notebook;Eletrônicos;2026-03-06;9.0;R$ 3693,99
4829;101;Câmera;Eletrônicos;2026-03-06;1.0;R$ 2470,15
4830;103;Capa Protetora;Acessórios;2026-02-20;;R$ 217,56
4831;102;Mouse;Periféricos;2026-02-05;5.0;R$ 24,81
4832;104;   suporte monitor  ;Móveis;2026-03-26;3.0;R$ 1316,77
4833;102;Carregador;Acessórios;2026-03-27;10.0;R$ 265,11
4834;103;Capa Protetora;Acessórios;2026-02-05;1.0;R$ 50,91
4835;104;Smartphone;Eletrônicos;2026-03-22;3.0;R$ 4955,9
4836;101;Hub USB;Acessórios;2026-01-01;4.0;R$ 45,68
4837;104;Microfone;Periféricos;2026-01-21;7.0;R$ 141,64
4838;103;Suporte Monitor;Móveis;2026-02-24;2.0;R$ 580,44
4839;105;Gaveteiro;Móveis;2026-02-22;3.0;R$ 1258,31
4840;105;Microfone;Periféricos;2026-03-20;2.0;R$ 314,56
4841;103;Mesa de Escritório;Móveis;2026-02-21;7.0;R$ 575,82
4842;101;Capa Protetora;Acessórios;2026-01-27;4.0;R$ 278,12
4843;103;   monitor  ;Eletrônicos;2026-03-25;5.0;R$ 4440,71
4844;103;Tablet;Eletrônicos;2026-03-18;;R$ 3948,42
4845;103;Hub USB;Acessórios;2026-01-05;;R$ 152,5
4846;101;   gaveteiro  ;;2026-01-21;8.0;R$ 642,18
4847;105;   gaveteiro  ;Móveis;2026-02-08;10.0;R$ 2021,66
4848;101;Suporte Monitor;Móveis;2026-03-01;1.0;R$ 1585,81
4849;101;Cadeira Gamer;Móveis;2026-02-18;8.0;R$ 834,46
4850;101;Monitor;Eletrônicos;2026-02-21;4.0;R$ 5244,29
4851;101;   suporte monitor  ;Móveis;2026-03-12;6.0;R$ 2366,57
4852;105;Gaveteiro;Móveis;2026-02-13;6.0;R$ 1913,12
4853;102;   webcam  ;Periféricos;2026-03-25;;R$ 88,48
4854;105;Gaveteiro;Móveis;2026-03-15;9.0;R$ 2326,49
4855;105;Gaveteiro;Móveis;2026-01-24;9.0;R$ 832,95
4856;101;Hub USB;Acessórios;2026-03-21;10.0;R$ 302,88
4857;101;Hub USB;Acessórios;2026-02-28;7.0;R$ 71,93
4858;101;Teclado;Periféricos;2026-02-04;9.0;R$ 286,39
4859;103;Smart TV;Eletrônicos;2026-03-28;;R$ 3923,3
4860;102;Tablet;Eletrônicos;2026-02-26;10.0;R$ 5082,69
4861;101;   hub usb  ;Acessórios;2026-03-09;8.0;R$ 348,55
4862;103;Cadeira Gamer;Móveis;2026-03-16;4.0;R$ 1697,99
4863;105;Notebook;Eletrônicos;2026-01-06;1.0;R$ 4359,26
4864;101;Capa Protetora;Acessórios;2026-03-09;;R$ 314,76
4865;104;Hub USB;Acessórios;2026-02-03;1.0;R$ 181,28
4866;104;Mesa de Escritório;Móveis;2026-03-23;1.0;R$ 1496,16
4867;102;   câmera  ;Eletrônicos;2026-01-03;7.0;R$ 1176,25
4868;102;Notebook;Eletrônicos;2026-02-10;2.0;R$ 4594,49
4869;102;Smart TV;Eletrônicos;2026-02-01;5.0;R$ 1497,33
4870;102;   teclado  ;;2026-02-13;5.0;R$ 345,21
4871;104;Smartphone;Eletrônicos;2026-02-21;4.0;R$ 3109,79
4872;101;Cadeira Gamer;Móveis;2026-03-04;1.0;R$ 431,92
4873;103;Capa Protetora;Acessórios;2026-03-24;1.0;R$ 259,72
4874;104;Gaveteiro;Móveis;2026-03-28;7.0;R$ 1928,44
4875;104;Monitor;Eletrônicos;2026-03-08;7.0;R$ 3753,63
4876;103;Capa Protetora;Acessórios;2026-01-27;1.0;R$ 290,05
4877;102;   capa protetora  ;;2026-02-18;7.0;R$ 123,78
4878;103;Teclado;Periféricos;2026-02-07;1.0;R$ 107,03
4879;101;Notebook;Eletrônicos;2026-01-13;8.0;R$ 2442,72
4880;105;Hub USB;Acessórios;2026-03-03;7.0;R$ 89,57
4881;102;Mouse;Periféricos;2026-01-27;;R$ 187,3
4882;104;Microfone;Periféricos;2026-01-28;1.0;R$ 199,55
4883;103;Smart TV;Eletrônicos;2026-03-17;;R$ 4938,55
4884;101;Suporte Monitor;Móveis;2026-03-08;1.0;R$ 1175,18
4885;104;Mouse;Periféricos;2026-01-05;8.0;R$ 55,32
4886;101;Carregador;Acessórios;2026-02-08;6.0;R$ 62,47
4887;104;Notebook;Eletrônicos;2026-01-15;1.0;R$ 5199,18
4888;104;Cadeira Gamer;Móveis;2026-02-16;4.0;R$ 1069,82
4889;103;Microfone;Periféricos;2026-02-10;3.0;R$ 133,12
4890;105;   carregador  ;Acessórios;2026-01-22;10.0;R$ 143,4
4891;102;Microfone;;2026-02-24;1.0;R$ 52,95
4892;101;Cabo HDMI;Acessórios;2026-02-21;2.0;R$ 224,93
4893;102;Teclado;Periféricos;2026-01-21;5.0;R$ 180,93
4894;101;Tablet;Eletrônicos;2026-03-21;10.0;R$ 5390,33
4895;102;Cadeira Gamer;Móveis;2026-02-05;10.0;R$ 1803,67
4896;105;Tablet;Eletrônicos;2026-03-23;7.0;R$ 2668,74
4897;105;Tablet;Eletrônicos;2026-01-21;9.0;R$ 1812,69
4898;104;Headset;Periféricos;2026-02-17;1.0;R$ 248,49
4899;102;   gaveteiro  ;Móveis;2026-01-10;5.0;R$ 507,01
4900;105;Hub USB;Acessórios;2026-01-01;10.0;R$ 154,34
4901;102;Capa Protetora;Acessórios;2026-01-24;;R$ 192,42
4902;105;Cadeira Gamer;Móveis;2026-02-22;3.0;R$ 1532,33
4903;105;Mousepad;Periféricos;2026-01-15;8.0;R$ 318,91
4904;105;Monitor;Eletrônicos;2026-03-25;9.0;R$ 5084,22
4905;103;Smart TV;Eletrônicos;2026-02-28;5.0;R$ 2027,8
4906;102;Gaveteiro;Móveis;2026-03-13;9.0;R$ 2056,21
4907;101;Hub USB;Acessórios;2026-01-15;2.0;R$ 101,69
4908;103;Gaveteiro;Móveis;2026-01-23;;R$ 315,63
4909;103;Smartphone;Eletrônicos;2026-02-14;5.0;R$ 3313,0
4910;102;Monitor;Eletrônicos;2026-02-14;1.0;R$ 3128,39
4911;105;Microfone;Periféricos;2026-01-09;6.0;R$ 61,84
4912;101;Cabo HDMI;Acessórios;2026-03-07;6.0;R$ 286,29
4913;103;   gaveteiro  ;Móveis;2026-01-26;5.0;R$ 517,15
4914;101;Gaveteiro;Móveis;2026-01-19;2.0;R$ 1684,58
4915;103;   suporte monitor  ;Móveis;2026-03-23;1.0;R$ 1783,24
4916;104;   cabo hdmi  ;Acessórios;2026-02-13;9.0;R$ 348,55
4917;105;Câmera;Eletrônicos;2026-02-10;5.0;R$ 3091,03
4918;101;Mouse;Periféricos;2026-03-20;3.0;R$ 74,97
4919;101;Hub USB;Acessórios;2026-03-24;5.0;R$ 30,87
4920;103;Mousepad;;2026-03-11;9.0;R$ 169,38
4921;105;Hub USB;;2026-02-06;;R$ 34,44
4922;101;Smart TV;;2026-03-17;1.0;R$ 832,56
4923;104;Webcam;Periféricos;2026-02-28;9.0;R$ 262,93
4924;102;Monitor;Eletrônicos;2026-01-15;2.0;R$ 1088,65
4925;105;   teclado  ;Periféricos;2026-01-28;10.0;R$ 174,23
4926;103;Tablet;;2026-03-03;;R$ 5463,03
4927;102;Filtro de Linha;Acessórios;2026-03-22;3.0;R$ 294,5
4928;102;Filtro de Linha;Acessórios;2026-02-18;4.0;R$ 121,1
4929;105;Hub USB;Acessórios;2026-03-11;;R$ 220,97
4930;102;Headset;Periféricos;2026-02-28;9.0;R$ 186,37
4931;102;Gaveteiro;Móveis;2026-03-07;;R$ 2095,29
4932;101;Suporte Monitor;Móveis;2026-03-16;6.0;R$ 757,5
4933;103;Câmera;Eletrônicos;2026-03-10;2.0;R$ 2814,4
4934;101;Mousepad;Periféricos;2026-03-25;9.0;R$ 223,0
4935;103;Notebook;Eletrônicos;2026-03-20;2.0;R$ 3024,07
4936;103;Hub USB;Acessórios;2026-03-09;1.0;R$ 297,75
4937;105;   hub usb  ;Acessórios;2026-03-18;1.0;R$ 343,42
4938;101;Tablet;Eletrônicos;2026-02-26;1.0;R$ 1177,57
4939;103;Hub USB;Acessórios;2026-03-05;10.0;R$ 62,52
4940;103;   capa protetora  ;Acessórios;2026-01-23;9.0;R$ 108,62
4941;103;Monitor;Eletrônicos;2026-01-13;3.0;R$ 2084,03
4942;103;Cabo HDMI;Acessórios;2026-01-05;6.0;R$ 58,31
4943;102;Suporte Monitor;Móveis;2026-02-02;10.0;R$ 2365,26
4944;102;Gaveteiro;Móveis;2026-02-10;8.0;R$ 1149,95
4945;105;Headset;Periféricos;2026-02-05;9.0;R$ 219,06
4946;101;Câmera;Eletrônicos;2026-03-27;7.0;R$ 1974,28
4947;101;Tablet;Eletrônicos;2026-01-02;;R$ 1537,38
4948;103;Filtro de Linha;Acessórios;2026-01-25;7.0;R$ 347,58
4949;104;Hub USB;Acessórios;2026-02-12;6.0;R$ 134,53
4950;104;Cadeira Gamer;Móveis;2026-03-14;7.0;R$ 888,22
4951;104;Gaveteiro;Móveis;2026-01-08;1.0;R$ 412,8
4952;103;Mesa de Escritório;Móveis;2026-01-10;8.0;R$ 1667,75
4953;105;   suporte monitor  ;Móveis;2026-02-01;5.0;R$ 2100,17
4954;104;   teclado  ;Periféricos;2026-02-02;7.0;R$ 219,11
4955;101;Cabo HDMI;Acessórios;2026-01-18;8.0;R$ 302,32
4956;103;Teclado;Periféricos;2026-03-17;2.0;R$ 239,51
4957;101;Carregador;Acessórios;2026-03-03;2.0;R$ 191,53
4958;104;Mesa de Escritório;Móveis;2026-02-02;5.0;R$ 1500,11
4959;105;Mousepad;Periféricos;2026-01-09;4.0;R$ 245,87
4960;105;Microfone;Periféricos;2026-02-25;8.0;R$ 148,84
4961;105;Cabo HDMI;Acessórios;2026-02-21;2.0;R$ 251,2
4962;103;Cadeira Gamer;Móveis;2026-03-10;4.0;R$ 478,85
4963;101;Capa Protetora;Acessórios;2026-03-02;1.0;R$ 303,65
4964;101;Suporte Monitor;Móveis;2026-03-28;8.0;R$ 958,22
4965;103;Suporte Monitor;Móveis;2026-03-25;8.0;R$ 1231,61
4966;102;   capa protetora  ;Acessórios;2026-01-08;1.0;R$ 183,68
4967;105;Headset;Periféricos;2026-03-10;2.0;R$ 76,45
4968;105;Teclado;Periféricos;2026-01-26;;R$ 248,7
4969;103;Cabo HDMI;Acessórios;2026-01-25;7.0;R$ 347,96
4970;103;   tablet  ;Eletrônicos;2026-03-05;9.0;R$ 4661,6
4971;102;Smartphone;;2026-02-21;1.0;R$ 1409,64
4972;104;Filtro de Linha;;2026-02-09;4.0;R$ 88,52
4973;104;Teclado;Periféricos;2026-03-12;7.0;R$ 111,65
4974;105;Cabo HDMI;Acessórios;2026-01-11;3.0;R$ 51,23
4975;102;Cadeira Gamer;Móveis;2026-02-05;4.0;R$ 1770,81
4976;103;Mesa de Escritório;Móveis;2026-02-02;3.0;R$ 2108,28
4977;102;Headset;;2026-01-11;6.0;R$ 284,91
4978;101;   monitor  ;Eletrônicos;2026-03-01;1.0;R$ 2051,81
4979;103;Teclado;Periféricos;2026-02-02;9.0;R$ 182,3
4980;102;Headset;Periféricos;2026-02-12;7.0;R$ 99,15
4981;102;   mesa de escritório  ;Móveis;2026-03-19;8.0;R$ 953,59
4982;103;Gaveteiro;Móveis;2026-03-07;;R$ 2296,37
4983;102;Carregador;Acessórios;2026-01-19;5.0;R$ 23,31
4984;101;Hub USB;Acessórios;2026-01-11;7.0;R$ 244,2
4985;105;Câmera;Eletrônicos;2026-02-11;9.0;R$ 5186,57
4986;102;Teclado;Periféricos;2026-01-10;3.0;R$ 33,9
4987;101;Notebook;Eletrônicos;2026-02-28;10.0;R$ 3005,86
4988;102;   cadeira gamer  ;Móveis;2026-03-26;2.0;R$ 2159,29
4989;102;Cabo HDMI;Acessórios;2026-01-27;3.0;R$ 91,38
4990;101;   cadeira gamer  ;Móveis;2026-03-25;3.0;R$ 1699,23
4991;105;   teclado  ;Periféricos;2026-02-08;1.0;R$ 69,06
4992;101;Monitor;Eletrônicos;2026-01-15;9.0;R$ 5209,75
4993;102;Cadeira Gamer;Móveis;2026-03-19;8.0;R$ 1547,78
4994;102;Gaveteiro;Móveis;2026-01-21;8.0;R$ 2494,33
4995;105;Gaveteiro;Móveis;2026-03-16;7.0;R$ 928,93
4996;105;Carregador;;2026-03-12;4.0;R$ 144,07
4997;104;Smart TV;Eletrônicos;2026-01-13;4.0;R$ 5011,78
4998;102;Câmera;Eletrônicos;2026-02-14;8.0;R$ 4745,72
4999;102;Filtro de Linha;Acessórios;2026-03-05;5.0;R$ 126,01
5000;104;   filtro de linha  ;Acessórios;2026-03-24;3.0;R$ 248,1
